episode,player_0_avg_payoff,player_0_rl_loss,player_0_sl_loss,player_0_won_pct,player_0_under_pct,player_0_over_pct,player_0_per_beta,player_1_avg_payoff,player_1_rl_loss,player_1_sl_loss,player_1_won_pct,player_1_under_pct,player_1_over_pct,player_1_per_beta,player_2_avg_payoff,player_2_rl_loss,player_2_sl_loss,player_2_won_pct,player_2_under_pct,player_2_over_pct,player_2_per_beta,player_3_avg_payoff,player_3_rl_loss,player_3_sl_loss,player_3_won_pct,player_3_under_pct,player_3_over_pct,player_3_per_beta
500,-0.852,0.3493792414665222,0.18546146154403687,7.4,65.4,27.2,0.4001,-0.832,0.1857966035604477,0.037923406809568405,8.4,63.2,28.4,0.4001,-0.876,0.2833276093006134,0.04450410604476929,6.2,65.0,28.8,0.4001,-0.888,0.3845014274120331,0.0847536101937294,5.6,74.4,20.0,0.4001
1000,-0.888,0.30938100814819336,0.13497360050678253,5.6,78.0,16.4,0.4001,-0.836,0.27864256501197815,0.11609269678592682,8.2,64.4,27.4,0.4001,-0.856,0.4780045747756958,0.14171747863292694,7.2,71.2,21.6,0.4001,-0.904,0.24437493085861206,0.029007187113165855,4.8,77.4,17.8,0.4001
1500,-0.86,0.313822865486145,0.03552902489900589,7.0,75.2,17.8,0.4002,-0.848,0.4152931272983551,0.08139742910861969,7.6,64.8,27.6,0.4002,-0.864,0.3835539221763611,0.0738179087638855,6.8,67.2,26.0,0.4002,-0.908,0.48529329895973206,0.09307922422885895,4.6,73.6,21.8,0.4002
2000,-0.848,0.43819379806518555,0.11627763509750366,7.6,73.8,18.6,0.4002,-0.852,0.4058801531791687,0.06752844154834747,7.4,67.8,24.8,0.4002,-0.848,0.3536858856678009,0.08830255270004272,7.6,66.6,25.8,0.4002,-0.892,0.2549061179161072,0.06527020037174225,5.4,68.6,26.0,0.4002
2500,-0.836,0.41939806938171387,0.016720987856388092,8.2,74.4,17.4,0.4003,-0.836,0.38651981949806213,0.11948598176240921,8.2,63.0,28.8,0.4003,-0.824,0.19845879077911377,0.09432893991470337,8.8,57.8,33.4,0.4003,-0.856,0.4232494831085205,0.0427691787481308,7.2,70.2,22.6,0.4003
3000,-0.876,0.3450356721878052,0.0493798553943634,6.2,70.8,23.0,0.4004,-0.844,0.27329814434051514,0.04066464304924011,7.8,70.4,21.8,0.4004,-0.828,0.24012334644794464,0.03698105365037918,8.6,62.4,29.0,0.4004,-0.876,0.2330552339553833,0.07227932661771774,6.2,70.2,23.6,0.4004
3500,-0.888,0.30441993474960327,0.0678853839635849,5.6,69.6,24.8,0.4004,-0.852,0.41880184412002563,0.051414016634225845,7.4,65.8,26.8,0.4004,-0.844,0.3321625292301178,0.06060280650854111,7.8,66.8,25.4,0.4004,-0.896,0.6930574774742126,0.062342122197151184,5.2,72.2,22.6,0.4004
4000,-0.88,0.14332467317581177,0.04532274976372719,6.0,69.0,25.0,0.4005,-0.856,0.31724801659584045,0.06688182055950165,7.2,69.8,23.0,0.4005,-0.848,0.37021881341934204,0.14259938895702362,7.6,62.4,30.0,0.4005,-0.856,0.23739174008369446,0.0863705649971962,7.2,65.6,27.2,0.4005
4500,-0.904,0.39821794629096985,0.0582248717546463,4.8,72.0,23.2,0.4006,-0.848,0.21971315145492554,0.09867412596940994,7.6,68.4,24.0,0.4006,-0.808,0.2797515392303467,0.04315120354294777,9.6,65.2,25.2,0.4006,-0.864,0.25284045934677124,0.05558554083108902,6.8,67.0,26.2,0.4006
5000,-0.86,0.17295053601264954,0.052369166165590286,7.0,64.4,28.6,0.4006,-0.844,0.4683980345726013,0.0760936588048935,7.8,67.0,25.2,0.4006,-0.868,0.1538255512714386,0.04732910171151161,6.6,69.6,23.8,0.4006,-0.86,0.31698060035705566,0.05239985138177872,7.0,71.4,21.6,0.4006
5500,-0.856,0.17054279148578644,0.03545188531279564,7.2,68.4,24.4,0.4007,-0.828,0.3777046203613281,0.07117009162902832,8.6,66.0,25.4,0.4007,-0.82,0.30100947618484497,0.040535420179367065,9.0,66.2,24.8,0.4007,-0.908,0.2645869255065918,0.03230311721563339,4.6,75.6,19.8,0.4007
6000,-0.872,0.24172887206077576,0.07502759993076324,6.4,70.0,23.6,0.4007,-0.828,0.36459630727767944,0.05671834945678711,8.6,64.8,26.6,0.4007,-0.868,0.2035958170890808,0.04887652397155762,6.6,70.4,23.0,0.4007,-0.82,0.19193635880947113,0.023628052324056625,9.0,69.8,21.2,0.4007
6500,-0.82,0.385824054479599,0.06297034025192261,9.0,65.8,25.2,0.4008,-0.784,0.15217383205890656,0.057434700429439545,10.8,60.2,29.0,0.4008,-0.824,0.27596646547317505,0.03978299722075462,8.8,68.6,22.6,0.4008,-0.872,0.15150873363018036,0.024129539728164673,6.4,69.2,24.4,0.4008
7000,-0.848,0.33570533990859985,0.0485244020819664,7.6,65.0,27.4,0.4009,-0.824,0.2992701232433319,0.06738347560167313,8.8,68.0,23.2,0.4009,-0.836,0.2506725788116455,0.056336864829063416,8.2,70.4,21.4,0.4009,-0.804,0.20586100220680237,0.043358419090509415,9.8,67.4,22.8,0.4009
7500,-0.868,0.1713303178548813,0.047187212854623795,6.6,69.8,23.6,0.4009,-0.852,0.2753683924674988,0.046870581805706024,7.4,69.6,23.0,0.4009,-0.872,0.1490892469882965,0.07398979365825653,6.4,70.6,23.0,0.4009,-0.832,0.14908042550086975,0.08406683802604675,8.4,61.4,30.2,0.4009
8000,-0.792,0.26170989871025085,0.11142414808273315,10.4,67.2,22.4,0.401,-0.848,0.22109872102737427,0.04370703548192978,7.6,67.4,25.0,0.401,-0.844,0.22363556921482086,0.03667869418859482,7.8,71.6,20.6,0.401,-0.832,0.18612152338027954,0.0658043771982193,8.4,66.0,25.6,0.401
8500,-0.848,0.6844455003738403,0.10115981847047806,7.6,68.6,23.8,0.4011,-0.852,0.30441761016845703,0.0629725530743599,7.4,68.6,24.0,0.4011,-0.856,0.2636427879333496,0.04628888517618179,7.2,70.0,22.8,0.4011,-0.848,0.30427414178848267,0.06956204026937485,7.6,69.2,23.2,0.4011
9000,-0.86,0.44692373275756836,0.04698697850108147,7.0,69.8,23.2,0.4011,-0.832,0.27209728956222534,0.05263177677989006,8.4,70.2,21.4,0.4011,-0.82,0.17532263696193695,0.03403257578611374,9.0,69.8,21.2,0.4011,-0.848,0.34136298298835754,0.057369839400053024,7.6,68.6,23.8,0.4011
9500,-0.868,0.15667739510536194,0.010279683396220207,6.6,68.6,24.8,0.4012,-0.84,0.5242802500724792,0.07636931538581848,8.0,68.0,24.0,0.4012,-0.852,0.19599387049674988,0.05384967476129532,7.4,68.0,24.6,0.4012,-0.856,0.20000417530536652,0.020185422152280807,7.2,66.0,26.8,0.4012
10000,-0.848,0.21472159028053284,0.0484616793692112,7.6,71.4,21.0,0.4012,-0.84,0.1457514464855194,0.04575474560260773,8.0,68.4,23.6,0.4012,-0.796,0.1771533191204071,0.05172159522771835,10.2,63.4,26.4,0.4012,-0.872,0.2929384410381317,0.05403272435069084,6.4,68.0,25.6,0.4012
10500,-0.828,0.2839329242706299,0.11334812641143799,8.6,66.8,24.6,0.4013,-0.8,0.2908638119697571,0.028523432090878487,10.0,63.4,26.6,0.4013,-0.852,0.15558341145515442,0.02961825579404831,7.4,70.4,22.2,0.4013,-0.868,0.14113447070121765,0.06439413130283356,6.6,68.2,25.2,0.4013
11000,-0.864,0.1937658041715622,0.06421560049057007,6.8,66.6,26.6,0.4014,-0.868,0.27632737159729004,0.04117000475525856,6.6,64.4,29.0,0.4014,-0.844,0.18546247482299805,0.021280977874994278,7.8,68.4,23.8,0.4014,-0.864,0.1712629199028015,0.04206700995564461,6.8,65.6,27.6,0.4014
11500,-0.868,0.20419025421142578,0.06405241787433624,6.6,71.4,22.0,0.4014,-0.828,0.32817891240119934,0.05237840861082077,8.6,65.0,26.4,0.4014,-0.84,0.22999495267868042,0.04985218867659569,8.0,64.0,28.0,0.4014,-0.844,0.48136311769485474,0.014429586939513683,7.8,66.4,25.8,0.4014
12000,-0.844,0.215976744890213,0.029848892241716385,7.8,65.4,26.8,0.4015,-0.868,0.22665974497795105,0.05252918601036072,6.6,67.0,26.4,0.4015,-0.836,0.12590578198432922,0.09226897358894348,8.2,62.0,29.8,0.4015,-0.848,0.15155059099197388,0.038187265396118164,7.6,70.4,22.0,0.4015
12500,-0.884,0.14019499719142914,0.06228477507829666,5.8,65.4,28.8,0.4016,-0.816,0.22419792413711548,0.04868160933256149,9.2,67.4,23.4,0.4016,-0.864,0.15289412438869476,0.03424142301082611,6.8,68.6,24.6,0.4016,-0.86,0.1730695515871048,0.03949417173862457,7.0,66.8,26.2,0.4016
13000,-0.808,0.35722285509109497,0.08843231201171875,9.6,64.6,25.8,0.4016,-0.848,0.34627750515937805,0.09026260673999786,7.6,65.8,26.6,0.4016,-0.848,0.1475975513458252,0.0578467920422554,7.6,69.8,22.6,0.4016,-0.872,0.10763628035783768,0.04633212834596634,6.4,66.8,26.8,0.4016
13500,-0.76,0.36276528239250183,0.051644448190927505,12.0,63.0,25.0,0.4017,-0.832,0.26316139101982117,0.04089880734682083,8.4,63.2,28.4,0.4017,-0.9,0.37823933362960815,0.04649258404970169,5.0,71.6,23.4,0.4017,-0.88,0.199785053730011,0.026019681245088577,6.0,66.6,27.4,0.4017
14000,-0.836,0.3210110664367676,0.0480770580470562,8.2,62.4,29.4,0.4017,-0.856,0.22473061084747314,0.04664590209722519,7.2,61.8,31.0,0.4017,-0.84,0.16600634157657623,0.04113563522696495,8.0,63.4,28.6,0.4017,-0.896,0.18502181768417358,0.03817727416753769,5.2,65.8,29.0,0.4017
14500,-0.832,0.17383453249931335,0.0526442676782608,8.4,64.6,27.0,0.4018,-0.816,0.260867714881897,0.06267362833023071,9.2,62.6,28.2,0.4018,-0.84,0.2429165095090866,0.07243586331605911,8.0,66.2,25.8,0.4018,-0.868,0.22363115847110748,0.02040056884288788,6.6,69.8,23.6,0.4018
15000,-0.844,0.3036099970340729,0.05498720705509186,7.8,64.4,27.8,0.4019,-0.828,0.2571691870689392,0.025534596294164658,8.6,64.6,26.8,0.4019,-0.888,0.22395235300064087,0.044087380170822144,5.6,69.2,25.2,0.4019,-0.864,0.32731109857559204,0.03666592016816139,6.8,66.0,27.2,0.4019
15500,-0.864,0.4002286195755005,0.050635926425457,6.8,69.4,23.8,0.4019,-0.844,0.27499109506607056,0.05739792436361313,7.8,66.2,26.0,0.4019,-0.832,0.39024075865745544,0.08401563763618469,8.4,67.2,24.4,0.4019,-0.844,0.32087013125419617,0.10053206980228424,7.8,65.2,27.0,0.4019
16000,-0.856,0.496978223323822,0.039919935166835785,7.2,67.0,25.8,0.402,-0.88,0.24995973706245422,0.11022534966468811,6.0,66.0,28.0,0.402,-0.852,0.31591078639030457,0.04166625440120697,7.4,67.4,25.2,0.402,-0.848,0.6149353384971619,0.08575992286205292,7.6,64.6,27.8,0.402
16500,-0.808,0.6409238576889038,0.05835523456335068,9.6,66.8,23.6,0.4021,-0.88,0.2891574800014496,0.0674755871295929,6.0,61.8,32.2,0.4021,-0.824,0.36758726835250854,0.03352701663970947,8.8,65.8,25.4,0.4021,-0.848,0.3506309390068054,0.032469138503074646,7.6,67.4,25.0,0.4021
17000,-0.844,0.4060122072696686,0.043915390968322754,7.8,65.0,27.2,0.4021,-0.828,0.40648353099823,0.07504218816757202,8.6,62.2,29.2,0.4021,-0.848,0.30456408858299255,0.05066799372434616,7.6,64.0,28.4,0.4021,-0.896,0.2651274800300598,0.010256722569465637,5.2,67.0,27.8,0.4021
17500,-0.84,0.4295205771923065,0.04471377283334732,8.0,65.2,26.8,0.4022,-0.84,0.4015437960624695,0.017346464097499847,8.0,61.2,30.8,0.4022,-0.868,0.23861965537071228,0.08408523350954056,6.6,61.4,32.0,0.4022,-0.852,0.22598296403884888,0.027690209448337555,7.4,61.6,31.0,0.4022
18000,-0.812,0.6061644554138184,0.045482128858566284,9.4,64.0,26.6,0.4022,-0.864,0.19882330298423767,0.026446521282196045,6.8,61.6,31.6,0.4022,-0.836,0.3710881471633911,0.049471136182546616,8.2,60.6,31.2,0.4022,-0.876,0.23091404139995575,0.07003048062324524,6.2,65.2,28.6,0.4022
18500,-0.864,0.08863801509141922,0.04506640508770943,6.8,68.4,24.8,0.4023,-0.836,0.2343437373638153,0.06350687146186829,8.2,64.0,27.8,0.4023,-0.832,0.22187383472919464,0.05956748500466347,8.4,61.6,30.0,0.4023,-0.868,0.3031616508960724,0.08456840366125107,6.6,63.8,29.6,0.4023
19000,-0.832,0.29497280716896057,0.04990039020776749,8.4,64.0,27.6,0.4024,-0.816,0.5064029693603516,0.05557156354188919,9.2,61.8,29.0,0.4024,-0.856,0.37282413244247437,0.03825601935386658,7.2,65.2,27.6,0.4024,-0.864,0.23687593638896942,0.05937870591878891,6.8,64.2,29.0,0.4024
19500,-0.856,0.3452225923538208,0.02014783024787903,7.2,66.6,26.2,0.4024,-0.84,0.11540229618549347,0.043721385300159454,8.0,65.2,26.8,0.4024,-0.84,0.2993720769882202,0.07415077090263367,8.0,59.4,32.6,0.4024,-0.86,0.17932838201522827,0.047284774482250214,7.0,65.0,28.0,0.4024
20000,-0.812,0.28048792481422424,0.04417604207992554,9.4,62.2,28.4,0.4025,-0.852,0.33217716217041016,0.06360602378845215,7.4,60.6,32.0,0.4025,-0.872,0.2762940526008606,0.018863912671804428,6.4,62.4,31.2,0.4025,-0.832,0.28163182735443115,0.03590221330523491,8.4,65.0,26.6,0.4025
20500,-0.824,0.2774876356124878,0.034409049898386,8.8,63.2,28.0,0.4026,-0.836,0.6667987108230591,0.03991786390542984,8.2,60.6,31.2,0.4026,-0.856,0.29229414463043213,0.11679816246032715,7.2,58.4,34.4,0.4026,-0.856,0.11846572905778885,0.0634080171585083,7.2,68.6,24.2,0.4026
21000,-0.848,0.4099830090999603,0.08456255495548248,7.6,65.8,26.6,0.4026,-0.86,0.12893003225326538,0.035209670662879944,7.0,60.2,32.8,0.4026,-0.836,0.23687678575515747,0.042367689311504364,8.2,62.0,29.8,0.4026,-0.804,0.12936854362487793,0.0799909383058548,9.8,60.4,29.8,0.4026
21500,-0.84,0.3988434076309204,0.035351067781448364,8.0,62.4,29.6,0.4027,-0.852,0.3705997169017792,0.0715501606464386,7.4,62.4,30.2,0.4027,-0.864,0.3441048860549927,0.07533154636621475,6.8,61.0,32.2,0.4027,-0.84,0.13123714923858643,0.06258226931095123,8.0,61.0,31.0,0.4027
22000,-0.896,0.2276412546634674,0.05842010676860809,5.2,68.2,26.6,0.4027,-0.848,0.2775023877620697,0.0983724445104599,7.6,61.0,31.4,0.4027,-0.828,0.21225585043430328,0.025061320513486862,8.6,60.4,31.0,0.4027,-0.856,0.5900598764419556,0.05970665439963341,7.2,62.8,30.0,0.4027
22500,-0.82,0.2398809790611267,0.07860466837882996,9.0,61.0,30.0,0.4028,-0.852,0.17018036544322968,0.057059429585933685,7.4,60.2,32.4,0.4028,-0.884,0.188750758767128,0.050051551312208176,5.8,63.2,31.0,0.4028,-0.84,0.24699744582176208,0.06110671907663345,8.0,62.4,29.6,0.4028
23000,-0.828,0.2602672576904297,0.06008516252040863,8.6,67.2,24.2,0.4029,-0.86,0.3350907266139984,0.10065288096666336,7.0,61.6,31.4,0.4029,-0.812,0.2874823808670044,0.03832569718360901,9.4,59.6,31.0,0.4029,-0.852,0.6828876733779907,0.0478476919233799,7.4,64.2,28.4,0.4029
23500,-0.876,0.23072926700115204,0.07765509188175201,6.2,62.6,31.2,0.4029,-0.852,0.3978769779205322,0.07961757481098175,7.4,64.0,28.6,0.4029,-0.852,0.7216693758964539,0.035614147782325745,7.4,61.0,31.6,0.4029,-0.856,0.27395159006118774,0.06754961609840393,7.2,62.8,30.0,0.4029
24000,-0.816,0.29327428340911865,0.025852203369140625,9.2,65.8,25.0,0.403,-0.872,0.41648179292678833,0.05971429497003555,6.4,61.8,31.8,0.403,-0.804,0.26528698205947876,0.03298875689506531,9.8,58.4,31.8,0.403,-0.84,0.3262481689453125,0.052498843520879745,8.0,60.4,31.6,0.403
24500,-0.884,0.149999737739563,0.03706538677215576,5.8,68.6,25.6,0.4031,-0.832,0.547212541103363,0.08781307190656662,8.4,57.6,34.0,0.4031,-0.86,0.2262384593486786,0.04012192785739899,7.0,59.0,34.0,0.4031,-0.856,0.2506777048110962,0.08587992191314697,7.2,62.8,30.0,0.4031
25000,-0.836,0.1935587227344513,0.04945772513747215,8.2,64.2,27.6,0.4031,-0.852,0.5094384551048279,0.08673663437366486,7.4,62.8,29.8,0.4031,-0.86,0.21960166096687317,0.03075067698955536,7.0,59.4,33.6,0.4031,-0.864,0.3259563148021698,0.0621894896030426,6.8,60.6,32.6,0.4031
25500,-0.872,0.75738126039505,0.027428466826677322,6.4,62.6,31.0,0.4032,-0.844,0.27307790517807007,0.049273669719696045,7.8,61.0,31.2,0.4032,-0.892,0.26523613929748535,0.08602875471115112,5.4,63.8,30.8,0.4032,-0.832,0.3882233798503876,0.07125826925039291,8.4,62.6,29.0,0.4032
26000,-0.84,0.32645076513290405,0.03343251347541809,8.0,65.2,26.8,0.4032,-0.864,0.3466554582118988,0.049207985401153564,6.8,56.8,36.4,0.4032,-0.848,1.106689214706421,0.09278601408004761,7.6,60.6,31.8,0.4032,-0.896,0.624840497970581,0.0796898603439331,5.2,63.4,31.4,0.4032
26500,-0.82,0.5831493139266968,0.07959850132465363,9.0,63.8,27.2,0.4033,-0.86,0.46714600920677185,0.077427439391613,7.0,58.2,34.8,0.4033,-0.848,0.40343427658081055,0.08578145503997803,7.6,59.4,33.0,0.4033,-0.816,0.47299203276634216,0.017567727714776993,9.2,59.6,31.2,0.4033
27000,-0.824,0.5141017436981201,0.02438107691705227,8.8,61.2,30.0,0.4034,-0.832,0.44599243998527527,0.0685219019651413,8.4,59.2,32.4,0.4034,-0.84,0.6085330843925476,0.09225401282310486,8.0,61.2,30.8,0.4034,-0.848,0.461193323135376,0.04943898320198059,7.6,62.8,29.6,0.4034
27500,-0.788,0.6556423902511597,0.04798820614814758,10.6,61.4,28.0,0.4034,-0.864,0.4212188720703125,0.05517207086086273,6.8,63.2,30.0,0.4034,-0.84,0.4992942214012146,0.032327063381671906,8.0,59.8,32.2,0.4034,-0.892,0.7686384320259094,0.040479063987731934,5.4,65.0,29.6,0.4034
28000,-0.852,0.4733806252479553,0.053509823977947235,7.4,65.2,27.4,0.4035,-0.808,0.3246735632419586,0.06460891664028168,9.6,62.2,28.2,0.4035,-0.864,0.567409873008728,0.05159327760338783,6.8,59.2,34.0,0.4035,-0.804,0.6513233184814453,0.04578007757663727,9.8,60.8,29.4,0.4035
28500,-0.812,0.6018339395523071,0.06113293766975403,9.4,62.6,28.0,0.4036,-0.872,0.27925562858581543,0.07019071280956268,6.4,57.4,36.2,0.4036,-0.864,0.36168602108955383,0.08362416923046112,6.8,57.8,35.4,0.4036,-0.848,0.5257550477981567,0.05616912618279457,7.6,62.6,29.8,0.4036
29000,-0.84,0.4058675765991211,0.09632737934589386,8.0,59.6,32.4,0.4036,-0.84,0.28228259086608887,0.05263897404074669,8.0,60.8,31.2,0.4036,-0.848,0.6411059498786926,0.07226285338401794,7.6,59.2,33.2,0.4036,-0.888,0.48654991388320923,0.08145183324813843,5.6,62.6,31.8,0.4036
29500,-0.804,0.2692191004753113,0.046924248337745667,9.8,61.6,28.6,0.4037,-0.848,0.47780555486679077,0.03544515371322632,7.6,61.8,30.6,0.4037,-0.872,0.4361982047557831,0.04397030174732208,6.4,64.8,28.8,0.4037,-0.84,0.49572622776031494,0.037620723247528076,8.0,59.2,32.8,0.4037
30000,-0.804,0.5099164247512817,0.12357340008020401,9.8,63.6,26.6,0.4037,-0.86,0.23501695692539215,0.03033945895731449,7.0,58.8,34.2,0.4037,-0.836,0.6092796325683594,0.07867521047592163,8.2,55.6,36.2,0.4037,-0.808,0.7302850484848022,0.07810068130493164,9.6,59.8,30.6,0.4037
30500,-0.804,0.4497200548648834,0.07368253171443939,9.8,59.6,30.6,0.4038,-0.804,0.32975536584854126,0.044272858649492264,9.8,58.8,31.4,0.4038,-0.848,0.4159352481365204,0.02923453226685524,7.6,58.2,34.2,0.4038,-0.852,0.6002316474914551,0.03674480319023132,7.4,62.2,30.4,0.4038
31000,-0.82,0.44774091243743896,0.03126197308301926,9.0,64.2,26.8,0.4039,-0.828,0.3308715522289276,0.12947586178779602,8.6,57.0,34.4,0.4039,-0.884,0.3305453360080719,0.021488256752490997,5.8,54.4,39.8,0.4039,-0.872,0.40972965955734253,0.07649754732847214,6.4,60.0,33.6,0.4039
31500,-0.824,0.5219792127609253,0.05613383278250694,8.8,60.4,30.8,0.4039,-0.84,0.44561851024627686,0.0415792353451252,8.0,56.0,36.0,0.4039,-0.812,0.1629125475883484,0.05499272793531418,9.4,60.2,30.4,0.4039,-0.88,0.33534544706344604,0.03012440912425518,6.0,61.0,33.0,0.4039
32000,-0.84,0.4165133833885193,0.08256521075963974,8.0,64.4,27.6,0.404,-0.856,0.3827478885650635,0.06753889471292496,7.2,54.4,38.4,0.404,-0.856,0.255512535572052,0.06889946013689041,7.2,59.0,33.8,0.404,-0.852,0.6358414888381958,0.12717249989509583,7.4,60.2,32.4,0.404
32500,-0.812,0.25501686334609985,0.07612663507461548,9.4,63.0,27.6,0.4041,-0.836,0.4536067843437195,0.10966126620769501,8.2,59.6,32.2,0.4041,-0.872,0.41040968894958496,0.06106943637132645,6.4,57.8,35.8,0.4041,-0.844,0.6843826174736023,0.1259700357913971,7.8,58.2,34.0,0.4041
33000,-0.876,0.2993503212928772,0.0688299909234047,6.2,66.8,27.0,0.4041,-0.848,0.4996034502983093,0.034909117966890335,7.6,56.4,36.0,0.4041,-0.88,0.5014121532440186,0.09797856956720352,6.0,60.6,33.4,0.4041,-0.848,0.5499906539916992,0.10509887337684631,7.6,59.4,33.0,0.4041
33500,-0.828,0.329278826713562,0.05248405039310455,8.6,59.0,32.4,0.4042,-0.852,0.9117863178253174,0.09533216059207916,7.4,53.4,39.2,0.4042,-0.884,0.4515855014324188,0.025170577690005302,5.8,58.6,35.6,0.4042,-0.852,0.38034573197364807,0.08850842714309692,7.4,60.6,32.0,0.4042
34000,-0.856,0.4809356927871704,0.0672023594379425,7.2,65.8,27.0,0.4042,-0.856,0.18516114354133606,0.04197925329208374,7.2,57.6,35.2,0.4042,-0.88,0.27180638909339905,0.0622175969183445,6.0,60.8,33.2,0.4042,-0.848,0.6862415075302124,0.05590710788965225,7.6,59.8,32.6,0.4042
34500,-0.824,0.5336511731147766,0.05539025366306305,8.8,64.4,26.8,0.4043,-0.892,0.3430405855178833,0.0268905870616436,5.4,57.0,37.6,0.4043,-0.832,0.4678482413291931,0.03434554114937782,8.4,56.6,35.0,0.4043,-0.82,0.646277129650116,0.02519533969461918,9.0,60.2,30.8,0.4043
35000,-0.864,0.2787121534347534,0.06559578329324722,6.8,66.0,27.2,0.4044,-0.868,0.4505125880241394,0.061209045350551605,6.6,57.2,36.2,0.4044,-0.868,0.3482156991958618,0.06450174748897552,6.6,56.4,37.0,0.4044,-0.876,0.27339911460876465,0.0897178202867508,6.2,61.0,32.8,0.4044
35500,-0.78,0.4969368577003479,0.04191567748785019,11.0,59.4,29.6,0.4044,-0.84,0.3360222578048706,0.0493365079164505,8.0,55.2,36.8,0.4044,-0.828,0.5553094744682312,0.05826596915721893,8.6,60.4,31.0,0.4044,-0.816,0.5899693965911865,0.06212077662348747,9.2,57.0,33.8,0.4044
36000,-0.828,0.3028663992881775,0.027355099096894264,8.6,60.4,31.0,0.4045,-0.824,0.5408770442008972,0.0660107433795929,8.8,56.2,35.0,0.4045,-0.828,0.43296992778778076,0.055074550211429596,8.6,55.6,35.8,0.4045,-0.9,0.438090980052948,0.08875806629657745,5.0,57.0,38.0,0.4045
36500,-0.856,0.4443542957305908,0.08249402046203613,7.2,64.8,28.0,0.4046,-0.868,0.4830441474914551,0.039200469851493835,6.6,52.2,41.2,0.4046,-0.832,0.2329973578453064,0.08261782675981522,8.4,54.6,37.0,0.4046,-0.892,0.42505180835723877,0.0639544352889061,5.4,61.4,33.2,0.4046
37000,-0.776,0.33297207951545715,0.021437495946884155,11.2,61.0,27.8,0.4046,-0.86,0.4035804867744446,0.07058638334274292,7.0,60.0,33.0,0.4046,-0.868,0.5223387479782104,0.050821177661418915,6.6,60.6,32.8,0.4046,-0.912,0.5915153622627258,0.03354474529623985,4.4,63.4,32.2,0.4046
37500,-0.836,0.20092670619487762,0.04526814445853233,8.2,60.6,31.2,0.4047,-0.872,0.370327889919281,0.10372142493724823,6.4,55.4,38.2,0.4047,-0.844,0.22756609320640564,0.06357229501008987,7.8,58.6,33.6,0.4047,-0.832,0.20083655416965485,0.04578950256109238,8.4,60.4,31.2,0.4047
38000,-0.808,0.25919032096862793,0.07358784973621368,9.6,57.2,33.2,0.4047,-0.852,0.36441174149513245,0.08167745172977448,7.4,56.2,36.4,0.4047,-0.828,0.2748819589614868,0.04070678725838661,8.6,54.8,36.6,0.4047,-0.872,0.5787994861602783,0.04131615161895752,6.4,55.6,38.0,0.4047
38500,-0.788,0.4096728563308716,0.09251216053962708,10.6,62.8,26.6,0.4048,-0.828,0.4308573603630066,0.05844636633992195,8.6,54.0,37.4,0.4048,-0.84,0.5945181250572205,0.044936180114746094,8.0,53.4,38.6,0.4048,-0.824,0.5337802171707153,0.050483256578445435,8.8,59.0,32.2,0.4048
39000,-0.844,0.4605273902416229,0.0772150307893753,7.8,56.2,36.0,0.4049,-0.856,0.37226390838623047,0.10727062076330185,7.2,58.8,34.0,0.4049,-0.864,0.3692817986011505,0.11423859745264053,6.8,52.0,41.2,0.4049,-0.808,0.48316729068756104,0.07989885658025742,9.6,58.2,32.2,0.4049
39500,-0.82,0.3376227617263794,0.03830975666642189,9.0,58.6,32.4,0.4049,-0.86,0.4584881663322449,0.1548835188150406,7.0,56.8,36.2,0.4049,-0.844,0.6070924997329712,0.04487490653991699,7.8,53.0,39.2,0.4049,-0.832,0.4202728569507599,0.04633144289255142,8.4,56.8,34.8,0.4049
40000,-0.888,0.45020684599876404,0.04345543682575226,5.6,62.2,32.2,0.405,-0.872,0.3617904782295227,0.055715277791023254,6.4,56.4,37.2,0.405,-0.848,0.3082221448421478,0.11017616093158722,7.6,55.0,37.4,0.405,-0.832,0.3328027129173279,0.05800445377826691,8.4,55.6,36.0,0.405
40500,-0.868,0.28579652309417725,0.02827174961566925,6.6,60.4,33.0,0.4051,-0.848,0.5277010202407837,0.0824330672621727,7.6,58.4,34.0,0.4051,-0.812,0.26307031512260437,0.08507613092660904,9.4,53.8,36.8,0.4051,-0.808,0.25623619556427,0.0652957558631897,9.6,57.4,33.0,0.4051
41000,-0.86,0.42744994163513184,0.040577203035354614,7.0,65.0,28.0,0.4051,-0.856,0.6073403358459473,0.10075973719358444,7.2,54.4,38.4,0.4051,-0.84,0.41217440366744995,0.04530441761016846,8.0,52.8,39.2,0.4051,-0.856,0.4370288550853729,0.11145471036434174,7.2,58.6,34.2,0.4051
41500,-0.868,0.44003230333328247,0.07447884976863861,6.6,62.8,30.6,0.4052,-0.836,0.3521936535835266,0.11315176635980606,8.2,52.4,39.4,0.4052,-0.84,0.7094254493713379,0.09568525850772858,8.0,56.0,36.0,0.4052,-0.84,0.5418612957000732,0.04174933210015297,8.0,58.2,33.8,0.4052
42000,-0.824,0.3478809595108032,0.06456154584884644,8.8,60.2,31.0,0.4052,-0.88,0.9372575879096985,0.03207617998123169,6.0,53.2,40.8,0.4052,-0.86,0.41214409470558167,0.08641252666711807,7.0,54.6,38.4,0.4052,-0.892,0.4971522092819214,0.03374990075826645,5.4,58.4,36.2,0.4052
42500,-0.848,0.3157525956630707,0.09177125990390778,7.6,65.4,27.0,0.4053,-0.856,0.23324157297611237,0.03560454398393631,7.2,55.6,37.2,0.4053,-0.852,0.4163435697555542,0.07639665901660919,7.4,56.2,36.4,0.4053,-0.86,0.4060283899307251,0.03174670785665512,7.0,59.0,34.0,0.4053
43000,-0.868,0.7460625171661377,0.12565463781356812,6.6,60.8,32.6,0.4054,-0.864,0.3952169418334961,0.06028522923588753,6.8,50.2,43.0,0.4054,-0.852,0.50429368019104,0.0980696976184845,7.4,53.6,39.0,0.4054,-0.852,0.2661660313606262,0.051929131150245667,7.4,59.0,33.6,0.4054
43500,-0.832,0.26854225993156433,0.07386592775583267,8.4,62.4,29.2,0.4054,-0.844,0.4489559531211853,0.06793052703142166,7.8,56.4,35.8,0.4054,-0.852,0.9226363897323608,0.07835185527801514,7.4,52.6,40.0,0.4054,-0.852,0.2214600145816803,0.0990278348326683,7.4,57.0,35.6,0.4054
44000,-0.872,0.44606757164001465,0.11909113824367523,6.4,61.0,32.6,0.4055,-0.86,0.18791863322257996,0.06701820343732834,7.0,48.2,44.8,0.4055,-0.888,0.7929443717002869,0.039153456687927246,5.6,52.2,42.2,0.4055,-0.824,0.38687264919281006,0.04919374734163284,8.8,52.6,38.6,0.4055
44500,-0.844,0.5586792230606079,0.05540458858013153,7.8,62.6,29.6,0.4056,-0.84,0.6455367207527161,0.05262482166290283,8.0,52.8,39.2,0.4056,-0.804,0.7040971517562866,0.05973642319440842,9.8,51.4,38.8,0.4056,-0.84,0.29810631275177,0.0675460696220398,8.0,56.0,36.0,0.4056
45000,-0.844,0.5927196741104126,0.055441517382860184,7.8,65.2,27.0,0.4056,-0.86,0.9572951793670654,0.07301254570484161,7.0,47.6,45.4,0.4056,-0.832,0.48864981532096863,0.0960935652256012,8.4,50.8,40.8,0.4056,-0.824,0.24161335825920105,0.06825174391269684,8.8,55.0,36.2,0.4056
45500,-0.824,0.46199169754981995,0.07391127943992615,8.8,60.0,31.2,0.4057,-0.816,0.3331163823604584,0.06171546131372452,9.2,47.6,43.2,0.4057,-0.876,0.16308701038360596,0.06473331898450851,6.2,52.0,41.8,0.4057,-0.884,0.5186094045639038,0.037837281823158264,5.8,58.2,36.0,0.4057
46000,-0.856,0.4653216004371643,0.07889635860919952,7.2,61.0,31.8,0.4057,-0.856,0.9048773646354675,0.08204174786806107,7.2,52.8,40.0,0.4057,-0.884,0.32065391540527344,0.05679469183087349,5.8,55.8,38.4,0.4057,-0.82,0.1998603641986847,0.0833113044500351,9.0,57.2,33.8,0.4057
46500,-0.816,0.3702523112297058,0.06415538489818573,9.2,59.4,31.4,0.4058,-0.892,0.36592453718185425,0.09178174287080765,5.4,50.4,44.2,0.4058,-0.852,0.30372947454452515,0.07656490057706833,7.4,52.6,40.0,0.4058,-0.796,0.23154650628566742,0.021078145131468773,10.2,53.4,36.4,0.4058
47000,-0.824,0.5496395230293274,0.06634674966335297,8.8,57.0,34.2,0.4059,-0.832,0.7798790335655212,0.05757111310958862,8.4,50.6,41.0,0.4059,-0.844,0.4410098195075989,0.04790785163640976,7.8,51.0,41.2,0.4059,-0.84,0.22183763980865479,0.04066671431064606,8.0,60.4,31.6,0.4059
47500,-0.82,0.1804177314043045,0.12007254362106323,9.0,58.6,32.4,0.4059,-0.904,0.24670696258544922,0.0770818293094635,4.8,56.8,38.4,0.4059,-0.86,0.30753591656684875,0.0577533021569252,7.0,51.4,41.6,0.4059,-0.824,0.3147863745689392,0.04997016116976738,8.8,55.2,36.0,0.4059
48000,-0.844,0.3422752022743225,0.04021000862121582,7.8,57.4,34.8,0.406,-0.828,0.49103182554244995,0.08978761732578278,8.6,51.8,39.6,0.406,-0.872,0.5345313549041748,0.06051095947623253,6.4,54.2,39.4,0.406,-0.82,0.2864893674850464,0.06441354751586914,9.0,52.6,38.4,0.406
48500,-0.832,0.61083984375,0.09718053787946701,8.4,58.4,33.2,0.4061,-0.836,0.4011857807636261,0.13276660442352295,8.2,52.0,39.8,0.4061,-0.88,0.29404735565185547,0.04162463918328285,6.0,52.8,41.2,0.4061,-0.872,0.21495230495929718,0.12492275983095169,6.4,56.4,37.2,0.4061
49000,-0.828,0.2874565124511719,0.04837779328227043,8.6,58.4,33.0,0.4061,-0.884,0.8384926319122314,0.07129708677530289,5.8,53.6,40.6,0.4061,-0.844,0.7126447558403015,0.11038190126419067,7.8,54.0,38.2,0.4061,-0.844,0.473045289516449,0.061403557658195496,7.8,56.0,36.2,0.4061
49500,-0.82,0.5681439638137817,0.04822216182947159,9.0,59.8,31.2,0.4062,-0.844,0.7235796451568604,0.07167486101388931,7.8,51.2,41.0,0.4062,-0.816,0.21869780123233795,0.12012030184268951,9.2,50.6,40.2,0.4062,-0.832,0.4216470718383789,0.0511656329035759,8.4,56.2,35.4,0.4062
50000,-0.844,0.4172471761703491,0.09196850657463074,7.8,56.0,36.2,0.4062,-0.828,0.5622242093086243,0.05388254672288895,8.6,56.2,35.2,0.4062,-0.84,0.617459237575531,0.03218880295753479,8.0,52.2,39.8,0.4062,-0.844,0.12372516095638275,0.05168061703443527,7.8,57.0,35.2,0.4062
50500,-0.836,0.3038601875305176,0.08079506456851959,8.2,59.8,32.0,0.4063,-0.852,0.377438485622406,0.08143021166324615,7.4,53.6,39.0,0.4063,-0.848,0.7907212972640991,0.12214771658182144,7.6,50.0,42.4,0.4063,-0.856,0.7231478095054626,0.12342497706413269,7.2,56.8,36.0,0.4063
51000,-0.836,0.5329184532165527,0.021783199161291122,8.2,57.6,34.2,0.4064,-0.864,0.45338237285614014,0.02577907033264637,6.8,50.8,42.4,0.4064,-0.852,0.32767826318740845,0.05118193104863167,7.4,52.0,40.6,0.4064,-0.836,0.6186503171920776,0.05211609601974487,8.2,55.4,36.4,0.4064
51500,-0.788,0.4280574917793274,0.08360970765352249,10.6,56.0,33.4,0.4064,-0.86,0.24445660412311554,0.07419111579656601,7.0,49.6,43.4,0.4064,-0.864,1.0083613395690918,0.03452466428279877,6.8,49.4,43.8,0.4064,-0.852,0.36004626750946045,0.06929339468479156,7.4,57.6,35.0,0.4064
52000,-0.884,0.24511829018592834,0.04384476691484451,5.8,58.6,35.6,0.4065,-0.872,0.7237981557846069,0.08956217765808105,6.4,51.2,42.4,0.4065,-0.9,0.521733283996582,0.05474815517663956,5.0,55.8,39.2,0.4065,-0.84,0.3203252851963043,0.05806626379489899,8.0,56.4,35.6,0.4065
52500,-0.86,0.6206505298614502,0.09484010934829712,7.0,52.4,40.6,0.4066,-0.84,0.5953911542892456,0.057222284376621246,8.0,49.2,42.8,0.4066,-0.876,0.46068790555000305,0.04557011276483536,6.2,52.6,41.2,0.4066,-0.84,0.5807345509529114,0.050601452589035034,8.0,49.0,43.0,0.4066
53000,-0.892,0.6136956214904785,0.05095697194337845,5.4,55.2,39.4,0.4066,-0.892,0.22939547896385193,0.05255698412656784,5.4,57.4,37.2,0.4066,-0.864,0.2967278063297272,0.057682499289512634,6.8,52.0,41.2,0.4066,-0.876,0.5366526246070862,0.06984324008226395,6.2,56.2,37.6,0.4066
53500,-0.88,0.3938619792461395,0.07260401546955109,6.0,59.8,34.2,0.4067,-0.88,0.4284791350364685,0.08984790742397308,6.0,54.8,39.2,0.4067,-0.856,0.4647521376609802,0.043560199439525604,7.2,49.2,43.6,0.4067,-0.852,0.24746432900428772,0.08606091141700745,7.4,53.0,39.6,0.4067
54000,-0.852,0.31432998180389404,0.021063916385173798,7.4,56.4,36.2,0.4067,-0.876,0.5057686567306519,0.018005581572651863,6.2,52.6,41.2,0.4067,-0.872,0.20126330852508545,0.026181388646364212,6.4,52.2,41.4,0.4067,-0.84,0.6220850944519043,0.10246042162179947,8.0,54.2,37.8,0.4067
54500,-0.852,1.203291416168213,0.04159880056977272,7.4,52.8,39.8,0.4068,-0.88,0.24921518564224243,0.038242340087890625,6.0,53.6,40.4,0.4068,-0.868,0.3989328444004059,0.11101888120174408,6.6,51.0,42.4,0.4068,-0.852,0.2329367995262146,0.09715218842029572,7.4,51.6,41.0,0.4068
55000,-0.86,0.8412691354751587,0.05059405416250229,7.0,57.8,35.2,0.4069,-0.84,0.6603928804397583,0.07356614619493484,8.0,51.2,40.8,0.4069,-0.892,0.5485315918922424,0.044098906219005585,5.4,47.6,47.0,0.4069,-0.808,0.5176177024841309,0.08428694307804108,9.6,50.6,39.8,0.4069
55500,-0.812,0.5314871072769165,0.035207636654376984,9.4,52.0,38.6,0.4069,-0.864,0.21237801015377045,0.07530924677848816,6.8,49.4,43.8,0.4069,-0.9,0.2514818608760834,0.06044994667172432,5.0,50.6,44.4,0.4069,-0.88,0.5640499591827393,0.09345106035470963,6.0,53.6,40.4,0.4069
56000,-0.856,0.48741865158081055,0.04720179736614227,7.2,58.6,34.2,0.407,-0.9,0.2867092788219452,0.10345693677663803,5.0,55.8,39.2,0.407,-0.9,0.25272539258003235,0.05991561710834503,5.0,54.8,40.2,0.407,-0.888,0.4105769693851471,0.05286773666739464,5.6,51.2,43.2,0.407
56500,-0.872,0.5436640381813049,0.043337613344192505,6.4,60.0,33.6,0.4071,-0.9,0.4167454242706299,0.05337238311767578,5.0,50.6,44.4,0.4071,-0.9,0.4558117389678955,0.07734060287475586,5.0,48.4,46.6,0.4071,-0.824,0.7333908677101135,0.17408105731010437,8.8,53.8,37.4,0.4071
57000,-0.872,0.4148736596107483,0.04905029013752937,6.4,48.4,45.2,0.4071,-0.828,0.27100908756256104,0.05507121980190277,8.6,46.6,44.8,0.4071,-0.82,0.6656757593154907,0.12092957645654678,9.0,50.6,40.4,0.4071,-0.848,0.29676899313926697,0.1062152087688446,7.6,50.6,41.8,0.4071
57500,-0.844,0.5909084677696228,0.04816073179244995,7.8,57.0,35.2,0.4072,-0.856,0.6174511909484863,0.05545543134212494,7.2,52.0,40.8,0.4072,-0.888,0.3666081428527832,0.09167809784412384,5.6,52.2,42.2,0.4072,-0.816,0.8157130479812622,0.057301249355077744,9.2,48.6,42.2,0.4072
58000,-0.848,0.4224350154399872,0.0731663852930069,7.6,49.8,42.6,0.4072,-0.876,0.38286057114601135,0.07163462042808533,6.2,50.0,43.8,0.4072,-0.876,0.3243865668773651,0.08078839629888535,6.2,53.8,40.0,0.4072,-0.876,0.4448396861553192,0.05583872273564339,6.2,51.6,42.2,0.4072
58500,-0.848,0.5240598917007446,0.027831511572003365,7.6,51.0,41.4,0.4073,-0.856,0.16360491514205933,0.07626692950725555,7.2,49.0,43.8,0.4073,-0.9,1.0996487140655518,0.0720309391617775,5.0,55.8,39.2,0.4073,-0.876,0.4134369492530823,0.035673290491104126,6.2,52.2,41.6,0.4073
59000,-0.888,0.471499502658844,0.11790350079536438,5.6,55.2,39.2,0.4074,-0.84,0.505124568939209,0.14107684791088104,8.0,49.4,42.6,0.4074,-0.82,0.6318402290344238,0.03991169482469559,9.0,55.0,36.0,0.4074,-0.86,1.1998965740203857,0.05510673671960831,7.0,49.4,43.6,0.4074
59500,-0.816,0.5396267771720886,0.05375710129737854,9.2,52.2,38.6,0.4074,-0.876,0.8834980726242065,0.1620095670223236,6.2,51.2,42.6,0.4074,-0.872,0.6240814924240112,0.06259122490882874,6.4,49.8,43.8,0.4074,-0.788,0.28869056701660156,0.1577427089214325,10.6,52.2,37.2,0.4074
60000,-0.848,0.6911118030548096,0.07550680637359619,7.6,49.2,43.2,0.4075,-0.868,0.27131760120391846,0.06747404485940933,6.6,46.2,47.2,0.4075,-0.86,0.6968028545379639,0.11144932359457016,7.0,50.4,42.6,0.4075,-0.88,0.8605851531028748,0.05497355759143829,6.0,55.0,39.0,0.4075
60500,-0.82,0.3675456941127777,0.03363334387540817,9.0,56.0,35.0,0.4076,-0.892,0.4256569743156433,0.11561372876167297,5.4,46.0,48.6,0.4076,-0.872,0.7087128162384033,0.07128427922725677,6.4,52.6,41.0,0.4076,-0.836,0.8431321978569031,0.031387750059366226,8.2,47.4,44.4,0.4076
61000,-0.844,0.5412083864212036,0.06762123107910156,7.8,52.4,39.8,0.4076,-0.88,0.26642170548439026,0.0775790810585022,6.0,48.8,45.2,0.4076,-0.892,0.6581096053123474,0.07758834958076477,5.4,46.8,47.8,0.4076,-0.86,0.7749963402748108,0.10571525990962982,7.0,50.8,42.2,0.4076
61500,-0.792,0.43176817893981934,0.06743767857551575,10.4,50.2,39.4,0.4077,-0.836,0.23712298274040222,0.0947900116443634,8.2,45.8,46.0,0.4077,-0.852,0.3436174988746643,0.06893391907215118,7.4,50.2,42.4,0.4077,-0.864,0.5782925486564636,0.13595938682556152,6.8,53.2,40.0,0.4077
62000,-0.856,0.42959287762641907,0.15695439279079437,7.2,56.0,36.8,0.4077,-0.864,0.41976964473724365,0.06225838512182236,6.8,47.6,45.6,0.4077,-0.84,0.22496891021728516,0.10614468157291412,8.0,49.8,42.2,0.4077,-0.884,0.5881136059761047,0.06966224312782288,5.8,52.4,41.8,0.4077
62500,-0.832,1.3435320854187012,0.06273849308490753,8.4,50.2,41.4,0.4078,-0.86,0.2085861712694168,0.08324205130338669,7.0,48.6,44.4,0.4078,-0.856,0.3951992988586426,0.038739774376153946,7.2,50.8,42.0,0.4078,-0.856,0.6722075939178467,0.11625640094280243,7.2,50.4,42.4,0.4078
63000,-0.796,0.7045601606369019,0.05915540084242821,10.2,51.2,38.6,0.4079,-0.86,0.3173026442527771,0.11501199007034302,7.0,46.6,46.4,0.4079,-0.868,0.639141321182251,0.05291994661092758,6.6,48.8,44.6,0.4079,-0.844,0.5044945478439331,0.0887584388256073,7.8,50.8,41.4,0.4079
63500,-0.844,0.19932587444782257,0.11101894080638885,7.8,51.8,40.4,0.4079,-0.844,1.0277016162872314,0.13924455642700195,7.8,48.8,43.4,0.4079,-0.86,0.49901431798934937,0.14123913645744324,7.0,45.6,47.4,0.4079,-0.84,0.5642019510269165,0.06715687364339828,8.0,50.6,41.4,0.4079
64000,-0.868,0.292880117893219,0.054960452020168304,6.6,51.2,42.2,0.408,-0.868,0.5196667313575745,0.11483649909496307,6.6,45.0,48.4,0.408,-0.836,0.6910320520401001,0.07596319913864136,8.2,46.2,45.6,0.408,-0.84,0.4543994665145874,0.08061367273330688,8.0,49.2,42.8,0.408
64500,-0.844,0.7252910137176514,0.0724157989025116,7.8,50.4,41.8,0.4081,-0.888,0.34456223249435425,0.1086176335811615,5.6,48.0,46.4,0.4081,-0.84,0.4055575132369995,0.04985492676496506,8.0,49.0,43.0,0.4081,-0.88,0.6842115521430969,0.06412817537784576,6.0,46.8,47.2,0.4081
65000,-0.864,0.5447146892547607,0.12378518283367157,6.8,48.8,44.4,0.4081,-0.876,0.3641546964645386,0.08347900211811066,6.2,47.2,46.6,0.4081,-0.844,0.7124898433685303,0.06909696757793427,7.8,48.4,43.8,0.4081,-0.84,0.692825973033905,0.07861437648534775,8.0,48.2,43.8,0.4081
65500,-0.876,0.57899409532547,0.12489873915910721,6.2,53.0,40.8,0.4082,-0.828,0.6283420324325562,0.08966779708862305,8.6,47.8,43.6,0.4082,-0.848,0.6036968231201172,0.11641187965869904,7.6,47.8,44.6,0.4082,-0.856,0.12893465161323547,0.11474991589784622,7.2,48.4,44.4,0.4082
66000,-0.856,0.6208813190460205,0.1273118257522583,7.2,52.6,40.2,0.4082,-0.856,0.32492658495903015,0.10168221592903137,7.2,48.6,44.2,0.4082,-0.86,0.47812941670417786,0.07544764876365662,7.0,44.8,48.2,0.4082,-0.852,0.5645262598991394,0.06463323533535004,7.4,49.0,43.6,0.4082
66500,-0.844,0.641714334487915,0.11686648428440094,7.8,51.2,41.0,0.4083,-0.836,0.1913149058818817,0.12094917893409729,8.2,43.6,48.2,0.4083,-0.856,0.7215985655784607,0.05730314925312996,7.2,47.4,45.4,0.4083,-0.812,0.2916334271430969,0.04327860474586487,9.4,47.4,43.2,0.4083
67000,-0.828,0.9659942388534546,0.09156999737024307,8.6,47.0,44.4,0.4084,-0.832,0.8879073262214661,0.12438539415597916,8.4,46.0,45.6,0.4084,-0.804,0.38269421458244324,0.07334231585264206,9.8,46.0,44.2,0.4084,-0.86,0.5255709886550903,0.06336777657270432,7.0,44.8,48.2,0.4084
67500,-0.84,0.2878033518791199,0.1278761476278305,8.0,52.4,39.6,0.4084,-0.84,0.5492987632751465,0.07748015224933624,8.0,44.2,47.8,0.4084,-0.868,1.1603714227676392,0.09077121317386627,6.6,50.4,43.0,0.4084,-0.868,0.694079577922821,0.1434924304485321,6.6,47.0,46.4,0.4084
68000,-0.884,0.8544681072235107,0.0696551650762558,5.8,51.0,43.2,0.4085,-0.868,0.6010050773620605,0.07770708948373795,6.6,49.2,44.2,0.4085,-0.84,0.6493092179298401,0.10905744135379791,8.0,46.4,45.6,0.4085,-0.848,0.4439188838005066,0.07921066880226135,7.6,49.4,43.0,0.4085
68500,-0.86,0.5640157461166382,0.09279021620750427,7.0,49.2,43.8,0.4086,-0.848,0.4654167592525482,0.1829909086227417,7.6,45.8,46.6,0.4086,-0.876,0.37506628036499023,0.10492369532585144,6.2,47.8,46.0,0.4086,-0.904,0.442987322807312,0.020975779742002487,4.8,50.6,44.6,0.4086
69000,-0.808,0.5506579875946045,0.1637875735759735,9.6,50.4,40.0,0.4086,-0.888,0.6984436511993408,0.13204094767570496,5.6,47.0,47.4,0.4086,-0.876,1.3610179424285889,0.13401374220848083,6.2,45.2,48.6,0.4086,-0.84,0.7524489164352417,0.10607227683067322,8.0,49.0,43.0,0.4086
69500,-0.844,0.5269074440002441,0.16148695349693298,7.8,44.6,47.6,0.4087,-0.872,0.39410096406936646,0.09166093170642853,6.4,45.0,48.6,0.4087,-0.856,0.3818180561065674,0.05474483221769333,7.2,43.8,49.0,0.4087,-0.856,0.8012548685073853,0.03757956996560097,7.2,49.2,43.6,0.4087
70000,-0.808,0.6993919610977173,0.07931134104728699,9.6,49.6,40.8,0.4087,-0.86,1.1309092044830322,0.09405604749917984,7.0,47.0,46.0,0.4087,-0.788,0.6131983995437622,0.07072418183088303,10.6,44.2,45.2,0.4087,-0.804,0.5199694633483887,0.09391191601753235,9.8,43.4,46.8,0.4087
70500,-0.832,0.6322961449623108,0.03728819638490677,8.4,47.6,44.0,0.4088,-0.876,1.3991340398788452,0.15674248337745667,6.2,44.6,49.2,0.4088,-0.88,0.7117729783058167,0.08159159123897552,6.0,47.2,46.8,0.4088,-0.88,1.245658040046692,0.04602198302745819,6.0,48.0,46.0,0.4088
71000,-0.864,1.556502103805542,0.06141359731554985,6.8,49.6,43.6,0.4089,-0.892,1.0480940341949463,0.07387280464172363,5.4,46.8,47.8,0.4089,-0.876,0.5231029391288757,0.12230302393436432,6.2,48.0,45.8,0.4089,-0.836,0.6862611770629883,0.11785480380058289,8.2,44.8,47.0,0.4089
71500,-0.836,0.6355658769607544,0.07630272209644318,8.2,42.2,49.6,0.4089,-0.816,0.40221619606018066,0.07959496229887009,9.2,45.6,45.2,0.4089,-0.872,0.5392394661903381,0.060224901884794235,6.4,44.6,49.0,0.4089,-0.852,0.26879218220710754,0.07484361529350281,7.4,50.0,42.6,0.4089
72000,-0.844,0.3743956685066223,0.07121699303388596,7.8,44.4,47.8,0.409,-0.812,1.0356593132019043,0.12801793217658997,9.4,46.2,44.4,0.409,-0.856,0.23844580352306366,0.10589077323675156,7.2,43.4,49.4,0.409,-0.856,0.5242733955383301,0.07292946428060532,7.2,45.0,47.8,0.409
72500,-0.872,0.6500564813613892,0.13460326194763184,6.4,48.0,45.6,0.4091,-0.872,0.5220332741737366,0.10240545868873596,6.4,43.4,50.2,0.4091,-0.94,0.4425067901611328,0.10412602871656418,3.0,48.2,48.8,0.4091,-0.864,0.4809102416038513,0.10897296667098999,6.8,46.6,46.6,0.4091
73000,-0.828,0.8430458903312683,0.07095605880022049,8.6,49.6,41.8,0.4091,-0.884,0.4105415940284729,0.0906052514910698,5.8,44.2,50.0,0.4091,-0.86,0.8303292989730835,0.15273599326610565,7.0,46.2,46.8,0.4091,-0.836,1.044357180595398,0.13550972938537598,8.2,46.0,45.8,0.4091
73500,-0.86,0.8112566471099854,0.09125007688999176,7.0,49.2,43.8,0.4092,-0.86,0.666300892829895,0.07883261144161224,7.0,44.4,48.6,0.4092,-0.88,0.5570852756500244,0.07257217913866043,6.0,45.2,48.8,0.4092,-0.876,0.42855364084243774,0.05964527279138565,6.2,46.6,47.2,0.4092
74000,-0.852,0.5059767961502075,0.12586548924446106,7.4,47.6,45.0,0.4092,-0.876,1.000146746635437,0.14320304989814758,6.2,47.6,46.2,0.4092,-0.892,0.6667543649673462,0.07712060958147049,5.4,46.4,48.2,0.4092,-0.848,0.7772736549377441,0.11899066716432571,7.6,49.4,43.0,0.4092
74500,-0.892,0.9830448031425476,0.07903007417917252,5.4,47.2,47.4,0.4093,-0.872,0.6567553281784058,0.09038089960813522,6.4,44.2,49.4,0.4093,-0.884,0.4323306083679199,0.06586754322052002,5.8,45.4,48.8,0.4093,-0.86,0.50679612159729,0.07106141746044159,7.0,44.0,49.0,0.4093
75000,-0.876,0.6206259727478027,0.1315605342388153,6.2,47.8,46.0,0.4094,-0.86,0.4140247702598572,0.09631090611219406,7.0,42.8,50.2,0.4094,-0.844,0.4165869355201721,0.0824892669916153,7.8,42.8,49.4,0.4094,-0.896,0.6017735004425049,0.15866032242774963,5.2,45.0,49.8,0.4094
75500,-0.848,1.1035939455032349,0.055401526391506195,7.6,44.6,47.8,0.4094,-0.856,0.309330016374588,0.17436735332012177,7.2,41.6,51.2,0.4094,-0.86,0.4729819893836975,0.06896407157182693,7.0,46.2,46.8,0.4094,-0.852,0.649617075920105,0.06075247749686241,7.4,45.8,46.8,0.4094
76000,-0.852,0.4737827181816101,0.059787996113300323,7.4,47.4,45.2,0.4095,-0.848,0.7409422993659973,0.1597907543182373,7.6,46.8,45.6,0.4095,-0.868,0.30834850668907166,0.12822341918945312,6.6,43.6,49.8,0.4095,-0.852,0.43101197481155396,0.14559701085090637,7.4,40.2,52.4,0.4095
76500,-0.832,0.7518507838249207,0.07874414324760437,8.4,44.0,47.6,0.4096,-0.88,0.8318444490432739,0.08759086579084396,6.0,45.2,48.8,0.4096,-0.788,0.6958498954772949,0.15375863015651703,10.6,43.4,46.0,0.4096,-0.868,1.155600905418396,0.07344198226928711,6.6,44.2,49.2,0.4096
77000,-0.892,0.7554705739021301,0.041281022131443024,5.4,51.4,43.2,0.4096,-0.864,0.35896074771881104,0.11034473031759262,6.8,45.8,47.4,0.4096,-0.876,0.43326008319854736,0.12276548147201538,6.2,48.0,45.8,0.4096,-0.868,0.9173091650009155,0.06744145601987839,6.6,44.6,48.8,0.4096
77500,-0.9,0.7382948398590088,0.0951143354177475,5.0,50.6,44.4,0.4097,-0.844,0.5911434292793274,0.11462701112031937,7.8,41.6,50.6,0.4097,-0.876,0.8612087965011597,0.06410646438598633,6.2,45.8,48.0,0.4097,-0.844,0.44356268644332886,0.09205099940299988,7.8,40.6,51.6,0.4097
78000,-0.852,0.4263231158256531,0.07408233731985092,7.4,48.2,44.4,0.4097,-0.896,0.31252771615982056,0.10398345440626144,5.2,41.8,53.0,0.4097,-0.872,0.3866279721260071,0.13596922159194946,6.4,43.6,50.0,0.4097,-0.844,0.34068435430526733,0.05347795411944389,7.8,46.4,45.8,0.4097
78500,-0.832,0.7804192304611206,0.09036755561828613,8.4,46.6,45.0,0.4098,-0.872,0.7027032375335693,0.06481784582138062,6.4,42.0,51.6,0.4098,-0.844,0.6892364025115967,0.1456855684518814,7.8,44.8,47.4,0.4098,-0.868,0.21277344226837158,0.07960062474012375,6.6,42.6,50.8,0.4098
79000,-0.828,0.5691776275634766,0.05149529501795769,8.6,45.6,45.8,0.4099,-0.84,0.5086733102798462,0.16002729535102844,8.0,46.6,45.4,0.4099,-0.904,0.3901383876800537,0.0886988416314125,4.8,45.8,49.4,0.4099,-0.848,0.4275098145008087,0.07290132343769073,7.6,44.4,48.0,0.4099
79500,-0.864,0.44577541947364807,0.11315178871154785,6.8,40.6,52.6,0.4099,-0.84,0.5462831854820251,0.13855582475662231,8.0,41.6,50.4,0.4099,-0.856,0.46414637565612793,0.10315931588411331,7.2,41.6,51.2,0.4099,-0.836,0.40200573205947876,0.11361802369356155,8.2,41.2,50.6,0.4099
80000,-0.848,1.0831639766693115,0.052216798067092896,7.6,45.0,47.4,0.41,-0.844,0.9098457098007202,0.1267682909965515,7.8,44.4,47.8,0.41,-0.868,0.9245947599411011,0.14613446593284607,6.6,42.6,50.8,0.41,-0.864,0.292123407125473,0.08961477875709534,6.8,45.6,47.6,0.41
80500,-0.852,0.9849570989608765,0.0651024729013443,7.4,47.8,44.8,0.4101,-0.868,0.255261093378067,0.0845157727599144,6.6,45.4,48.0,0.4101,-0.868,0.09847626835107803,0.06623882800340652,6.6,42.8,50.6,0.4101,-0.836,0.49876895546913147,0.09705260396003723,8.2,45.6,46.2,0.4101
81000,-0.892,0.8081791400909424,0.08557124435901642,5.4,50.0,44.6,0.4101,-0.796,0.38226553797721863,0.1069403663277626,10.2,39.8,50.0,0.4101,-0.864,0.5294003486633301,0.10122878849506378,6.8,41.2,52.0,0.4101,-0.86,0.3895190954208374,0.1054941862821579,7.0,43.6,49.4,0.4101
81500,-0.864,0.3752646744251251,0.043704211711883545,6.8,45.8,47.4,0.4102,-0.856,0.8254832029342651,0.109152652323246,7.2,42.2,50.6,0.4102,-0.872,1.1766294240951538,0.07729597389698029,6.4,45.0,48.6,0.4102,-0.844,0.4765695631504059,0.11895225942134857,7.8,41.0,51.2,0.4102
82000,-0.824,0.5892444849014282,0.08587643504142761,8.8,39.0,52.2,0.4102,-0.856,0.3817840814590454,0.09470032155513763,7.2,43.2,49.6,0.4102,-0.896,0.40548187494277954,0.10882100462913513,5.2,36.8,58.0,0.4102,-0.84,0.6963958144187927,0.08909939974546432,8.0,44.4,47.6,0.4102
82500,-0.864,0.9178577661514282,0.15129710733890533,6.8,46.4,46.8,0.4103,-0.872,0.5563018321990967,0.05356557294726372,6.4,42.8,50.8,0.4103,-0.904,0.3361967206001282,0.14411410689353943,4.8,39.8,55.4,0.4103,-0.836,0.6415202617645264,0.06160316616296768,8.2,41.2,50.6,0.4103
83000,-0.816,0.5778923034667969,0.11635886877775192,9.2,43.0,47.8,0.4104,-0.86,0.7247531414031982,0.11964141577482224,7.0,41.4,51.6,0.4104,-0.836,0.7555235624313354,0.0995442271232605,8.2,39.8,52.0,0.4104,-0.824,0.5741274356842041,0.08383141458034515,8.8,35.2,56.0,0.4104
83500,-0.872,0.2280256152153015,0.06709243357181549,6.4,44.2,49.4,0.4104,-0.808,0.5491058826446533,0.10942502319812775,9.6,41.8,48.6,0.4104,-0.852,1.0111576318740845,0.0818057730793953,7.4,37.2,55.4,0.4104,-0.836,0.6382240056991577,0.06550509482622147,8.2,39.2,52.6,0.4104
84000,-0.872,0.46833059191703796,0.08267520368099213,6.4,46.4,47.2,0.4105,-0.88,0.5083674192428589,0.17239263653755188,6.0,40.0,54.0,0.4105,-0.86,0.3436007499694824,0.08907708525657654,7.0,40.6,52.4,0.4105,-0.892,0.44801944494247437,0.1263933628797531,5.4,45.2,49.4,0.4105
84500,-0.844,0.44389522075653076,0.045258987694978714,7.8,43.6,48.6,0.4106,-0.852,0.6202558279037476,0.08412961661815643,7.4,44.6,48.0,0.4106,-0.844,0.453698992729187,0.10823805630207062,7.8,41.6,50.6,0.4106,-0.824,0.5280948877334595,0.07088734209537506,8.8,44.6,46.6,0.4106
85000,-0.844,0.4287493824958801,0.061973199248313904,7.8,43.4,48.8,0.4106,-0.828,0.3380372226238251,0.1390111744403839,8.6,40.2,51.2,0.4106,-0.864,0.7270152568817139,0.09639651328325272,6.8,41.4,51.8,0.4106,-0.796,0.7496007680892944,0.06479154527187347,10.2,42.0,47.8,0.4106
85500,-0.844,0.5060195326805115,0.14088961482048035,7.8,44.0,48.2,0.4107,-0.88,0.7590674757957458,0.08831910043954849,6.0,37.6,56.4,0.4107,-0.864,0.6943022012710571,0.06106489524245262,6.8,39.4,53.8,0.4107,-0.816,0.4832223057746887,0.06989306211471558,9.2,46.4,44.4,0.4107
86000,-0.86,0.39970648288726807,0.0490221306681633,7.0,43.6,49.4,0.4107,-0.872,0.38156944513320923,0.11798740178346634,6.4,44.8,48.8,0.4107,-0.82,0.6891332268714905,0.05264078825712204,9.0,41.0,50.0,0.4107,-0.852,0.4013235867023468,0.08607476949691772,7.4,43.2,49.4,0.4107
86500,-0.872,0.5801761746406555,0.0913524478673935,6.4,38.8,54.8,0.4108,-0.832,0.44297003746032715,0.07520006597042084,8.4,42.4,49.2,0.4108,-0.876,0.5574116706848145,0.13517431914806366,6.2,42.8,51.0,0.4108,-0.82,0.33936306834220886,0.10852250456809998,9.0,47.0,44.0,0.4108
87000,-0.84,0.48418527841567993,0.1359509974718094,8.0,37.2,54.8,0.4109,-0.836,0.8526580333709717,0.07537352293729782,8.2,42.8,49.0,0.4109,-0.892,0.25450944900512695,0.08030854165554047,5.4,39.6,55.0,0.4109,-0.836,0.8709078431129456,0.08022956550121307,8.2,47.2,44.6,0.4109
87500,-0.82,0.8839341998100281,0.12259410321712494,9.0,43.6,47.4,0.4109,-0.868,0.3999617397785187,0.1467399299144745,6.6,45.0,48.4,0.4109,-0.892,0.9439849853515625,0.12231175601482391,5.4,42.2,52.4,0.4109,-0.832,0.6010933518409729,0.10758229345083237,8.4,43.8,47.8,0.4109
88000,-0.848,0.6288310289382935,0.10497397929430008,7.6,42.0,50.4,0.411,-0.904,0.8175530433654785,0.10446663200855255,4.8,43.0,52.2,0.411,-0.872,0.3447171449661255,0.14482688903808594,6.4,40.4,53.2,0.411,-0.864,0.6108483672142029,0.08553200960159302,6.8,43.4,49.8,0.411
88500,-0.852,1.3681416511535645,0.060987140983343124,7.4,43.2,49.4,0.4111,-0.844,0.5919896364212036,0.12211577594280243,7.8,40.2,52.0,0.4111,-0.88,0.5906277298927307,0.16955068707466125,6.0,41.2,52.8,0.4111,-0.864,0.43508380651474,0.07082851231098175,6.8,41.8,51.4,0.4111
89000,-0.868,0.8048654794692993,0.05999859422445297,6.6,41.8,51.6,0.4111,-0.836,0.48386240005493164,0.09146897494792938,8.2,42.2,49.6,0.4111,-0.86,0.9706526398658752,0.07634097337722778,7.0,39.6,53.4,0.4111,-0.776,0.37635231018066406,0.12328454852104187,11.2,39.4,49.4,0.4111
89500,-0.876,1.0727665424346924,0.0904492512345314,6.2,39.8,54.0,0.4112,-0.848,0.814318060874939,0.13555078208446503,7.6,40.6,51.8,0.4112,-0.844,0.40040236711502075,0.10382120311260223,7.8,38.6,53.6,0.4112,-0.856,0.35263538360595703,0.11628525704145432,7.2,39.4,53.4,0.4112
90000,-0.86,0.7343534231185913,0.1662486344575882,7.0,43.2,49.8,0.4112,-0.84,0.3599463105201721,0.1433642953634262,8.0,42.8,49.2,0.4112,-0.848,0.9134501218795776,0.07952491194009781,7.6,39.8,52.6,0.4112,-0.852,0.20037870109081268,0.10773058235645294,7.4,43.4,49.2,0.4112
90500,-0.86,0.4295632541179657,0.11404142528772354,7.0,35.2,57.8,0.4113,-0.888,0.3819454312324524,0.09547358006238937,5.6,41.8,52.6,0.4113,-0.824,0.6121726036071777,0.13493071496486664,8.8,39.6,51.6,0.4113,-0.804,0.2619800865650177,0.10810685157775879,9.8,35.6,54.6,0.4113
91000,-0.848,0.5159624218940735,0.11324869841337204,7.6,42.4,50.0,0.4114,-0.876,0.7683215737342834,0.10723480582237244,6.2,45.0,48.8,0.4114,-0.832,0.6735234260559082,0.06248254328966141,8.4,35.6,56.0,0.4114,-0.852,0.6452053785324097,0.12039443105459213,7.4,42.6,50.0,0.4114
91500,-0.824,2.202446937561035,0.0645180195569992,8.8,41.0,50.2,0.4114,-0.9,0.6582655906677246,0.14736837148666382,5.0,43.4,51.6,0.4114,-0.824,0.5479165315628052,0.11920405924320221,8.8,38.4,52.8,0.4114,-0.86,0.6947921514511108,0.12335164844989777,7.0,42.2,50.8,0.4114
92000,-0.84,0.43148860335350037,0.121387779712677,8.0,41.0,51.0,0.4115,-0.812,0.7010672092437744,0.10652672499418259,9.4,38.2,52.4,0.4115,-0.856,0.8222691416740417,0.07603120803833008,7.2,41.0,51.8,0.4115,-0.808,0.6096464395523071,0.09646320343017578,9.6,40.8,49.6,0.4115
92500,-0.84,0.6211880445480347,0.12789703905582428,8.0,42.6,49.4,0.4116,-0.848,0.5092489719390869,0.05899833142757416,7.6,38.4,54.0,0.4116,-0.852,0.8694865703582764,0.12618285417556763,7.4,42.0,50.6,0.4116,-0.832,0.8280351161956787,0.1288464367389679,8.4,42.8,48.8,0.4116
93000,-0.848,1.3234251737594604,0.08642333000898361,7.6,38.6,53.8,0.4116,-0.864,0.8149545192718506,0.11896121501922607,6.8,40.2,53.0,0.4116,-0.844,0.35312578082084656,0.07244271785020828,7.8,41.4,50.8,0.4116,-0.86,0.4968854784965515,0.05705153942108154,7.0,40.2,52.8,0.4116
93500,-0.892,0.4512454569339752,0.06033134460449219,5.4,41.8,52.8,0.4117,-0.876,0.5847516059875488,0.11924257129430771,6.2,39.2,54.6,0.4117,-0.888,0.38063547015190125,0.17188648879528046,5.6,41.6,52.8,0.4117,-0.872,0.346765398979187,0.09637922793626785,6.4,43.0,50.6,0.4117
94000,-0.848,0.6627909541130066,0.12256030738353729,7.6,41.0,51.4,0.4117,-0.8,0.8909891247749329,0.06854374706745148,10.0,39.0,51.0,0.4117,-0.848,1.2415637969970703,0.12140066921710968,7.6,37.2,55.2,0.4117,-0.876,0.5203571915626526,0.04851703718304634,6.2,45.0,48.8,0.4117
94500,-0.832,0.8800493478775024,0.09872761368751526,8.4,41.6,50.0,0.4118,-0.836,1.6339304447174072,0.17399364709854126,8.2,40.6,51.2,0.4118,-0.824,0.9974197745323181,0.05100969970226288,8.8,39.6,51.6,0.4118,-0.844,0.622344434261322,0.18713942170143127,7.8,39.0,53.2,0.4118
95000,-0.892,1.1803615093231201,0.08954731374979019,5.4,40.4,54.2,0.4119,-0.86,0.45142531394958496,0.19079525768756866,7.0,37.6,55.4,0.4119,-0.86,0.9991477131843567,0.0518161877989769,7.0,38.6,54.4,0.4119,-0.824,1.168358564376831,0.07702084630727768,8.8,38.8,52.4,0.4119
95500,-0.804,0.7260533571243286,0.08838992565870285,9.8,40.2,50.0,0.4119,-0.836,0.607205867767334,0.1049199253320694,8.2,40.8,51.0,0.4119,-0.864,0.9802972674369812,0.09654127806425095,6.8,38.4,54.8,0.4119,-0.836,0.4400535821914673,0.10325172543525696,8.2,39.8,52.0,0.4119
96000,-0.868,0.31076017022132874,0.09927979856729507,6.6,39.4,54.0,0.412,-0.848,0.46723389625549316,0.1355459988117218,7.6,37.6,54.8,0.412,-0.828,0.9255558252334595,0.06112268194556236,8.6,40.0,51.4,0.412,-0.9,0.3857303559780121,0.08632820844650269,5.0,44.0,51.0,0.412
96500,-0.792,0.366331547498703,0.1207568347454071,10.4,38.4,51.2,0.4121,-0.824,0.2940717339515686,0.12823477387428284,8.8,37.6,53.6,0.4121,-0.868,0.8216645121574402,0.07842516154050827,6.6,44.2,49.2,0.4121,-0.864,0.9052629470825195,0.19292175769805908,6.8,39.0,54.2,0.4121
97000,-0.82,0.7310066223144531,0.06062714755535126,9.0,42.8,48.2,0.4121,-0.888,0.4102863669395447,0.09402672201395035,5.6,41.2,53.2,0.4121,-0.852,0.6093751192092896,0.16499637067317963,7.4,39.0,53.6,0.4121,-0.84,1.3083528280258179,0.11650611460208893,8.0,33.4,58.6,0.4121
97500,-0.852,1.2943798303604126,0.07352843880653381,7.4,36.8,55.8,0.4122,-0.824,0.5933046936988831,0.08988900482654572,8.8,40.8,50.4,0.4122,-0.88,0.8707858324050903,0.13490943610668182,6.0,40.6,53.4,0.4122,-0.864,0.2787042260169983,0.14830496907234192,6.8,37.4,55.8,0.4122
98000,-0.792,0.8828741908073425,0.13367141783237457,10.4,39.2,50.4,0.4122,-0.876,0.5900945663452148,0.11481384187936783,6.2,37.8,56.0,0.4122,-0.876,0.5760656595230103,0.08113756030797958,6.2,37.4,56.4,0.4122,-0.852,1.0124123096466064,0.16608116030693054,7.4,36.8,55.8,0.4122
98500,-0.824,0.7939911484718323,0.15639947354793549,8.8,40.6,50.6,0.4123,-0.804,0.5358660221099854,0.12154947966337204,9.8,40.4,49.8,0.4123,-0.836,0.560329258441925,0.06312370300292969,8.2,35.8,56.0,0.4123,-0.828,0.6498857736587524,0.07579406350851059,8.6,35.6,55.8,0.4123
99000,-0.86,0.8406417965888977,0.09838391840457916,7.0,39.6,53.4,0.4124,-0.84,0.5406118631362915,0.14232492446899414,8.0,39.0,53.0,0.4124,-0.808,0.7120330929756165,0.06387839466333389,9.6,39.8,50.6,0.4124,-0.836,1.028320074081421,0.09232640266418457,8.2,37.8,54.0,0.4124
99500,-0.844,0.5699682235717773,0.07146139442920685,7.8,40.6,51.6,0.4124,-0.824,0.7182019352912903,0.1513826847076416,8.8,34.8,56.4,0.4124,-0.828,0.592032253742218,0.08573369681835175,8.6,36.2,55.2,0.4124,-0.824,0.6570285558700562,0.14893558621406555,8.8,36.2,55.0,0.4124
100000,-0.816,0.6053570508956909,0.14166243374347687,9.2,38.6,52.2,0.4125,-0.86,0.9316160678863525,0.09721264988183975,7.0,38.8,54.2,0.4125,-0.864,0.7412276864051819,0.09690343588590622,6.8,37.8,55.4,0.4125,-0.78,0.5075911283493042,0.1177206039428711,11.0,39.8,49.2,0.4125
100500,-0.86,1.0674021244049072,0.11896482855081558,7.0,40.4,52.6,0.4126,-0.852,0.7103351354598999,0.16067342460155487,7.4,42.8,49.8,0.4126,-0.872,0.24025921523571014,0.04954981803894043,6.4,39.0,54.6,0.4126,-0.812,0.45330002903938293,0.10252965986728668,9.4,35.4,55.2,0.4126
101000,-0.876,0.5014735460281372,0.11549545079469681,6.2,42.2,51.6,0.4126,-0.816,0.547747015953064,0.10393248498439789,9.2,40.2,50.6,0.4126,-0.868,0.4157523512840271,0.12128984183073044,6.6,34.4,59.0,0.4126,-0.832,0.47279101610183716,0.08181405812501907,8.4,36.0,55.6,0.4126
101500,-0.756,0.34244927763938904,0.2061326503753662,12.2,40.8,47.0,0.4127,-0.848,0.43265801668167114,0.18336427211761475,7.6,42.2,50.2,0.4127,-0.856,0.6940811276435852,0.05199646204710007,7.2,37.2,55.6,0.4127,-0.832,0.462058424949646,0.14221853017807007,8.4,43.2,48.4,0.4127
102000,-0.852,0.3161875307559967,0.17756937444210052,7.4,41.0,51.6,0.4127,-0.784,0.4939962923526764,0.10963085293769836,10.8,36.8,52.4,0.4127,-0.884,0.37979263067245483,0.09141470491886139,5.8,43.4,50.8,0.4127,-0.808,0.6555787324905396,0.08396929502487183,9.6,39.6,50.8,0.4127
102500,-0.852,1.0433950424194336,0.11417873948812485,7.4,37.2,55.4,0.4128,-0.816,0.6613254547119141,0.09647632390260696,9.2,39.6,51.2,0.4128,-0.844,0.42397427558898926,0.0420951172709465,7.8,34.2,58.0,0.4128,-0.84,0.729183554649353,0.09305879473686218,8.0,34.8,57.2,0.4128
103000,-0.836,0.7945518493652344,0.11723921447992325,8.2,38.0,53.8,0.4129,-0.796,0.8118672966957092,0.1647128462791443,10.2,34.6,55.2,0.4129,-0.848,0.5769179463386536,0.08195796608924866,7.6,37.2,55.2,0.4129,-0.816,0.22050181031227112,0.07191880792379379,9.2,36.8,54.0,0.4129
103500,-0.828,0.46245554089546204,0.13181358575820923,8.6,36.4,55.0,0.4129,-0.792,0.8611571788787842,0.1295226812362671,10.4,35.6,54.0,0.4129,-0.832,1.0784339904785156,0.05941217392683029,8.4,40.6,51.0,0.4129,-0.852,0.49417436122894287,0.0542752668261528,7.4,42.0,50.6,0.4129
104000,-0.852,0.791612446308136,0.08070281893014908,7.4,38.8,53.8,0.413,-0.836,0.4958157539367676,0.11014571785926819,8.2,37.2,54.6,0.413,-0.856,0.7260349988937378,0.0961771309375763,7.2,37.0,55.8,0.413,-0.836,0.4434282183647156,0.08514659106731415,8.2,35.0,56.8,0.413
104500,-0.856,0.49638569355010986,0.10190784931182861,7.2,39.6,53.2,0.4131,-0.748,0.6906208992004395,0.13413716852664948,12.6,34.6,52.8,0.4131,-0.8,0.42084890604019165,0.10564658045768738,10.0,34.4,55.6,0.4131,-0.816,0.4882138669490814,0.10079322755336761,9.2,34.4,56.4,0.4131
105000,-0.804,0.8511926531791687,0.07044278085231781,9.8,36.6,53.6,0.4131,-0.816,0.5348179340362549,0.1398879736661911,9.2,41.6,49.2,0.4131,-0.852,0.5742524266242981,0.10106965899467468,7.4,37.6,55.0,0.4131,-0.836,0.9589909315109253,0.07321235537528992,8.2,38.2,53.6,0.4131
105500,-0.844,1.0538263320922852,0.1071292981505394,7.8,40.4,51.8,0.4132,-0.752,0.4965577721595764,0.15232723951339722,12.4,37.2,50.4,0.4132,-0.836,0.30496498942375183,0.06114000454545021,8.2,34.6,57.2,0.4132,-0.824,1.0174288749694824,0.10620825737714767,8.8,36.0,55.2,0.4132
106000,-0.856,0.4084068536758423,0.12236090004444122,7.2,38.6,54.2,0.4132,-0.784,0.7829626202583313,0.1270129680633545,10.8,35.6,53.6,0.4132,-0.88,0.7938640117645264,0.1690906584262848,6.0,35.4,58.6,0.4132,-0.824,0.941354513168335,0.12734895944595337,8.8,37.0,54.2,0.4132
106500,-0.84,0.5809876322746277,0.10408282279968262,8.0,33.8,58.2,0.4133,-0.8,1.2462718486785889,0.10786059498786926,10.0,39.2,50.8,0.4133,-0.836,0.6979821920394897,0.09131237119436264,8.2,37.0,54.8,0.4133,-0.852,0.8446760177612305,0.0730055645108223,7.4,32.8,59.8,0.4133
107000,-0.836,0.8403492569923401,0.17899656295776367,8.2,36.8,55.0,0.4134,-0.804,0.4494897127151489,0.11184648424386978,9.8,38.4,51.8,0.4134,-0.868,0.8156253099441528,0.1333773136138916,6.6,35.2,58.2,0.4134,-0.86,0.9635460376739502,0.08214100450277328,7.0,38.4,54.6,0.4134
107500,-0.804,0.3922320604324341,0.11568000912666321,9.8,35.4,54.8,0.4134,-0.832,0.6131744980812073,0.17158949375152588,8.4,42.4,49.2,0.4134,-0.836,0.37302500009536743,0.05725127458572388,8.2,33.6,58.2,0.4134,-0.864,0.5132253766059875,0.118320532143116,6.8,37.8,55.4,0.4134
108000,-0.808,1.0993696451187134,0.108372263610363,9.6,39.8,50.6,0.4135,-0.82,0.24871839582920074,0.10843783617019653,9.0,39.8,51.2,0.4135,-0.912,0.7157303094863892,0.12836524844169617,4.4,37.2,58.4,0.4135,-0.868,0.7191752195358276,0.11999627202749252,6.6,37.4,56.0,0.4135
108500,-0.816,0.9712496399879456,0.09775067865848541,9.2,36.8,54.0,0.4136,-0.836,0.5111398696899414,0.1157134473323822,8.2,38.4,53.4,0.4136,-0.892,0.4168003797531128,0.10864322632551193,5.4,34.8,59.8,0.4136,-0.86,0.6100292205810547,0.15142256021499634,7.0,36.2,56.8,0.4136
109000,-0.856,0.3740878105163574,0.09618775546550751,7.2,32.6,60.2,0.4136,-0.76,0.4819883704185486,0.08023799955844879,12.0,40.4,47.6,0.4136,-0.888,0.3862329125404358,0.16100040078163147,5.6,34.6,59.8,0.4136,-0.852,0.5121191740036011,0.06831269711256027,7.4,37.8,54.8,0.4136
109500,-0.848,0.6843926906585693,0.11776012927293777,7.6,34.0,58.4,0.4137,-0.764,0.4823210835456848,0.1439208984375,11.8,39.6,48.6,0.4137,-0.86,0.8298852443695068,0.10083968192338943,7.0,33.0,60.0,0.4137,-0.84,0.5647732019424438,0.11588726937770844,8.0,35.6,56.4,0.4137
110000,-0.82,1.0385162830352783,0.08908667415380478,9.0,40.2,50.8,0.4137,-0.764,0.6818380355834961,0.19640696048736572,11.8,36.2,52.0,0.4137,-0.856,0.4344787299633026,0.11398786306381226,7.2,33.4,59.4,0.4137,-0.84,0.8592845797538757,0.10992113500833511,8.0,35.0,57.0,0.4137
110500,-0.904,0.4446951150894165,0.11550196260213852,4.8,38.6,56.6,0.4138,-0.848,0.591529905796051,0.12567394971847534,7.6,41.0,51.4,0.4138,-0.84,0.6189283728599548,0.10722377896308899,8.0,34.4,57.6,0.4138,-0.824,0.9248758554458618,0.050664614886045456,8.8,34.8,56.4,0.4138
111000,-0.852,0.8513174653053284,0.16972219944000244,7.4,34.8,57.8,0.4139,-0.8,0.9266774654388428,0.10639312863349915,10.0,43.8,46.2,0.4139,-0.86,0.5118521451950073,0.0988897755742073,7.0,35.2,57.8,0.4139,-0.824,0.6272194385528564,0.08213686943054199,8.8,32.4,58.8,0.4139
111500,-0.8,0.6293029189109802,0.215956449508667,10.0,33.2,56.8,0.4139,-0.84,0.5617372393608093,0.12626424431800842,8.0,39.8,52.2,0.4139,-0.844,0.641876220703125,0.1279858648777008,7.8,37.4,54.8,0.4139,-0.868,0.36853301525115967,0.08952951431274414,6.6,33.6,59.8,0.4139
112000,-0.828,0.5527729988098145,0.16053149104118347,8.6,37.8,53.6,0.414,-0.772,0.456449031829834,0.1412612497806549,11.4,41.4,47.2,0.414,-0.844,0.3146945834159851,0.07178296148777008,7.8,34.6,57.6,0.414,-0.88,0.6401659250259399,0.13069258630275726,6.0,36.2,57.8,0.414
112500,-0.816,0.40371254086494446,0.12961053848266602,9.2,32.4,58.4,0.4141,-0.772,0.36297693848609924,0.07592174410820007,11.4,42.4,46.2,0.4141,-0.84,0.4446102976799011,0.058300670236349106,8.0,32.8,59.2,0.4141,-0.8,0.8667005300521851,0.11469228565692902,10.0,36.0,54.0,0.4141
113000,-0.816,0.5212572813034058,0.10899119079113007,9.2,33.6,57.2,0.4141,-0.82,0.4414324164390564,0.14699989557266235,9.0,41.4,49.6,0.4141,-0.844,1.4001803398132324,0.08426954597234726,7.8,30.6,61.6,0.4141,-0.852,0.781236469745636,0.14324328303337097,7.4,36.4,56.2,0.4141
113500,-0.804,1.2828025817871094,0.11758796870708466,9.8,30.4,59.8,0.4142,-0.808,0.9515807628631592,0.14654041826725006,9.6,37.8,52.6,0.4142,-0.812,0.5841735601425171,0.11952485889196396,9.4,32.8,57.8,0.4142,-0.836,0.6104447245597839,0.057393405586481094,8.2,31.6,60.2,0.4142
114000,-0.792,0.6093226671218872,0.10140896588563919,10.4,34.0,55.6,0.4142,-0.788,0.4433838129043579,0.12398643791675568,10.6,39.8,49.6,0.4142,-0.884,1.409179449081421,0.1365230828523636,5.8,34.4,59.8,0.4142,-0.792,0.6829509735107422,0.12324929982423782,10.4,37.2,52.4,0.4142
114500,-0.876,0.4552801847457886,0.11362607032060623,6.2,35.8,58.0,0.4143,-0.812,0.6897128224372864,0.08781570941209793,9.4,43.6,47.0,0.4143,-0.872,0.7163317203521729,0.1038273498415947,6.4,29.2,64.4,0.4143,-0.832,0.7119578123092651,0.08704470843076706,8.4,32.8,58.8,0.4143
115000,-0.856,1.6791205406188965,0.07401838898658752,7.2,36.6,56.2,0.4144,-0.836,0.6524096727371216,0.2316211462020874,8.2,42.0,49.8,0.4144,-0.876,0.7170358896255493,0.12816503643989563,6.2,35.8,58.0,0.4144,-0.896,0.4324047863483429,0.12991182506084442,5.2,38.2,56.6,0.4144
115500,-0.86,1.4271634817123413,0.07912524044513702,7.0,37.2,55.8,0.4144,-0.752,0.8462436199188232,0.13304762542247772,12.4,38.8,48.8,0.4144,-0.856,0.8021430373191833,0.13730405271053314,7.2,32.8,60.0,0.4144,-0.82,0.6544554829597473,0.11780337244272232,9.0,31.6,59.4,0.4144
116000,-0.84,0.5062710046768188,0.11455734074115753,8.0,34.2,57.8,0.4145,-0.824,0.7246599197387695,0.13277578353881836,8.8,42.2,49.0,0.4145,-0.828,0.6517148017883301,0.13376536965370178,8.6,34.0,57.4,0.4145,-0.824,0.3572722375392914,0.1257273107767105,8.8,30.6,60.6,0.4145
116500,-0.832,0.45354583859443665,0.17012479901313782,8.4,35.4,56.2,0.4146,-0.784,0.4677998423576355,0.07973368465900421,10.8,41.4,47.8,0.4146,-0.872,0.46994027495384216,0.1350536048412323,6.4,38.2,55.4,0.4146,-0.824,0.3428766429424286,0.08073868602514267,8.8,33.6,57.6,0.4146
117000,-0.872,0.7267457842826843,0.1417536437511444,6.4,32.6,61.0,0.4146,-0.82,0.5615330338478088,0.11035363376140594,9.0,43.2,47.8,0.4146,-0.816,0.7383530139923096,0.12382394820451736,9.2,34.4,56.4,0.4146,-0.828,0.5454241037368774,0.1364525854587555,8.6,30.8,60.6,0.4146
117500,-0.828,0.7568004131317139,0.119115449488163,8.6,32.8,58.6,0.4147,-0.768,1.2460750341415405,0.1428917497396469,11.6,36.6,51.8,0.4147,-0.836,0.6259926557540894,0.05016573891043663,8.2,36.2,55.6,0.4147,-0.852,0.7945782542228699,0.1360006183385849,7.4,33.2,59.4,0.4147
118000,-0.832,0.7382484674453735,0.11279372870922089,8.4,32.4,59.2,0.4147,-0.776,0.8749465942382812,0.1241542249917984,11.2,38.0,50.8,0.4147,-0.832,1.1097255945205688,0.10225262492895126,8.4,35.2,56.4,0.4147,-0.772,0.4544316530227661,0.1400015652179718,11.4,31.8,56.8,0.4147
118500,-0.856,0.6839166879653931,0.13657264411449432,7.2,33.6,59.2,0.4148,-0.728,0.637795090675354,0.17460697889328003,13.6,40.4,46.0,0.4148,-0.884,0.8878317475318909,0.22579586505889893,5.8,34.4,59.8,0.4148,-0.828,0.5549619793891907,0.14841783046722412,8.6,30.2,61.2,0.4148
119000,-0.832,0.4682613015174866,0.10883815586566925,8.4,34.4,57.2,0.4149,-0.764,0.4411475360393524,0.12273705750703812,11.8,41.6,46.6,0.4149,-0.836,1.0756455659866333,0.08380158245563507,8.2,31.0,60.8,0.4149,-0.852,0.48014020919799805,0.09211531281471252,7.4,32.0,60.6,0.4149
119500,-0.852,0.5429175496101379,0.09211678802967072,7.4,38.0,54.6,0.4149,-0.824,0.6546557545661926,0.16704925894737244,8.8,47.4,43.8,0.4149,-0.816,0.8107825517654419,0.12568773329257965,9.2,30.0,60.8,0.4149,-0.848,0.22953054308891296,0.14043380320072174,7.6,32.0,60.4,0.4149
120000,-0.856,0.4382607340812683,0.11201237142086029,7.2,32.0,60.8,0.415,-0.832,0.5150490403175354,0.19272200763225555,8.4,40.6,51.0,0.415,-0.828,0.7478154301643372,0.15613773465156555,8.6,29.6,61.8,0.415,-0.8,0.3509462773799896,0.11353814601898193,10.0,30.8,59.2,0.415
120500,-0.868,0.638667106628418,0.12783411145210266,6.6,32.8,60.6,0.4151,-0.84,0.677251398563385,0.1443098932504654,8.0,39.4,52.6,0.4151,-0.848,0.397634893655777,0.09259024262428284,7.6,32.8,59.6,0.4151,-0.828,0.5961670875549316,0.12105464190244675,8.6,30.2,61.2,0.4151
121000,-0.856,0.5904664397239685,0.06803193688392639,7.2,33.6,59.2,0.4151,-0.724,0.8976959586143494,0.10997186601161957,13.8,39.8,46.4,0.4151,-0.856,0.8478206992149353,0.1844310760498047,7.2,34.6,58.2,0.4151,-0.8,0.42438846826553345,0.08245878666639328,10.0,34.4,55.6,0.4151
121500,-0.86,0.4752112627029419,0.11432982981204987,7.0,34.2,58.8,0.4152,-0.82,0.5363477468490601,0.11307094246149063,9.0,37.2,53.8,0.4152,-0.848,0.8584990501403809,0.09003718197345734,7.6,33.6,58.8,0.4152,-0.808,0.3068658411502838,0.12618476152420044,9.6,30.6,59.8,0.4152
122000,-0.804,0.9808135032653809,0.16603678464889526,9.8,31.4,58.8,0.4152,-0.8,1.4226319789886475,0.1332584023475647,10.0,36.2,53.8,0.4152,-0.812,0.7666748762130737,0.14201442897319794,9.4,29.8,60.8,0.4152,-0.832,0.7482548952102661,0.12551003694534302,8.4,28.0,63.6,0.4152
122500,-0.804,0.6769552826881409,0.1032974049448967,9.8,28.2,62.0,0.4153,-0.824,0.4525367319583893,0.14211708307266235,8.8,40.4,50.8,0.4153,-0.848,0.7371753454208374,0.14228004217147827,7.6,29.2,63.2,0.4153,-0.832,0.5015411972999573,0.06358803063631058,8.4,31.2,60.4,0.4153
123000,-0.808,0.34634435176849365,0.06366626918315887,9.6,33.0,57.4,0.4154,-0.796,1.282106637954712,0.16784422099590302,10.2,39.4,50.4,0.4154,-0.856,0.8952009081840515,0.18620455265045166,7.2,29.8,63.0,0.4154,-0.856,0.6734870672225952,0.21252566576004028,7.2,30.0,62.8,0.4154
123500,-0.804,0.9668271541595459,0.11202671378850937,9.8,34.0,56.2,0.4154,-0.764,0.6850193738937378,0.15220695734024048,11.8,40.2,48.0,0.4154,-0.828,0.4307134449481964,0.15470585227012634,8.6,31.6,59.8,0.4154,-0.856,0.5080685615539551,0.07070907205343246,7.2,30.0,62.8,0.4154
124000,-0.776,0.4331849217414856,0.13934171199798584,11.2,29.8,59.0,0.4155,-0.716,0.37918126583099365,0.13908517360687256,14.2,35.4,50.4,0.4155,-0.828,1.1451596021652222,0.08247463405132294,8.6,27.0,64.4,0.4155,-0.82,0.7037985324859619,0.11223611235618591,9.0,31.2,59.8,0.4155
124500,-0.784,0.20350727438926697,0.10309775918722153,10.8,31.0,58.2,0.4156,-0.836,0.4679272770881653,0.11451534926891327,8.2,43.4,48.4,0.4156,-0.82,0.8324113488197327,0.1641129106283188,9.0,30.4,60.6,0.4156,-0.808,0.9021094441413879,0.11632286012172699,9.6,28.6,61.8,0.4156
125000,-0.816,0.8109383583068848,0.187868133187294,9.2,33.0,57.8,0.4156,-0.784,0.19424483180046082,0.15133622288703918,10.8,39.0,50.2,0.4156,-0.836,0.9141605496406555,0.15849711000919342,8.2,31.0,60.8,0.4156,-0.792,0.6205835938453674,0.06230020523071289,10.4,32.4,57.2,0.4156
125500,-0.856,0.6595373749732971,0.1520562469959259,7.2,31.2,61.6,0.4157,-0.748,0.5616384744644165,0.13217660784721375,12.6,39.8,47.6,0.4157,-0.86,0.23703911900520325,0.12103359401226044,7.0,28.2,64.8,0.4157,-0.848,0.35516661405563354,0.10763241350650787,7.6,29.4,63.0,0.4157
126000,-0.808,0.5346156358718872,0.12878865003585815,9.6,32.6,57.8,0.4157,-0.78,0.8584216833114624,0.16812875866889954,11.0,39.0,50.0,0.4157,-0.768,0.4207369089126587,0.08970368653535843,11.6,30.4,58.0,0.4157,-0.8,0.5670293569564819,0.1310899704694748,10.0,28.8,61.2,0.4157
126500,-0.86,0.746512234210968,0.11998763680458069,7.0,25.8,67.2,0.4158,-0.752,0.572940468788147,0.1160210520029068,12.4,39.2,48.4,0.4158,-0.836,0.4632163345813751,0.16790340840816498,8.2,27.6,64.2,0.4158,-0.836,0.5495307445526123,0.0792369693517685,8.2,31.8,60.0,0.4158
127000,-0.816,0.36335593461990356,0.16230224072933197,9.2,27.0,63.8,0.4159,-0.792,0.6091816425323486,0.14646640419960022,10.4,41.4,48.2,0.4159,-0.84,0.6946902275085449,0.1752166450023651,8.0,27.4,64.6,0.4159,-0.808,0.9324637651443481,0.12690141797065735,9.6,28.0,62.4,0.4159
127500,-0.828,0.8121339678764343,0.11151917278766632,8.6,28.4,63.0,0.4159,-0.82,0.5318147540092468,0.14854831993579865,9.0,39.8,51.2,0.4159,-0.836,0.3980753421783447,0.19412608444690704,8.2,31.0,60.8,0.4159,-0.84,0.4027130603790283,0.11659897863864899,8.0,32.4,59.6,0.4159
128000,-0.808,0.8679729700088501,0.13581392168998718,9.6,31.6,58.8,0.416,-0.74,0.2732626795768738,0.13454966247081757,13.0,36.4,50.6,0.416,-0.784,0.3340972065925598,0.202825129032135,10.8,25.4,63.8,0.416,-0.832,0.3416762948036194,0.09452864527702332,8.4,25.0,66.6,0.416
128500,-0.792,0.41640952229499817,0.14899100363254547,10.4,29.2,60.4,0.4161,-0.768,0.5342402458190918,0.1756061613559723,11.6,36.0,52.4,0.4161,-0.82,0.8082778453826904,0.09587535262107849,9.0,27.2,63.8,0.4161,-0.804,0.5384045839309692,0.15148276090621948,9.8,29.6,60.6,0.4161
129000,-0.832,0.3902701735496521,0.124916672706604,8.4,28.2,63.4,0.4161,-0.796,0.6726456880569458,0.1487257182598114,10.2,37.2,52.6,0.4161,-0.86,0.8753881454467773,0.12707829475402832,7.0,31.0,62.0,0.4161,-0.788,0.5834740400314331,0.10407276451587677,10.6,31.6,57.8,0.4161
129500,-0.776,0.4540230631828308,0.08536489307880402,11.2,27.0,61.8,0.4162,-0.756,0.7799191474914551,0.11293816566467285,12.2,39.4,48.4,0.4162,-0.808,0.5675658583641052,0.1346229910850525,9.6,30.6,59.8,0.4162,-0.856,0.29293420910835266,0.13395312428474426,7.2,32.4,60.4,0.4162
130000,-0.812,0.2508426904678345,0.07538602501153946,9.4,28.8,61.8,0.4162,-0.788,0.3979194164276123,0.26561394333839417,10.6,41.6,47.8,0.4162,-0.804,1.4189445972442627,0.12251073122024536,9.8,25.4,64.8,0.4162,-0.82,1.1844300031661987,0.08096613734960556,9.0,29.4,61.6,0.4162
130500,-0.828,0.688370943069458,0.15178000926971436,8.6,27.2,64.2,0.4163,-0.776,0.7674539089202881,0.10420756042003632,11.2,35.4,53.4,0.4163,-0.868,0.8930642604827881,0.08838602900505066,6.6,33.4,60.0,0.4163,-0.84,0.610336422920227,0.10689243674278259,8.0,26.4,65.6,0.4163
131000,-0.816,0.5059970617294312,0.12031146883964539,9.2,25.4,65.4,0.4164,-0.744,0.6967693567276001,0.18944624066352844,12.8,42.4,44.8,0.4164,-0.836,0.8323130011558533,0.13343307375907898,8.2,28.8,63.0,0.4164,-0.812,0.6013347506523132,0.08396026492118835,9.4,26.6,64.0,0.4164
131500,-0.872,0.7182868719100952,0.09813975542783737,6.4,30.8,62.8,0.4164,-0.804,1.1017954349517822,0.1812424510717392,9.8,40.6,49.6,0.4164,-0.844,0.940005362033844,0.13511966168880463,7.8,27.4,64.8,0.4164,-0.792,1.1640870571136475,0.12504397332668304,10.4,28.6,61.0,0.4164
132000,-0.844,0.6324819326400757,0.1448563188314438,7.8,30.0,62.2,0.4165,-0.784,0.687942624092102,0.14945092797279358,10.8,40.8,48.4,0.4165,-0.864,1.0058492422103882,0.15959049761295319,6.8,29.4,63.8,0.4165,-0.816,0.6812687516212463,0.18580284714698792,9.2,25.8,65.0,0.4165
132500,-0.804,0.458049476146698,0.16349460184574127,9.8,30.2,60.0,0.4166,-0.832,0.5999264121055603,0.14363974332809448,8.4,37.8,53.8,0.4166,-0.868,1.470154047012329,0.14781498908996582,6.6,26.8,66.6,0.4166,-0.812,0.5484434366226196,0.12389659136533737,9.4,28.4,62.2,0.4166
133000,-0.82,0.46572020649909973,0.09472863376140594,9.0,26.8,64.2,0.4166,-0.74,0.8003643751144409,0.09190212190151215,13.0,37.4,49.6,0.4166,-0.828,0.573913037776947,0.09669934213161469,8.6,30.0,61.4,0.4166,-0.796,0.5942600965499878,0.09586627781391144,10.2,28.2,61.6,0.4166
133500,-0.788,0.7928179502487183,0.12279178202152252,10.6,28.2,61.2,0.4167,-0.772,0.6154345273971558,0.12119690328836441,11.4,40.2,48.4,0.4167,-0.848,0.8620038032531738,0.10763542354106903,7.6,31.4,61.0,0.4167,-0.784,0.6399179100990295,0.11206937581300735,10.8,24.8,64.4,0.4167
134000,-0.772,0.544411301612854,0.1048830896615982,11.4,29.6,59.0,0.4167,-0.804,1.1632881164550781,0.14813221991062164,9.8,36.8,53.4,0.4167,-0.812,0.6408491730690002,0.11246535927057266,9.4,29.8,60.8,0.4167,-0.784,0.37803077697753906,0.08003740012645721,10.8,28.2,61.0,0.4167
134500,-0.816,0.7446746826171875,0.12918366491794586,9.2,28.2,62.6,0.4168,-0.764,0.7155258059501648,0.16284501552581787,11.8,39.6,48.6,0.4168,-0.8,0.7573297023773193,0.06771162152290344,10.0,27.0,63.0,0.4168,-0.824,0.7448819279670715,0.11873683333396912,8.8,31.6,59.6,0.4168
135000,-0.76,0.6192330121994019,0.10144156217575073,12.0,23.4,64.6,0.4169,-0.752,1.2716858386993408,0.1304396390914917,12.4,37.6,50.0,0.4169,-0.852,1.25508451461792,0.13605619966983795,7.4,27.0,65.6,0.4169,-0.832,0.3745133876800537,0.13444742560386658,8.4,27.8,63.8,0.4169
135500,-0.88,0.7806906700134277,0.0955318957567215,6.0,30.0,64.0,0.4169,-0.796,1.1102581024169922,0.13409733772277832,10.2,41.0,48.8,0.4169,-0.856,1.326219081878662,0.15491455793380737,7.2,27.6,65.2,0.4169,-0.82,0.24047066271305084,0.12026438117027283,9.0,27.2,63.8,0.4169
136000,-0.856,1.4391010999679565,0.10585137456655502,7.2,28.8,64.0,0.417,-0.804,1.376763105392456,0.1428607851266861,9.8,38.4,51.8,0.417,-0.848,1.071847915649414,0.14717671275138855,7.6,30.0,62.4,0.417,-0.844,0.3895954489707947,0.12419590353965759,7.8,26.4,65.8,0.417
136500,-0.788,1.27422297000885,0.187877357006073,10.6,25.4,64.0,0.4171,-0.788,0.5596040487289429,0.11336619406938553,10.6,39.2,50.2,0.4171,-0.836,0.73722243309021,0.15309542417526245,8.2,27.4,64.4,0.4171,-0.788,0.6397660970687866,0.15401270985603333,10.6,24.0,65.4,0.4171
137000,-0.832,0.6495072245597839,0.11799877882003784,8.4,27.6,64.0,0.4171,-0.764,0.7100774645805359,0.10363506525754929,11.8,39.8,48.4,0.4171,-0.852,0.550209105014801,0.1403033435344696,7.4,28.0,64.6,0.4171,-0.788,0.961525022983551,0.10483506321907043,10.6,28.4,61.0,0.4171
137500,-0.756,0.7295454740524292,0.15181399881839752,12.2,26.8,61.0,0.4172,-0.8,0.5447799563407898,0.1999140977859497,10.0,33.8,56.2,0.4172,-0.808,0.7338486909866333,0.12490596622228622,9.6,25.2,65.2,0.4172,-0.784,0.3507688343524933,0.09550148993730545,10.8,27.4,61.8,0.4172
138000,-0.8,1.0941147804260254,0.19237303733825684,10.0,26.4,63.6,0.4172,-0.772,0.6104561686515808,0.19090230762958527,11.4,40.8,47.8,0.4172,-0.804,0.6726667881011963,0.13751645386219025,9.8,29.2,61.0,0.4172,-0.824,0.6723913550376892,0.09630943089723587,8.8,27.8,63.4,0.4172
138500,-0.82,0.6123564839363098,0.07923118025064468,9.0,26.2,64.8,0.4173,-0.772,1.3309814929962158,0.12041762471199036,11.4,40.8,47.8,0.4173,-0.852,1.2248544692993164,0.06875846534967422,7.4,28.0,64.6,0.4173,-0.82,0.8438293933868408,0.1277424693107605,9.0,24.4,66.6,0.4173
139000,-0.808,1.0986884832382202,0.12654516100883484,9.6,26.8,63.6,0.4174,-0.796,0.5391229391098022,0.2093835473060608,10.2,38.0,51.8,0.4174,-0.876,0.8134543895721436,0.13084611296653748,6.2,26.8,67.0,0.4174,-0.824,0.3892993628978729,0.18027517199516296,8.8,25.8,65.4,0.4174
139500,-0.784,0.9727231860160828,0.13598547875881195,10.8,26.6,62.6,0.4174,-0.816,0.37718796730041504,0.1492912769317627,9.2,38.6,52.2,0.4174,-0.84,0.383250892162323,0.10311678051948547,8.0,29.4,62.6,0.4174,-0.82,0.477510005235672,0.10581173002719879,9.0,24.8,66.2,0.4174
140000,-0.8,0.8259358406066895,0.12824378907680511,10.0,26.8,63.2,0.4175,-0.812,0.7089797258377075,0.11358264088630676,9.4,36.0,54.6,0.4175,-0.824,0.6080672740936279,0.12398471683263779,8.8,27.2,64.0,0.4175,-0.816,0.7033692598342896,0.09735868126153946,9.2,25.4,65.4,0.4175
140500,-0.816,0.4481716752052307,0.12443480640649796,9.2,24.4,66.4,0.4176,-0.788,0.4817381501197815,0.1512024700641632,10.6,33.8,55.6,0.4176,-0.796,0.4251847565174103,0.1732006072998047,10.2,24.8,65.0,0.4176,-0.84,0.5087547302246094,0.1279962658882141,8.0,25.8,66.2,0.4176
141000,-0.828,0.5746281147003174,0.14112982153892517,8.6,25.0,66.4,0.4176,-0.808,0.6618093848228455,0.17901888489723206,9.6,37.6,52.8,0.4176,-0.856,0.6064611077308655,0.11416447162628174,7.2,27.4,65.4,0.4176,-0.772,0.5601157546043396,0.13682875037193298,11.4,24.0,64.6,0.4176
141500,-0.772,0.5949584245681763,0.17107057571411133,11.4,29.6,59.0,0.4177,-0.748,1.0104916095733643,0.14925068616867065,12.6,36.2,51.2,0.4177,-0.836,1.1970255374908447,0.12546047568321228,8.2,26.0,65.8,0.4177,-0.816,0.709019660949707,0.10708650946617126,9.2,26.4,64.4,0.4177
142000,-0.816,0.6225024461746216,0.11834631115198135,9.2,24.2,66.6,0.4177,-0.808,0.5477566123008728,0.16778214275836945,9.6,36.8,53.6,0.4177,-0.872,0.7362616658210754,0.11856912821531296,6.4,25.6,68.0,0.4177,-0.808,0.6018400192260742,0.13957223296165466,9.6,25.8,64.6,0.4177
142500,-0.804,0.6792618036270142,0.11600100249052048,9.8,21.6,68.6,0.4178,-0.756,0.2190469205379486,0.16221663355827332,12.2,32.8,55.0,0.4178,-0.82,0.7624750733375549,0.12065796554088593,9.0,23.8,67.2,0.4178,-0.828,0.6722291707992554,0.17755207419395447,8.6,23.4,68.0,0.4178
143000,-0.836,0.5776331424713135,0.14973443746566772,8.2,25.2,66.6,0.4179,-0.82,1.1367716789245605,0.1782478392124176,9.0,33.0,58.0,0.4179,-0.788,0.9926919341087341,0.09011252224445343,10.6,29.4,60.0,0.4179,-0.824,0.8243546485900879,0.16339269280433655,8.8,23.4,67.8,0.4179
143500,-0.832,0.6280602216720581,0.12129667401313782,8.4,24.4,67.2,0.4179,-0.736,0.5244699120521545,0.17628729343414307,13.2,36.4,50.4,0.4179,-0.824,0.620212197303772,0.20946788787841797,8.8,25.8,65.4,0.4179,-0.836,0.6465812921524048,0.11823607236146927,8.2,22.6,69.2,0.4179
144000,-0.84,1.2253891229629517,0.14909516274929047,8.0,22.6,69.4,0.418,-0.768,0.40543031692504883,0.1365176886320114,11.6,40.6,47.8,0.418,-0.836,1.7139222621917725,0.09355586767196655,8.2,28.8,63.0,0.418,-0.82,0.4965653121471405,0.09712405502796173,9.0,28.6,62.4,0.418
144500,-0.784,0.3783247172832489,0.11367183178663254,10.8,25.6,63.6,0.4181,-0.816,0.9451817870140076,0.12924475967884064,9.2,37.0,53.8,0.4181,-0.82,0.6137758493423462,0.12456400692462921,9.0,22.2,68.8,0.4181,-0.824,0.6457597017288208,0.13880984485149384,8.8,23.6,67.6,0.4181
145000,-0.796,0.6030709147453308,0.12680253386497498,10.2,30.6,59.2,0.4181,-0.792,0.7558209896087646,0.15299555659294128,10.4,34.6,55.0,0.4181,-0.868,0.6855483055114746,0.11362816393375397,6.6,28.6,64.8,0.4181,-0.792,0.8583656549453735,0.07589615881443024,10.4,23.2,66.4,0.4181
145500,-0.756,0.6761138439178467,0.12847673892974854,12.2,26.0,61.8,0.4182,-0.764,0.7128733396530151,0.13324806094169617,11.8,32.0,56.2,0.4182,-0.836,0.4004456102848053,0.14413100481033325,8.2,26.4,65.4,0.4182,-0.8,0.6858528256416321,0.1346510797739029,10.0,27.0,63.0,0.4182
146000,-0.792,0.2976662814617157,0.14299166202545166,10.4,22.6,67.0,0.4182,-0.788,0.47874268889427185,0.1781846582889557,10.6,35.6,53.8,0.4182,-0.84,0.7803808450698853,0.1338752806186676,8.0,25.0,67.0,0.4182,-0.836,0.5355226993560791,0.14348545670509338,8.2,23.6,68.2,0.4182
146500,-0.812,0.8908389210700989,0.1620403528213501,9.4,23.0,67.6,0.4183,-0.788,0.6780039072036743,0.1507081836462021,10.6,35.0,54.4,0.4183,-0.888,0.7759242057800293,0.11223754286766052,5.6,26.0,68.4,0.4183,-0.8,0.9839951992034912,0.1255365014076233,10.0,25.2,64.8,0.4183
147000,-0.84,0.7240277528762817,0.13387124240398407,8.0,20.8,71.2,0.4184,-0.788,0.3971691429615021,0.2211342751979828,10.6,33.8,55.6,0.4184,-0.852,1.5069373846054077,0.10137376189231873,7.4,25.2,67.4,0.4184,-0.816,0.48452889919281006,0.17329910397529602,9.2,27.4,63.4,0.4184
147500,-0.8,0.8138422966003418,0.14498479664325714,10.0,23.8,66.2,0.4184,-0.756,0.8477518558502197,0.22261840105056763,12.2,30.8,57.0,0.4184,-0.84,0.903725266456604,0.10139288008213043,8.0,23.6,68.4,0.4184,-0.808,1.3457856178283691,0.16227668523788452,9.6,22.6,67.8,0.4184
148000,-0.816,0.467180460691452,0.15273359417915344,9.2,24.0,66.8,0.4185,-0.76,0.6105582118034363,0.15662992000579834,12.0,32.8,55.2,0.4185,-0.776,1.0358649492263794,0.12269523739814758,11.2,27.6,61.2,0.4185,-0.76,0.39822351932525635,0.10927794873714447,12.0,23.6,64.4,0.4185
148500,-0.744,0.6631841659545898,0.1153705045580864,12.8,24.4,62.8,0.4186,-0.792,0.5623618364334106,0.187849223613739,10.4,35.0,54.6,0.4186,-0.816,1.75710928440094,0.17259591817855835,9.2,27.2,63.6,0.4186,-0.848,0.7618911862373352,0.16851377487182617,7.6,21.0,71.4,0.4186
149000,-0.78,0.6390038728713989,0.1724701225757599,11.0,24.4,64.6,0.4186,-0.784,0.41115689277648926,0.14685215055942535,10.8,33.8,55.4,0.4186,-0.836,1.016577124595642,0.11493387073278427,8.2,25.8,66.0,0.4186,-0.74,0.45461732149124146,0.15942589938640594,13.0,23.0,64.0,0.4186
149500,-0.812,0.6562806963920593,0.10766180604696274,9.4,23.6,67.0,0.4187,-0.812,0.9294646382331848,0.15054768323898315,9.4,36.4,54.2,0.4187,-0.828,0.3397996127605438,0.1966293752193451,8.6,28.6,62.8,0.4187,-0.812,1.3890669345855713,0.16354984045028687,9.4,20.6,70.0,0.4187
150000,-0.804,1.644137978553772,0.15209203958511353,9.8,24.2,66.0,0.4187,-0.756,0.7998291254043579,0.11104132235050201,12.2,34.0,53.8,0.4187,-0.792,0.8261517882347107,0.11543579399585724,10.4,24.2,65.4,0.4187,-0.78,0.586514949798584,0.195318341255188,11.0,20.6,68.4,0.4187
150500,-0.812,1.3045083284378052,0.14559775590896606,9.4,22.8,67.8,0.4188,-0.736,0.4189789295196533,0.15378902852535248,13.2,33.0,53.8,0.4188,-0.824,0.4694259762763977,0.11939538270235062,8.8,30.0,61.2,0.4188,-0.848,0.4561181664466858,0.11172975599765778,7.6,21.0,71.4,0.4188
151000,-0.804,0.4873405992984772,0.17779597640037537,9.8,26.4,63.8,0.4189,-0.756,0.2237437665462494,0.13227254152297974,12.2,33.0,54.8,0.4189,-0.84,0.7168159484863281,0.12656395137310028,8.0,27.2,64.8,0.4189,-0.844,0.3789205551147461,0.13224732875823975,7.8,27.0,65.2,0.4189
151500,-0.796,0.5940889716148376,0.11238843202590942,10.2,22.2,67.6,0.4189,-0.784,0.897594153881073,0.17992812395095825,10.8,36.0,53.2,0.4189,-0.84,0.9835478067398071,0.12475115060806274,8.0,25.6,66.4,0.4189,-0.804,0.4172040820121765,0.1355580985546112,9.8,19.8,70.4,0.4189
152000,-0.756,0.7471634149551392,0.18029502034187317,12.2,22.2,65.6,0.419,-0.824,0.37519174814224243,0.17594987154006958,8.8,34.6,56.6,0.419,-0.88,0.36282429099082947,0.11760219931602478,6.0,25.0,69.0,0.419,-0.764,0.6637251377105713,0.13873299956321716,11.8,26.4,61.8,0.419
152500,-0.784,0.458893746137619,0.09410322457551956,10.8,24.8,64.4,0.4191,-0.792,1.080565333366394,0.15468502044677734,10.4,33.4,56.2,0.4191,-0.82,0.5651259422302246,0.09133330732584,9.0,23.6,67.4,0.4191,-0.872,1.0602000951766968,0.11855258047580719,6.4,25.8,67.8,0.4191
153000,-0.864,0.6597632169723511,0.2071903645992279,6.8,22.8,70.4,0.4191,-0.788,0.7879408001899719,0.15075315535068512,10.6,31.8,57.6,0.4191,-0.776,0.6282289624214172,0.10659588873386383,11.2,24.8,64.0,0.4191,-0.744,0.8449106812477112,0.09543246030807495,12.8,24.6,62.6,0.4191
153500,-0.748,0.7974910736083984,0.1420314908027649,12.6,20.4,67.0,0.4192,-0.796,0.34069985151290894,0.1630987524986267,10.2,31.4,58.4,0.4192,-0.84,0.9383682012557983,0.13106763362884521,8.0,23.8,68.2,0.4192,-0.812,0.8711950778961182,0.14590105414390564,9.4,25.4,65.2,0.4192
154000,-0.764,0.7222470045089722,0.13798373937606812,11.8,20.4,67.8,0.4192,-0.732,0.7882171869277954,0.1766759157180786,13.4,32.2,54.4,0.4192,-0.832,1.100298285484314,0.11602550745010376,8.4,23.8,67.8,0.4192,-0.752,0.599075436592102,0.1441822052001953,12.4,21.4,66.2,0.4192
154500,-0.82,1.8043451309204102,0.10759998112916946,9.0,24.6,66.4,0.4193,-0.752,0.8369529843330383,0.1603015661239624,12.4,30.0,57.6,0.4193,-0.796,0.4649941921234131,0.19681841135025024,10.2,22.6,67.2,0.4193,-0.764,1.1404895782470703,0.21619254350662231,11.8,25.0,63.2,0.4193
155000,-0.824,0.8991886377334595,0.1501387506723404,8.8,22.2,69.0,0.4194,-0.792,0.4378454387187958,0.20960590243339539,10.4,32.0,57.6,0.4194,-0.832,1.617229700088501,0.14965341985225677,8.4,25.0,66.6,0.4194,-0.856,1.0469136238098145,0.12993086874485016,7.2,25.4,67.4,0.4194
155500,-0.836,0.3245956599712372,0.10799233615398407,8.2,22.2,69.6,0.4194,-0.736,0.36079293489456177,0.13954675197601318,13.2,26.6,60.2,0.4194,-0.812,1.8867418766021729,0.1540379524230957,9.4,22.2,68.4,0.4194,-0.788,0.7022788524627686,0.17689847946166992,10.6,22.2,67.2,0.4194
156000,-0.8,1.676856517791748,0.1495431363582611,10.0,21.4,68.6,0.4195,-0.776,0.20045381784439087,0.1473982334136963,11.2,34.0,54.8,0.4195,-0.74,0.7130151987075806,0.11818808317184448,13.0,21.8,65.2,0.4195,-0.848,0.7615078687667847,0.12035933881998062,7.6,26.6,65.8,0.4195
156500,-0.784,0.6322137117385864,0.1701299548149109,10.8,20.6,68.6,0.4196,-0.728,0.554780900478363,0.17046919465065002,13.6,30.2,56.2,0.4196,-0.724,0.8529332280158997,0.12721288204193115,13.8,21.4,64.8,0.4196,-0.836,0.5757502317428589,0.20831915736198425,8.2,27.0,64.8,0.4196
157000,-0.816,0.6640448570251465,0.1908683329820633,9.2,22.0,68.8,0.4196,-0.772,0.4948628842830658,0.11429329216480255,11.4,32.8,55.8,0.4196,-0.864,0.5561275482177734,0.15277810394763947,6.8,23.4,69.8,0.4196,-0.72,0.6055856347084045,0.18907684087753296,14.0,26.0,60.0,0.4196
157500,-0.776,0.8000702261924744,0.09337884187698364,11.2,22.2,66.6,0.4197,-0.824,0.6403270959854126,0.17580699920654297,8.8,32.4,58.8,0.4197,-0.828,1.000469446182251,0.1184873953461647,8.6,22.2,69.2,0.4197,-0.788,0.9430193901062012,0.1528114229440689,10.6,26.4,63.0,0.4197
158000,-0.716,0.9686564207077026,0.10290826857089996,14.2,17.8,68.0,0.4197,-0.82,0.786506175994873,0.1703266203403473,9.0,34.4,56.6,0.4197,-0.86,0.5723683834075928,0.11890658736228943,7.0,22.6,70.4,0.4197,-0.808,1.0806080102920532,0.10196182131767273,9.6,24.2,66.2,0.4197
158500,-0.776,0.9108893275260925,0.21438027918338776,11.2,21.2,67.6,0.4198,-0.784,0.6940720081329346,0.15519744157791138,10.8,31.0,58.2,0.4198,-0.816,0.8377724289894104,0.09520010650157928,9.2,26.0,64.8,0.4198,-0.764,1.0284090042114258,0.19633236527442932,11.8,25.0,63.2,0.4198
159000,-0.796,0.8419564962387085,0.11860821396112442,10.2,24.4,65.4,0.4199,-0.736,0.8908463716506958,0.17102360725402832,13.2,31.4,55.4,0.4199,-0.828,0.7600326538085938,0.10919079184532166,8.6,24.8,66.6,0.4199,-0.804,0.23316046595573425,0.19342045485973358,9.8,25.4,64.8,0.4199
159500,-0.816,1.4776992797851562,0.1549655944108963,9.2,22.6,68.2,0.4199,-0.788,0.7375085353851318,0.11195716261863708,10.6,33.6,55.8,0.4199,-0.864,0.8424474596977234,0.1683880090713501,6.8,26.0,67.2,0.4199,-0.808,0.4230608642101288,0.07412216067314148,9.6,26.6,63.8,0.4199
160000,-0.784,0.6096802949905396,0.1372482180595398,10.8,19.0,70.2,0.42,-0.804,0.46372881531715393,0.18133628368377686,9.8,28.2,62.0,0.42,-0.796,1.02051842212677,0.1619323194026947,10.2,24.2,65.6,0.42,-0.812,0.6196171045303345,0.1415349394083023,9.4,24.2,66.4,0.42
160500,-0.8,1.164773941040039,0.1265985369682312,10.0,26.0,64.0,0.4201,-0.724,0.560736894607544,0.13385935127735138,13.8,29.2,57.0,0.4201,-0.796,0.375180184841156,0.17364466190338135,10.2,24.2,65.6,0.4201,-0.844,0.5936992168426514,0.1859630048274994,7.8,28.6,63.6,0.4201
161000,-0.784,1.2812936305999756,0.15681931376457214,10.8,22.2,67.0,0.4201,-0.78,0.6515536308288574,0.287081778049469,11.0,30.0,59.0,0.4201,-0.848,0.6420042514801025,0.1401916891336441,7.6,24.2,68.2,0.4201,-0.76,1.469892144203186,0.15247796475887299,12.0,29.0,59.0,0.4201
161500,-0.78,0.5719914436340332,0.15400665998458862,11.0,26.2,62.8,0.4202,-0.788,1.4584169387817383,0.14273186028003693,10.6,30.0,59.4,0.4202,-0.864,1.1594547033309937,0.13380306959152222,6.8,20.2,73.0,0.4202,-0.844,0.5511303544044495,0.17450425028800964,7.8,28.0,64.2,0.4202
162000,-0.796,1.6577178239822388,0.11952169239521027,10.2,19.8,70.0,0.4202,-0.804,0.4840671718120575,0.17679746448993683,9.8,31.0,59.2,0.4202,-0.792,1.3565516471862793,0.1576242446899414,10.4,20.4,69.2,0.4202,-0.828,1.1962039470672607,0.15600192546844482,8.6,26.8,64.6,0.4202
162500,-0.792,0.8265281915664673,0.10652591288089752,10.4,22.8,66.8,0.4203,-0.764,0.7829700112342834,0.15597335994243622,11.8,32.6,55.6,0.4203,-0.792,0.6534330248832703,0.1480790674686432,10.4,23.0,66.6,0.4203,-0.812,0.6887059211730957,0.14589205384254456,9.4,26.6,64.0,0.4203
163000,-0.776,1.134955644607544,0.1436130702495575,11.2,25.0,63.8,0.4204,-0.788,0.74406898021698,0.20253030955791473,10.6,31.0,58.4,0.4204,-0.804,0.500480592250824,0.1513727605342865,9.8,20.2,70.0,0.4204,-0.788,0.9649131298065186,0.07305912673473358,10.6,26.4,63.0,0.4204
163500,-0.78,0.8497577905654907,0.19365786015987396,11.0,27.0,62.0,0.4204,-0.76,0.7458573579788208,0.15043006837368011,12.0,30.0,58.0,0.4204,-0.768,1.2280945777893066,0.15870387852191925,11.6,20.6,67.8,0.4204,-0.76,0.8616578578948975,0.18127161264419556,12.0,26.2,61.8,0.4204
164000,-0.772,0.9655175805091858,0.14528024196624756,11.4,25.8,62.8,0.4205,-0.748,0.3108034133911133,0.1933651864528656,12.6,31.4,56.0,0.4205,-0.832,1.17058527469635,0.16036033630371094,8.4,25.0,66.6,0.4205,-0.868,0.7287521362304688,0.1386588215827942,6.6,28.6,64.8,0.4205
164500,-0.816,1.5606039762496948,0.2611018419265747,9.2,27.2,63.6,0.4206,-0.784,0.3308653235435486,0.13605698943138123,10.8,28.4,60.8,0.4206,-0.808,1.0324466228485107,0.17253601551055908,9.6,21.2,69.2,0.4206,-0.808,0.7873663902282715,0.13217681646347046,9.6,25.6,64.8,0.4206
165000,-0.776,1.044508457183838,0.1775711327791214,11.2,23.2,65.6,0.4206,-0.792,0.4897863566875458,0.1858050674200058,10.4,31.6,58.0,0.4206,-0.784,1.2255054712295532,0.16219790279865265,10.8,23.0,66.2,0.4206,-0.78,1.2934768199920654,0.08518502116203308,11.0,27.0,62.0,0.4206
165500,-0.784,0.5068444013595581,0.20291903614997864,10.8,23.8,65.4,0.4207,-0.78,0.7402803301811218,0.19253233075141907,11.0,32.6,56.4,0.4207,-0.796,0.9944509267807007,0.12406668066978455,10.2,26.6,63.2,0.4207,-0.808,0.8838198781013489,0.10556256026029587,9.6,25.0,65.4,0.4207
166000,-0.796,1.1729340553283691,0.15220803022384644,10.2,27.0,62.8,0.4207,-0.724,0.9326284527778625,0.18582740426063538,13.8,33.2,53.0,0.4207,-0.808,0.7857677340507507,0.13688050210475922,9.6,26.6,63.8,0.4207,-0.772,0.6156121492385864,0.153341144323349,11.4,25.2,63.4,0.4207
166500,-0.744,1.2404470443725586,0.10946603119373322,12.8,22.8,64.4,0.4208,-0.8,1.0209487676620483,0.1392020583152771,10.0,28.4,61.6,0.4208,-0.8,0.7303537726402283,0.13852070271968842,10.0,23.8,66.2,0.4208,-0.828,1.2662808895111084,0.13507559895515442,8.6,33.2,58.2,0.4208
167000,-0.744,1.4885339736938477,0.2625008523464203,12.8,25.0,62.2,0.4209,-0.808,0.29739299416542053,0.1549367755651474,9.6,29.4,61.0,0.4209,-0.752,1.0603984594345093,0.13200324773788452,12.4,20.2,67.4,0.4209,-0.808,0.8187916278839111,0.14485159516334534,9.6,32.8,57.6,0.4209
167500,-0.768,1.5486464500427246,0.14946162700653076,11.6,25.8,62.6,0.4209,-0.872,0.5732256174087524,0.12810766696929932,6.4,30.2,63.4,0.4209,-0.8,0.6054860949516296,0.20831650495529175,10.0,23.2,66.8,0.4209,-0.76,0.7324910759925842,0.17311105132102966,12.0,31.4,56.6,0.4209
168000,-0.784,0.7352357506752014,0.11965635418891907,10.8,25.6,63.6,0.421,-0.792,0.6979737281799316,0.11984090507030487,10.4,28.2,61.4,0.421,-0.824,0.7064447402954102,0.11941418051719666,8.8,21.0,70.2,0.421,-0.748,0.433191180229187,0.15156003832817078,12.6,26.8,60.6,0.421
168500,-0.704,0.7425363063812256,0.19348284602165222,14.8,23.8,61.4,0.4211,-0.788,0.32634586095809937,0.15964193642139435,10.6,26.2,63.2,0.4211,-0.836,0.8807461857795715,0.14169225096702576,8.2,22.4,69.4,0.4211,-0.844,0.6624829769134521,0.09345947951078415,7.8,32.6,59.6,0.4211
169000,-0.796,1.4976813793182373,0.22502847015857697,10.2,25.4,64.4,0.4211,-0.768,0.6358882784843445,0.1827065646648407,11.6,27.2,61.2,0.4211,-0.772,0.6031403541564941,0.1622464507818222,11.4,22.0,66.6,0.4211,-0.76,0.45870622992515564,0.1702844500541687,12.0,29.0,59.0,0.4211
169500,-0.784,0.5044512152671814,0.21808674931526184,10.8,25.8,63.4,0.4212,-0.8,0.4797462224960327,0.1413084715604782,10.0,27.0,63.0,0.4212,-0.796,0.5379288792610168,0.12038226425647736,10.2,20.0,69.8,0.4212,-0.824,0.8994871377944946,0.15564832091331482,8.8,34.0,57.2,0.4212
170000,-0.812,0.8458904027938843,0.18917091190814972,9.4,24.6,66.0,0.4212,-0.768,1.1402740478515625,0.25359678268432617,11.6,26.6,61.8,0.4212,-0.804,0.9840686917304993,0.10326988995075226,9.8,22.2,68.0,0.4212,-0.788,0.7995703220367432,0.1946212649345398,10.6,27.4,62.0,0.4212
170500,-0.812,0.77546626329422,0.10879155248403549,9.4,25.2,65.4,0.4213,-0.8,0.519860029220581,0.18959669768810272,10.0,27.0,63.0,0.4213,-0.784,1.1244014501571655,0.136407732963562,10.8,21.2,68.0,0.4213,-0.832,1.050055742263794,0.09312122315168381,8.4,31.4,60.2,0.4213
171000,-0.756,0.924728512763977,0.19104157388210297,12.2,22.6,65.2,0.4214,-0.78,0.6242707371711731,0.1684063971042633,11.0,31.4,57.6,0.4214,-0.8,0.6247076392173767,0.15574105083942413,10.0,24.0,66.0,0.4214,-0.832,1.1870710849761963,0.1908605843782425,8.4,31.2,60.4,0.4214
171500,-0.696,0.8862175345420837,0.2452675849199295,15.2,25.2,59.6,0.4214,-0.812,0.6616014242172241,0.15160395205020905,9.4,31.0,59.6,0.4214,-0.8,0.7615064382553101,0.1679629683494568,10.0,21.8,68.2,0.4214,-0.796,0.9557416439056396,0.15246367454528809,10.2,29.0,60.8,0.4214
172000,-0.752,1.8332126140594482,0.14620131254196167,12.4,21.6,66.0,0.4215,-0.776,1.0851680040359497,0.15626534819602966,11.2,26.4,62.4,0.4215,-0.784,0.7545695304870605,0.16334392130374908,10.8,21.8,67.4,0.4215,-0.804,0.6184592247009277,0.13316041231155396,9.8,25.4,64.8,0.4215
172500,-0.812,1.031412959098816,0.12333156168460846,9.4,27.0,63.6,0.4216,-0.732,0.7895143628120422,0.21267291903495789,13.4,29.2,57.4,0.4216,-0.808,1.4869914054870605,0.20841267704963684,9.6,26.2,64.2,0.4216,-0.764,1.6115317344665527,0.14284531772136688,11.8,28.8,59.4,0.4216
173000,-0.752,1.3645248413085938,0.13029204308986664,12.4,24.4,63.2,0.4216,-0.724,0.8687963485717773,0.20984292030334473,13.8,28.4,57.8,0.4216,-0.748,0.8330288529396057,0.20918653905391693,12.6,22.6,64.8,0.4216,-0.824,1.108058214187622,0.1409374624490738,8.8,29.0,62.2,0.4216
173500,-0.768,0.9948170185089111,0.12973473966121674,11.6,23.4,65.0,0.4217,-0.772,0.5418724417686462,0.22152240574359894,11.4,28.6,60.0,0.4217,-0.784,0.9730414748191833,0.19989794492721558,10.8,31.2,58.0,0.4217,-0.816,0.45860713720321655,0.18458732962608337,9.2,27.2,63.6,0.4217
174000,-0.776,0.7694355249404907,0.14937999844551086,11.2,22.6,66.2,0.4217,-0.732,0.6578899621963501,0.23556537926197052,13.4,31.0,55.6,0.4217,-0.784,0.9011404514312744,0.18103721737861633,10.8,27.8,61.4,0.4217,-0.86,0.5458722114562988,0.26031726598739624,7.0,27.0,66.0,0.4217
174500,-0.808,1.0069928169250488,0.16592752933502197,9.6,23.4,67.0,0.4218,-0.744,0.44575461745262146,0.16983668506145477,12.8,31.8,55.4,0.4218,-0.796,0.8040960431098938,0.15492478013038635,10.2,24.2,65.6,0.4218,-0.8,0.4364704191684723,0.16623520851135254,10.0,23.6,66.4,0.4218
175000,-0.756,1.0525298118591309,0.1308978945016861,12.2,26.2,61.6,0.4219,-0.808,0.8124021291732788,0.11603955924510956,9.6,32.4,58.0,0.4219,-0.764,0.813560962677002,0.17757123708724976,11.8,22.4,65.8,0.4219,-0.744,1.243277907371521,0.17935070395469666,12.8,24.2,63.0,0.4219
175500,-0.736,0.6310693621635437,0.17498038709163666,13.2,28.8,58.0,0.4219,-0.744,0.5837001204490662,0.15584281086921692,12.8,26.8,60.4,0.4219,-0.772,1.5490796566009521,0.13217023015022278,11.4,26.6,62.0,0.4219,-0.8,1.2476847171783447,0.18761014938354492,10.0,26.8,63.2,0.4219
176000,-0.792,1.2238330841064453,0.214297354221344,10.4,26.8,62.8,0.422,-0.744,0.5169939398765564,0.20097896456718445,12.8,32.4,54.8,0.422,-0.756,0.9106206297874451,0.1251925230026245,12.2,23.6,64.2,0.422,-0.776,0.8309236764907837,0.17052920162677765,11.2,24.4,64.4,0.422
176500,-0.804,0.890565037727356,0.19219857454299927,9.8,23.6,66.6,0.4221,-0.768,0.6027141809463501,0.20761537551879883,11.6,28.2,60.2,0.4221,-0.804,1.400341272354126,0.14811648428440094,9.8,23.8,66.4,0.4221,-0.756,0.9046447277069092,0.1260843276977539,12.2,27.0,60.8,0.4221
177000,-0.78,1.1880319118499756,0.1187150627374649,11.0,26.0,63.0,0.4221,-0.772,0.47557687759399414,0.1783047765493393,11.4,29.8,58.8,0.4221,-0.744,1.9083845615386963,0.15954631567001343,12.8,22.6,64.6,0.4221,-0.804,0.4421650767326355,0.1108415499329567,9.8,24.0,66.2,0.4221
177500,-0.8,0.6471824645996094,0.17721901834011078,10.0,28.0,62.0,0.4222,-0.684,0.7873027324676514,0.18836306035518646,15.8,30.6,53.6,0.4222,-0.764,1.1253548860549927,0.12688963115215302,11.8,26.0,62.2,0.4222,-0.74,1.312073826789856,0.1409139186143875,13.0,23.2,63.8,0.4222
178000,-0.808,1.4368641376495361,0.15469110012054443,9.6,24.4,66.0,0.4222,-0.784,0.7454191446304321,0.21085509657859802,10.8,28.6,60.6,0.4222,-0.756,1.9648772478103638,0.18637433648109436,12.2,25.0,62.8,0.4222,-0.776,0.7288849353790283,0.08814604580402374,11.2,22.8,66.0,0.4222
178500,-0.752,1.2613210678100586,0.1695893257856369,12.4,25.2,62.4,0.4223,-0.696,0.7688259482383728,0.22284018993377686,15.2,26.4,58.4,0.4223,-0.776,2.201273202896118,0.1879204511642456,11.2,21.8,67.0,0.4223,-0.712,1.462599277496338,0.15947836637496948,14.4,22.6,63.0,0.4223
179000,-0.796,0.7446831464767456,0.2360021322965622,10.2,28.2,61.6,0.4224,-0.744,1.092825174331665,0.19979478418827057,12.8,23.4,63.8,0.4224,-0.772,1.4730024337768555,0.16113901138305664,11.4,25.0,63.6,0.4224,-0.764,0.8315564393997192,0.12856820225715637,11.8,23.4,64.8,0.4224
179500,-0.808,1.5473783016204834,0.11352501809597015,9.6,32.2,58.2,0.4224,-0.796,1.3216081857681274,0.19992004334926605,10.2,29.0,60.8,0.4224,-0.832,1.0256868600845337,0.09654386341571808,8.4,26.8,64.8,0.4224,-0.748,1.0308864116668701,0.10010562837123871,12.6,25.2,62.2,0.4224
180000,-0.788,1.7125887870788574,0.12570923566818237,10.6,29.2,60.2,0.4225,-0.796,0.6959970593452454,0.14865851402282715,10.2,28.4,61.4,0.4225,-0.856,1.4222126007080078,0.11258649080991745,7.2,30.8,62.0,0.4225,-0.812,1.0284184217453003,0.13926276564598083,9.4,26.0,64.6,0.4225
180500,-0.808,0.5934852361679077,0.11466959118843079,9.6,26.8,63.6,0.4226,-0.776,0.5659825205802917,0.17593629658222198,11.2,26.6,62.2,0.4226,-0.804,0.9608021974563599,0.15218931436538696,9.8,32.4,57.8,0.4226,-0.748,0.8405083417892456,0.17475436627864838,12.6,24.8,62.6,0.4226
181000,-0.824,1.0772526264190674,0.17717912793159485,8.8,32.6,58.6,0.4226,-0.744,0.8290877342224121,0.17569875717163086,12.8,30.8,56.4,0.4226,-0.804,1.4888296127319336,0.13168111443519592,9.8,33.4,56.8,0.4226,-0.792,1.1350427865982056,0.1642332375049591,10.4,22.0,67.6,0.4226
181500,-0.764,0.60169917345047,0.15703411400318146,11.8,33.6,54.6,0.4227,-0.76,0.7286127805709839,0.13595283031463623,12.0,29.2,58.8,0.4227,-0.804,1.3397595882415771,0.11984796077013016,9.8,25.8,64.4,0.4227,-0.764,1.0564601421356201,0.2150483876466751,11.8,26.0,62.2,0.4227
182000,-0.796,0.9173296689987183,0.1850576102733612,10.2,27.0,62.8,0.4227,-0.752,1.4546442031860352,0.20011024177074432,12.4,24.0,63.6,0.4227,-0.788,1.4961674213409424,0.18339073657989502,10.6,30.8,58.6,0.4227,-0.768,0.9247360229492188,0.14054659008979797,11.6,26.8,61.6,0.4227
182500,-0.748,0.4732489287853241,0.1768321990966797,12.6,32.0,55.4,0.4228,-0.728,0.6387002468109131,0.16859717667102814,13.6,28.6,57.8,0.4228,-0.824,0.944625973701477,0.10662484169006348,8.8,31.4,59.8,0.4228,-0.772,1.0891807079315186,0.13553936779499054,11.4,23.8,64.8,0.4228
183000,-0.816,0.7177374958992004,0.185720294713974,9.2,30.4,60.4,0.4229,-0.788,0.699590802192688,0.21937820315361023,10.6,24.8,64.6,0.4229,-0.82,0.9579281806945801,0.10469157993793488,9.0,33.0,58.0,0.4229,-0.78,0.7699881792068481,0.1331333965063095,11.0,25.8,63.2,0.4229
183500,-0.736,0.4882175624370575,0.14088700711727142,13.2,26.6,60.2,0.4229,-0.748,0.7001861929893494,0.19001147150993347,12.6,28.8,58.6,0.4229,-0.764,1.0363471508026123,0.17074039578437805,11.8,27.2,61.0,0.4229,-0.776,1.153092861175537,0.12595626711845398,11.2,23.8,65.0,0.4229
184000,-0.788,0.8989896774291992,0.09988686442375183,10.6,30.0,59.4,0.423,-0.752,0.8674203157424927,0.1927931159734726,12.4,29.4,58.2,0.423,-0.832,1.0303772687911987,0.1753634214401245,8.4,34.8,56.8,0.423,-0.8,1.2190840244293213,0.1537083387374878,10.0,25.2,64.8,0.423
184500,-0.84,0.5951129198074341,0.21587733924388885,8.0,35.8,56.2,0.4231,-0.772,1.1372053623199463,0.144121915102005,11.4,24.2,64.4,0.4231,-0.764,0.9067753553390503,0.12874895334243774,11.8,30.6,57.6,0.4231,-0.756,1.2528114318847656,0.1293615698814392,12.2,22.4,65.4,0.4231
185000,-0.756,1.040226936340332,0.12634408473968506,12.2,29.2,58.6,0.4231,-0.752,0.8434181809425354,0.14889079332351685,12.4,33.0,54.6,0.4231,-0.784,0.8904078602790833,0.26252079010009766,10.8,25.4,63.8,0.4231,-0.756,1.8118351697921753,0.10804951190948486,12.2,23.6,64.2,0.4231
185500,-0.764,0.8246800303459167,0.22126421332359314,11.8,32.0,56.2,0.4232,-0.796,0.8897141218185425,0.16387978196144104,10.2,25.2,64.6,0.4232,-0.788,1.432128667831421,0.15019840002059937,10.6,29.8,59.6,0.4232,-0.756,1.6965113878250122,0.1382880061864853,12.2,24.4,63.4,0.4232
186000,-0.8,1.684996247291565,0.1328279972076416,10.0,29.4,60.6,0.4232,-0.772,1.6966379880905151,0.17898106575012207,11.4,24.0,64.6,0.4232,-0.852,1.0902889966964722,0.15184205770492554,7.4,27.2,65.4,0.4232,-0.744,1.050567865371704,0.15663674473762512,12.8,21.8,65.4,0.4232
186500,-0.792,0.8153684735298157,0.18693485856056213,10.4,31.8,57.8,0.4233,-0.756,0.9702411890029907,0.25345706939697266,12.2,26.2,61.6,0.4233,-0.84,1.2170019149780273,0.16462135314941406,8.0,27.4,64.6,0.4233,-0.756,0.6598713994026184,0.11670124530792236,12.2,25.4,62.4,0.4233
187000,-0.792,0.7724108695983887,0.1455622762441635,10.4,32.4,57.2,0.4234,-0.824,0.94972825050354,0.11806856840848923,8.8,26.0,65.2,0.4234,-0.792,1.1287596225738525,0.13592129945755005,10.4,23.4,66.2,0.4234,-0.784,1.9197590351104736,0.14572493731975555,10.8,28.8,60.4,0.4234
187500,-0.796,0.6865695714950562,0.15917223691940308,10.2,32.6,57.2,0.4234,-0.708,0.8425570130348206,0.0840524286031723,14.6,25.6,59.8,0.4234,-0.764,3.2588586807250977,0.10717148333787918,11.8,26.4,61.8,0.4234,-0.744,1.1959079504013062,0.15657874941825867,12.8,26.2,61.0,0.4234
188000,-0.788,1.730989933013916,0.15911123156547546,10.6,28.8,60.6,0.4235,-0.772,1.2941769361495972,0.09610572457313538,11.4,27.6,61.0,0.4235,-0.804,1.0898675918579102,0.17368903756141663,9.8,31.6,58.6,0.4235,-0.736,1.889343500137329,0.10944400727748871,13.2,27.0,59.8,0.4235
188500,-0.712,2.071715831756592,0.1273828148841858,14.4,28.4,57.2,0.4236,-0.696,1.4708867073059082,0.21680010855197906,15.2,29.6,55.2,0.4236,-0.84,1.1753658056259155,0.12262845039367676,8.0,24.6,67.4,0.4236,-0.784,1.4769738912582397,0.1549386978149414,10.8,29.0,60.2,0.4236
189000,-0.808,0.7256151437759399,0.1134442538022995,9.6,31.6,58.8,0.4236,-0.76,2.1639888286590576,0.1850370168685913,12.0,29.2,58.8,0.4236,-0.78,1.0993587970733643,0.16609084606170654,11.0,29.4,59.6,0.4236,-0.796,0.5640866160392761,0.11282611638307571,10.2,33.0,56.8,0.4236
189500,-0.808,0.4928484261035919,0.17333649098873138,9.6,29.2,61.2,0.4237,-0.752,0.6894403696060181,0.1762448251247406,12.4,26.0,61.6,0.4237,-0.812,0.8225185871124268,0.11082257330417633,9.4,24.6,66.0,0.4237,-0.788,1.0166022777557373,0.21493276953697205,10.6,26.2,63.2,0.4237
190000,-0.82,0.6730397939682007,0.21701759099960327,9.0,32.6,58.4,0.4237,-0.764,0.5134867429733276,0.1853482872247696,11.8,24.2,64.0,0.4237,-0.848,1.4154866933822632,0.12352978438138962,7.6,27.4,65.0,0.4237,-0.772,1.823861837387085,0.1463487446308136,11.4,27.8,60.8,0.4237
190500,-0.804,0.9544847011566162,0.1304677128791809,9.8,29.8,60.4,0.4238,-0.74,1.5615155696868896,0.1702841967344284,13.0,26.0,61.0,0.4238,-0.784,1.201446771621704,0.13626475632190704,10.8,28.2,61.0,0.4238,-0.744,1.1202647686004639,0.1209603101015091,12.8,24.0,63.2,0.4238
191000,-0.82,1.1347737312316895,0.19406971335411072,9.0,28.8,62.2,0.4239,-0.736,0.35455718636512756,0.17292088270187378,13.2,28.2,58.6,0.4239,-0.76,1.5051295757293701,0.18976299464702606,12.0,26.8,61.2,0.4239,-0.76,1.5724554061889648,0.10098779946565628,12.0,26.0,62.0,0.4239
191500,-0.876,0.8071708679199219,0.1548992097377777,6.2,27.8,66.0,0.4239,-0.744,0.7085493206977844,0.19217821955680847,12.8,28.0,59.2,0.4239,-0.8,0.7835456132888794,0.12948758900165558,10.0,30.4,59.6,0.4239,-0.804,1.0831786394119263,0.11860974133014679,9.8,25.4,64.8,0.4239
192000,-0.808,1.2258260250091553,0.21554777026176453,9.6,30.8,59.6,0.424,-0.792,1.356093406677246,0.13754317164421082,10.4,27.4,62.2,0.424,-0.836,0.8294537663459778,0.13668912649154663,8.2,27.0,64.8,0.424,-0.756,1.1064082384109497,0.08378556370735168,12.2,27.6,60.2,0.424
192500,-0.816,2.639029026031494,0.16809141635894775,9.2,32.0,58.8,0.4241,-0.748,1.076870322227478,0.16166913509368896,12.6,29.4,58.0,0.4241,-0.808,0.6932922601699829,0.14388051629066467,9.6,28.4,62.0,0.4241,-0.784,0.46276283264160156,0.10538770258426666,10.8,24.2,65.0,0.4241
193000,-0.812,0.7906348705291748,0.13632307946681976,9.4,28.4,62.2,0.4241,-0.78,1.3648797273635864,0.19665005803108215,11.0,27.0,62.0,0.4241,-0.796,1.3191614151000977,0.17265969514846802,10.2,26.6,63.2,0.4241,-0.796,1.2111330032348633,0.17015963792800903,10.2,23.8,66.0,0.4241
193500,-0.768,1.1525520086288452,0.12462253868579865,11.6,30.0,58.4,0.4242,-0.792,0.2873229384422302,0.23174767196178436,10.4,31.4,58.2,0.4242,-0.824,2.332813262939453,0.11384090036153793,8.8,28.4,62.8,0.4242,-0.804,1.70516037940979,0.16396796703338623,9.8,31.0,59.2,0.4242
194000,-0.812,0.6892608404159546,0.1768377423286438,9.4,31.8,58.8,0.4242,-0.772,2.6072330474853516,0.12344293296337128,11.4,28.6,60.0,0.4242,-0.796,0.751017153263092,0.1592182219028473,10.2,32.4,57.4,0.4242,-0.768,1.7128325700759888,0.13439492881298065,11.6,23.8,64.6,0.4242
194500,-0.876,0.8427653908729553,0.23333784937858582,6.2,35.0,58.8,0.4243,-0.752,1.5229334831237793,0.17728757858276367,12.4,27.8,59.8,0.4243,-0.804,1.9251835346221924,0.14116552472114563,9.8,26.4,63.8,0.4243,-0.78,0.6243106722831726,0.11824022233486176,11.0,26.8,62.2,0.4243
195000,-0.792,1.2265722751617432,0.15244615077972412,10.4,35.6,54.0,0.4244,-0.788,1.6236248016357422,0.22242318093776703,10.6,30.6,58.8,0.4244,-0.868,1.3552942276000977,0.12744015455245972,6.6,27.4,66.0,0.4244,-0.776,2.146090507507324,0.1589633822441101,11.2,27.4,61.4,0.4244
195500,-0.764,0.8417254090309143,0.1619834303855896,11.8,33.8,54.4,0.4244,-0.804,1.171599268913269,0.16382205486297607,9.8,32.6,57.6,0.4244,-0.8,0.8569841980934143,0.14124234020709991,10.0,24.4,65.6,0.4244,-0.752,0.8280853033065796,0.15550318360328674,12.4,23.2,64.4,0.4244
196000,-0.804,1.697291374206543,0.13423451781272888,9.8,33.8,56.4,0.4245,-0.792,2.622141122817993,0.1627224087715149,10.4,24.0,65.6,0.4245,-0.752,1.0972623825073242,0.16442659497261047,12.4,31.4,56.2,0.4245,-0.804,0.7425153255462646,0.1264793574810028,9.8,26.2,64.0,0.4245
196500,-0.76,1.5822389125823975,0.10880574584007263,12.0,29.2,58.8,0.4246,-0.74,0.7014147043228149,0.17317071557044983,13.0,24.4,62.6,0.4246,-0.824,1.37033212184906,0.11834579706192017,8.8,26.4,64.8,0.4246,-0.736,1.3444000482559204,0.19120797514915466,13.2,25.2,61.6,0.4246
197000,-0.812,1.7254936695098877,0.19144991040229797,9.4,32.4,58.2,0.4246,-0.792,0.479650616645813,0.19501551985740662,10.4,24.2,65.4,0.4246,-0.8,0.9312424063682556,0.0937858372926712,10.0,28.8,61.2,0.4246,-0.764,0.4450944662094116,0.09866724908351898,11.8,24.8,63.4,0.4246
197500,-0.836,0.7317376136779785,0.1030498519539833,8.2,34.4,57.4,0.4247,-0.764,1.7110644578933716,0.1320711374282837,11.8,22.8,65.4,0.4247,-0.804,1.9717888832092285,0.12297806888818741,9.8,31.2,59.0,0.4247,-0.8,1.7723182439804077,0.17139630019664764,10.0,22.2,67.8,0.4247
198000,-0.804,1.1550060510635376,0.14213927090168,9.8,32.0,58.2,0.4247,-0.724,0.5225620269775391,0.15799009799957275,13.8,30.0,56.2,0.4247,-0.804,0.9042941927909851,0.151882141828537,9.8,31.8,58.4,0.4247,-0.8,2.496264934539795,0.19614842534065247,10.0,27.2,62.8,0.4247
198500,-0.776,1.1757276058197021,0.2308151125907898,11.2,30.6,58.2,0.4248,-0.724,0.653655469417572,0.14762075245380402,13.8,25.4,60.8,0.4248,-0.808,1.9942231178283691,0.19930312037467957,9.6,35.2,55.2,0.4248,-0.788,1.7507328987121582,0.15659120678901672,10.6,27.0,62.4,0.4248
199000,-0.776,1.0846879482269287,0.14036330580711365,11.2,30.6,58.2,0.4249,-0.708,0.9841927886009216,0.12614750862121582,14.6,24.8,60.6,0.4249,-0.816,0.7911006212234497,0.10880819708108902,9.2,36.4,54.4,0.4249,-0.78,1.3316763639450073,0.17745615541934967,11.0,26.4,62.6,0.4249
199500,-0.804,0.7023546695709229,0.12404410541057587,9.8,31.8,58.4,0.4249,-0.756,3.2494070529937744,0.17019711434841156,12.2,26.2,61.6,0.4249,-0.816,1.383679747581482,0.2513372302055359,9.2,31.0,59.8,0.4249,-0.732,2.6135754585266113,0.14182749390602112,13.4,21.2,65.4,0.4249
200000,-0.784,0.46404826641082764,0.16180306673049927,10.8,31.8,57.4,0.425,-0.74,1.2688653469085693,0.1656058430671692,13.0,27.6,59.4,0.425,-0.804,1.57905912399292,0.211911141872406,9.8,31.6,58.6,0.425,-0.804,1.1425256729125977,0.17423546314239502,9.8,28.4,61.8,0.425
200500,-0.748,1.3826210498809814,0.1850951910018921,12.6,24.8,62.6,0.4251,-0.732,1.0989410877227783,0.1205492913722992,13.4,25.8,60.8,0.4251,-0.856,0.7943897843360901,0.12613850831985474,7.2,29.4,63.4,0.4251,-0.772,2.1613450050354004,0.15719003975391388,11.4,20.8,67.8,0.4251
201000,-0.796,0.8549292087554932,0.1310066282749176,10.2,29.8,60.0,0.4251,-0.796,0.9844792485237122,0.23516422510147095,10.2,27.0,62.8,0.4251,-0.856,1.4750458002090454,0.13693740963935852,7.2,29.2,63.6,0.4251,-0.768,1.0615527629852295,0.12540695071220398,11.6,28.8,59.6,0.4251
201500,-0.796,2.604419708251953,0.15398621559143066,10.2,32.4,57.4,0.4252,-0.768,2.2681968212127686,0.16403678059577942,11.6,24.4,64.0,0.4252,-0.804,2.222904682159424,0.11023363471031189,9.8,29.4,60.8,0.4252,-0.764,1.2607536315917969,0.16862598061561584,11.8,26.6,61.6,0.4252
202000,-0.816,1.0625202655792236,0.1646592915058136,9.2,31.4,59.4,0.4252,-0.736,0.5132013559341431,0.17998507618904114,13.2,25.4,61.4,0.4252,-0.812,1.798386812210083,0.17897969484329224,9.4,34.2,56.4,0.4252,-0.764,1.711082935333252,0.11753887683153152,11.8,23.8,64.4,0.4252
202500,-0.792,0.893695592880249,0.14731988310813904,10.4,29.0,60.6,0.4253,-0.764,1.4545018672943115,0.1801501214504242,11.8,25.8,62.4,0.4253,-0.816,0.8992542028427124,0.14193753898143768,9.2,30.0,60.8,0.4253,-0.756,0.5728986263275146,0.11331817507743835,12.2,25.2,62.6,0.4253
203000,-0.804,0.6312274932861328,0.20194724202156067,9.8,29.2,61.0,0.4254,-0.764,0.6968598365783691,0.18093322217464447,11.8,26.4,61.8,0.4254,-0.784,1.7977734804153442,0.11184607446193695,10.8,28.8,60.4,0.4254,-0.792,1.8884797096252441,0.13529732823371887,10.4,23.4,66.2,0.4254
203500,-0.808,1.071950912475586,0.16396133601665497,9.6,29.4,61.0,0.4254,-0.724,0.7752906084060669,0.22524525225162506,13.8,24.2,62.0,0.4254,-0.804,0.5355784893035889,0.11043808609247208,9.8,27.0,63.2,0.4254,-0.768,1.2555667161941528,0.12296699732542038,11.6,23.4,65.0,0.4254
204000,-0.848,2.6756229400634766,0.13915953040122986,7.6,27.0,65.4,0.4255,-0.736,0.6569470763206482,0.18612906336784363,13.2,27.4,59.4,0.4255,-0.844,0.7010104060173035,0.14255531132221222,7.8,36.4,55.8,0.4255,-0.784,1.3512272834777832,0.1394803822040558,10.8,24.6,64.6,0.4255
204500,-0.836,1.643654227256775,0.14276164770126343,8.2,28.4,63.4,0.4256,-0.724,0.8016740083694458,0.17125654220581055,13.8,29.0,57.2,0.4256,-0.852,1.554098129272461,0.12148284912109375,7.4,36.6,56.0,0.4256,-0.744,1.1656546592712402,0.15289521217346191,12.8,25.2,62.0,0.4256
205000,-0.78,1.3273608684539795,0.13847151398658752,11.0,28.4,60.6,0.4256,-0.8,1.9237501621246338,0.12748229503631592,10.0,27.6,62.4,0.4256,-0.792,0.8831297159194946,0.11946482956409454,10.4,34.2,55.4,0.4256,-0.808,1.553263545036316,0.16777920722961426,9.6,26.2,64.2,0.4256
205500,-0.86,2.069427490234375,0.15003041923046112,7.0,25.8,67.2,0.4257,-0.772,0.5910452604293823,0.1095777153968811,11.4,29.2,59.4,0.4257,-0.796,1.3017164468765259,0.09451033174991608,10.2,32.8,57.0,0.4257,-0.768,2.8166985511779785,0.09428222477436066,11.6,24.0,64.4,0.4257
206000,-0.812,0.9867963790893555,0.1324826031923294,9.4,26.0,64.6,0.4257,-0.688,1.1118463277816772,0.2352982461452484,15.6,24.2,60.2,0.4257,-0.832,1.4492754936218262,0.08166943490505219,8.4,24.0,67.6,0.4257,-0.752,1.003251552581787,0.17586246132850647,12.4,21.8,65.8,0.4257
206500,-0.732,1.7878758907318115,0.16637489199638367,13.4,26.4,60.2,0.4258,-0.728,1.8302602767944336,0.21605023741722107,13.6,28.0,58.4,0.4258,-0.816,1.3442394733428955,0.1924060881137848,9.2,34.2,56.6,0.4258,-0.76,1.6482477188110352,0.10929755121469498,12.0,19.0,69.0,0.4258
207000,-0.8,0.6395990252494812,0.18980616331100464,10.0,25.6,64.4,0.4259,-0.688,1.6146538257598877,0.19507598876953125,15.6,26.8,57.6,0.4259,-0.816,0.6812170743942261,0.1069742813706398,9.2,29.6,61.2,0.4259,-0.744,0.5248055458068848,0.14952203631401062,12.8,22.6,64.6,0.4259
207500,-0.768,1.482938528060913,0.12281294167041779,11.6,25.2,63.2,0.4259,-0.768,1.13065505027771,0.22180670499801636,11.6,25.8,62.6,0.4259,-0.796,0.6698492765426636,0.12942948937416077,10.2,31.4,58.4,0.4259,-0.82,0.7800408005714417,0.11806734651327133,9.0,21.8,69.2,0.4259
208000,-0.748,1.2737398147583008,0.2375037670135498,12.6,26.0,61.4,0.426,-0.8,2.604938507080078,0.26680463552474976,10.0,35.0,55.0,0.426,-0.784,1.3115739822387695,0.13891759514808655,10.8,31.8,57.4,0.426,-0.808,0.7489191293716431,0.14462298154830933,9.6,25.2,65.2,0.426
208500,-0.724,0.6772446632385254,0.1837250292301178,13.8,27.4,58.8,0.4261,-0.736,1.071230173110962,0.10706642270088196,13.2,25.4,61.4,0.4261,-0.772,2.345977306365967,0.15938568115234375,11.4,31.6,57.0,0.4261,-0.796,1.062909722328186,0.1546981930732727,10.2,23.6,66.2,0.4261
209000,-0.764,3.8629751205444336,0.13734179735183716,11.8,25.8,62.4,0.4261,-0.768,1.1319477558135986,0.1541534662246704,11.6,27.2,61.2,0.4261,-0.82,2.078031301498413,0.1135125607252121,9.0,30.8,60.2,0.4261,-0.768,1.1707804203033447,0.13673533499240875,11.6,20.2,68.2,0.4261
209500,-0.772,1.1047446727752686,0.1360495686531067,11.4,29.0,59.6,0.4262,-0.748,1.2351975440979004,0.23256686329841614,12.6,28.0,59.4,0.4262,-0.808,2.667813301086426,0.15320271253585815,9.6,28.6,61.8,0.4262,-0.804,1.7976785898208618,0.09454362094402313,9.8,24.8,65.4,0.4262
210000,-0.768,1.017826795578003,0.09674650430679321,11.6,25.6,62.8,0.4262,-0.776,1.5934771299362183,0.1948571801185608,11.2,23.4,65.4,0.4262,-0.752,1.3395920991897583,0.20639106631278992,12.4,29.8,57.8,0.4262,-0.812,1.1641939878463745,0.10174484550952911,9.4,25.2,65.4,0.4262
210500,-0.78,1.1487151384353638,0.1160702183842659,11.0,26.0,63.0,0.4263,-0.724,0.8983257412910461,0.18135201930999756,13.8,23.0,63.2,0.4263,-0.796,2.7731499671936035,0.17351031303405762,10.2,31.2,58.6,0.4263,-0.804,2.203397035598755,0.1648501455783844,9.8,26.8,63.4,0.4263
211000,-0.816,0.6565765142440796,0.14712153375148773,9.2,29.4,61.4,0.4264,-0.74,0.7306216359138489,0.19388484954833984,13.0,29.2,57.8,0.4264,-0.776,0.28996026515960693,0.12106041610240936,11.2,26.8,62.0,0.4264,-0.776,1.1269664764404297,0.08430210500955582,11.2,28.2,60.6,0.4264
211500,-0.82,1.336580753326416,0.16595298051834106,9.0,28.4,62.6,0.4264,-0.74,0.6769742965698242,0.19218380749225616,13.0,25.2,61.8,0.4264,-0.808,1.175067663192749,0.150833398103714,9.6,26.6,63.8,0.4264,-0.784,1.1379961967468262,0.1681526005268097,10.8,21.2,68.0,0.4264
212000,-0.772,0.8856774568557739,0.13308890163898468,11.4,30.0,58.6,0.4265,-0.748,0.8330849409103394,0.13024920225143433,12.6,27.6,59.8,0.4265,-0.78,2.2351608276367188,0.1423475295305252,11.0,28.8,60.2,0.4265,-0.728,1.1906909942626953,0.09862875938415527,13.6,25.0,61.4,0.4265
212500,-0.72,1.0318987369537354,0.12697149813175201,14.0,23.0,63.0,0.4266,-0.736,0.46604326367378235,0.17080579698085785,13.2,27.8,59.0,0.4266,-0.796,2.8699870109558105,0.16434712707996368,10.2,27.4,62.4,0.4266,-0.772,0.8555812239646912,0.20122647285461426,11.4,20.8,67.8,0.4266
213000,-0.844,0.8880743980407715,0.1728360950946808,7.8,24.2,68.0,0.4266,-0.808,2.4639177322387695,0.18544165790081024,9.6,28.8,61.6,0.4266,-0.764,1.1633604764938354,0.17050932347774506,11.8,24.4,63.8,0.4266,-0.824,1.2557563781738281,0.14611175656318665,8.8,26.4,64.8,0.4266
213500,-0.772,1.1852655410766602,0.11452016234397888,11.4,27.2,61.4,0.4267,-0.804,1.3185570240020752,0.17234112322330475,9.8,26.0,64.2,0.4267,-0.804,1.4775240421295166,0.13305559754371643,9.8,27.8,62.4,0.4267,-0.784,1.8230565786361694,0.1504184901714325,10.8,20.0,69.2,0.4267
214000,-0.76,3.214484453201294,0.15913166105747223,12.0,25.8,62.2,0.4267,-0.708,1.1699306964874268,0.12397383153438568,14.6,24.0,61.4,0.4267,-0.82,1.0574802160263062,0.1593528687953949,9.0,27.0,64.0,0.4267,-0.792,1.3517714738845825,0.14338022470474243,10.4,23.0,66.6,0.4267
214500,-0.78,1.3900034427642822,0.12486962974071503,11.0,24.8,64.2,0.4268,-0.736,0.6115273237228394,0.1391211599111557,13.2,25.4,61.4,0.4268,-0.748,0.7183135151863098,0.14908316731452942,12.6,25.4,62.0,0.4268,-0.8,0.8782492876052856,0.12861506640911102,10.0,27.0,63.0,0.4268
215000,-0.772,1.807267427444458,0.12607258558273315,11.4,26.6,62.0,0.4269,-0.724,1.1934635639190674,0.22983525693416595,13.8,26.4,59.8,0.4269,-0.756,0.9238319396972656,0.1119985356926918,12.2,28.0,59.8,0.4269,-0.832,3.4041202068328857,0.09695582091808319,8.4,21.8,69.8,0.4269
215500,-0.812,1.123258352279663,0.12740430235862732,9.4,25.4,65.2,0.4269,-0.772,1.9834803342819214,0.17243051528930664,11.4,25.2,63.4,0.4269,-0.744,1.3119956254959106,0.1301766335964203,12.8,26.0,61.2,0.4269,-0.816,1.1153955459594727,0.14796027541160583,9.2,22.2,68.6,0.4269
216000,-0.748,1.1310007572174072,0.09659574925899506,12.6,22.6,64.8,0.427,-0.76,1.2257658243179321,0.1453952044248581,12.0,22.2,65.8,0.427,-0.784,1.2171077728271484,0.10324602574110031,10.8,32.2,57.0,0.427,-0.744,1.3211567401885986,0.12289835512638092,12.8,21.2,66.0,0.427
216500,-0.764,1.5069273710250854,0.11539434641599655,11.8,24.6,63.6,0.4271,-0.732,0.7165760397911072,0.23375655710697174,13.4,25.8,60.8,0.4271,-0.8,1.655997633934021,0.14174610376358032,10.0,25.6,64.4,0.4271,-0.792,1.2402939796447754,0.11481036245822906,10.4,20.0,69.6,0.4271
217000,-0.796,1.2312815189361572,0.1663907766342163,10.2,25.2,64.6,0.4271,-0.732,1.107578992843628,0.15825223922729492,13.4,31.2,55.4,0.4271,-0.84,0.9242796301841736,0.13685648143291473,8.0,28.2,63.8,0.4271,-0.8,0.8923666477203369,0.10134599357843399,10.0,23.6,66.4,0.4271
217500,-0.716,1.0362472534179688,0.13837996125221252,14.2,23.8,62.0,0.4272,-0.756,0.6363762021064758,0.13091009855270386,12.2,25.0,62.8,0.4272,-0.816,1.5823147296905518,0.17767022550106049,9.2,28.4,62.4,0.4272,-0.812,2.5990841388702393,0.11716494709253311,9.4,26.8,63.8,0.4272
218000,-0.764,1.2425024509429932,0.19579653441905975,11.8,28.4,59.8,0.4272,-0.732,0.6083041429519653,0.20204032957553864,13.4,25.4,61.2,0.4272,-0.756,2.2464869022369385,0.09158673882484436,12.2,27.4,60.4,0.4272,-0.756,2.7024893760681152,0.12298677116632462,12.2,24.8,63.0,0.4272
218500,-0.784,0.7707838416099548,0.10763682425022125,10.8,22.8,66.4,0.4273,-0.824,1.3234503269195557,0.13793343305587769,8.8,24.0,67.2,0.4273,-0.728,1.8046696186065674,0.103473961353302,13.6,26.6,59.8,0.4273,-0.784,1.5564279556274414,0.1433173418045044,10.8,22.4,66.8,0.4273
219000,-0.776,2.3767735958099365,0.16089066863059998,11.2,25.8,63.0,0.4274,-0.78,0.8524741530418396,0.18799209594726562,11.0,21.8,67.2,0.4274,-0.764,1.5065772533416748,0.15379373729228973,11.8,24.2,64.0,0.4274,-0.788,1.183825969696045,0.1672087013721466,10.6,23.2,66.2,0.4274
219500,-0.796,1.2601572275161743,0.17110590636730194,10.2,25.8,64.0,0.4274,-0.72,0.5945369005203247,0.20751915872097015,14.0,22.0,64.0,0.4274,-0.76,1.021204948425293,0.11841917783021927,12.0,21.8,66.2,0.4274,-0.8,1.6016819477081299,0.1385798454284668,10.0,35.8,54.2,0.4274
220000,-0.76,1.0414690971374512,0.115484319627285,12.0,21.8,66.2,0.4275,-0.732,1.3094409704208374,0.14950862526893616,13.4,29.2,57.4,0.4275,-0.808,1.3943209648132324,0.18180257081985474,9.6,26.2,64.2,0.4275,-0.836,1.650259256362915,0.12078409641981125,8.2,27.0,64.8,0.4275
220500,-0.704,0.5111166834831238,0.12467396259307861,14.8,23.4,61.8,0.4276,-0.708,0.3919895887374878,0.16739165782928467,14.6,28.6,56.8,0.4276,-0.8,1.88523530960083,0.1264500916004181,10.0,27.2,62.8,0.4276,-0.756,2.3939409255981445,0.11233661323785782,12.2,22.4,65.4,0.4276
221000,-0.784,0.4804172217845917,0.18974043428897858,10.8,25.4,63.8,0.4276,-0.728,0.8837944865226746,0.17477284371852875,13.6,29.4,57.0,0.4276,-0.848,1.030097246170044,0.07619723677635193,7.6,25.0,67.4,0.4276,-0.776,1.4145060777664185,0.17940066754817963,11.2,18.2,70.6,0.4276
221500,-0.768,0.7315224409103394,0.17227619886398315,11.6,26.2,62.2,0.4277,-0.76,1.8804130554199219,0.13131731748580933,12.0,26.2,61.8,0.4277,-0.764,1.567915916442871,0.09119672328233719,11.8,25.6,62.6,0.4277,-0.816,1.0070767402648926,0.16858062148094177,9.2,30.8,60.0,0.4277
222000,-0.816,1.0884203910827637,0.2045184224843979,9.2,26.4,64.4,0.4277,-0.68,0.8741558790206909,0.17297101020812988,16.0,25.4,58.6,0.4277,-0.748,1.6629658937454224,0.12589216232299805,12.6,27.0,60.4,0.4277,-0.808,1.353355050086975,0.1286170482635498,9.6,27.0,63.4,0.4277
222500,-0.82,0.7536922693252563,0.1762392818927765,9.0,25.2,65.8,0.4278,-0.74,1.5125226974487305,0.2964440584182739,13.0,31.4,55.6,0.4278,-0.72,1.9102494716644287,0.17850983142852783,14.0,25.4,60.6,0.4278,-0.792,1.386601209640503,0.16440066695213318,10.4,27.8,61.8,0.4278
223000,-0.76,0.6935810446739197,0.10236736387014389,12.0,24.6,63.4,0.4279,-0.78,0.6299740076065063,0.1439247727394104,11.0,27.6,61.4,0.4279,-0.732,2.103405237197876,0.11747956275939941,13.4,25.2,61.4,0.4279,-0.804,0.5725115537643433,0.16429969668388367,9.8,24.0,66.2,0.4279
223500,-0.8,0.7028414011001587,0.12322477251291275,10.0,29.8,60.2,0.4279,-0.728,1.9570599794387817,0.2454383820295334,13.6,26.8,59.6,0.4279,-0.744,0.5816352963447571,0.22392268478870392,12.8,30.0,57.2,0.4279,-0.772,3.8410568237304688,0.12189384549856186,11.4,28.4,60.2,0.4279
224000,-0.812,1.0707296133041382,0.1276378333568573,9.4,22.6,68.0,0.428,-0.78,0.4153839647769928,0.16412930190563202,11.0,25.6,63.4,0.428,-0.764,1.2806789875030518,0.14293073117733002,11.8,26.6,61.6,0.428,-0.82,0.7934117317199707,0.154604971408844,9.0,24.0,67.0,0.428
224500,-0.812,0.7107335329055786,0.15684770047664642,9.4,25.6,65.0,0.4281,-0.736,3.100304365158081,0.14064672589302063,13.2,28.2,58.6,0.4281,-0.752,5.471837043762207,0.12696224451065063,12.4,28.8,58.8,0.4281,-0.796,0.8573883771896362,0.1133599728345871,10.2,27.8,62.0,0.4281
225000,-0.8,1.402111291885376,0.12494653463363647,10.0,25.2,64.8,0.4281,-0.8,0.9945059418678284,0.18475373089313507,10.0,30.2,59.8,0.4281,-0.8,0.8395931720733643,0.11644794046878815,10.0,28.6,61.4,0.4281,-0.72,1.1800484657287598,0.12107859551906586,14.0,22.6,63.4,0.4281
225500,-0.756,1.080808162689209,0.11281971633434296,12.2,23.0,64.8,0.4282,-0.716,2.152125358581543,0.18695321679115295,14.2,24.8,61.0,0.4282,-0.76,2.056704521179199,0.13395369052886963,12.0,32.0,56.0,0.4282,-0.772,0.796639084815979,0.21098282933235168,11.4,24.2,64.4,0.4282
226000,-0.772,0.5573147535324097,0.1497538536787033,11.4,27.6,61.0,0.4282,-0.808,1.6353894472122192,0.10872604697942734,9.6,28.8,61.6,0.4282,-0.724,1.056502103805542,0.08478057384490967,13.8,26.8,59.4,0.4282,-0.696,1.109070897102356,0.08598443865776062,15.2,22.6,62.2,0.4282
226500,-0.772,1.174989938735962,0.10469403862953186,11.4,26.0,62.6,0.4283,-0.748,2.4221460819244385,0.23580250144004822,12.6,22.4,65.0,0.4283,-0.804,0.6478109359741211,0.18908001482486725,9.8,25.6,64.6,0.4283,-0.76,1.171501636505127,0.10952657461166382,12.0,24.6,63.4,0.4283
227000,-0.776,1.3909869194030762,0.13317817449569702,11.2,25.4,63.4,0.4284,-0.804,0.7953557372093201,0.12293779850006104,9.8,26.2,64.0,0.4284,-0.748,0.42002350091934204,0.0805189236998558,12.6,28.8,58.6,0.4284,-0.796,2.480839490890503,0.1800762116909027,10.2,28.2,61.6,0.4284
227500,-0.76,0.6080678701400757,0.12882040441036224,12.0,24.2,63.8,0.4284,-0.748,0.587520956993103,0.18379396200180054,12.6,27.4,60.0,0.4284,-0.772,1.5178557634353638,0.12746155261993408,11.4,26.2,62.4,0.4284,-0.808,1.0805022716522217,0.1443396657705307,9.6,27.6,62.8,0.4284
228000,-0.808,0.8549478054046631,0.19767028093338013,9.6,26.4,64.0,0.4285,-0.784,0.8412635326385498,0.15321147441864014,10.8,33.6,55.6,0.4285,-0.808,0.9085923433303833,0.15043231844902039,9.6,27.2,63.2,0.4285,-0.796,1.668835163116455,0.13025511801242828,10.2,25.0,64.8,0.4285
228500,-0.86,0.5968575477600098,0.11361626535654068,7.0,22.6,70.4,0.4286,-0.756,2.173011541366577,0.2626492381095886,12.2,26.6,61.2,0.4286,-0.804,1.7579329013824463,0.16424560546875,9.8,23.6,66.6,0.4286,-0.804,2.7723469734191895,0.2030690610408783,9.8,25.2,65.0,0.4286
229000,-0.736,1.4993174076080322,0.14251425862312317,13.2,25.8,61.0,0.4286,-0.712,0.4756838381290436,0.17162376642227173,14.4,23.2,62.4,0.4286,-0.764,1.8778632879257202,0.1253453642129898,11.8,29.2,59.0,0.4286,-0.804,3.2070255279541016,0.154057115316391,9.8,30.6,59.6,0.4286
229500,-0.768,0.5133447647094727,0.11699753999710083,11.6,23.0,65.4,0.4287,-0.732,1.3535140752792358,0.1522500216960907,13.4,30.2,56.4,0.4287,-0.776,0.6381645202636719,0.14999838173389435,11.2,25.2,63.6,0.4287,-0.744,1.1285215616226196,0.12627536058425903,12.8,26.2,61.0,0.4287
230000,-0.772,1.1851757764816284,0.19141407310962677,11.4,24.0,64.6,0.4287,-0.736,1.1678175926208496,0.133174329996109,13.2,24.8,62.0,0.4287,-0.748,0.8041508197784424,0.1906081885099411,12.6,22.4,65.0,0.4287,-0.748,3.0989794731140137,0.17495448887348175,12.6,30.8,56.6,0.4287
230500,-0.76,0.6264598369598389,0.12721668183803558,12.0,23.8,64.2,0.4288,-0.744,3.355034112930298,0.17749381065368652,12.8,22.6,64.6,0.4288,-0.8,0.8391295671463013,0.16620315611362457,10.0,24.8,65.2,0.4288,-0.816,1.5013375282287598,0.10133000463247299,9.2,27.6,63.2,0.4288
231000,-0.756,1.3752676248550415,0.12859228253364563,12.2,24.8,63.0,0.4289,-0.716,0.9314174056053162,0.11770406365394592,14.2,26.6,59.2,0.4289,-0.776,2.8407866954803467,0.1327173411846161,11.2,24.6,64.2,0.4289,-0.836,1.4385281801223755,0.06236740201711655,8.2,26.6,65.2,0.4289
231500,-0.748,0.723845362663269,0.17536567151546478,12.6,21.8,65.6,0.4289,-0.776,0.7503137588500977,0.14420555531978607,11.2,26.6,62.2,0.4289,-0.836,1.171478509902954,0.137319415807724,8.2,23.0,68.8,0.4289,-0.784,0.9910205602645874,0.07762981951236725,10.8,24.2,65.0,0.4289
232000,-0.776,1.252929449081421,0.1345624327659607,11.2,21.2,67.6,0.429,-0.78,0.7377989292144775,0.19016104936599731,11.0,23.4,65.6,0.429,-0.792,2.4734745025634766,0.09987607598304749,10.4,25.0,64.6,0.429,-0.836,0.538726806640625,0.11209677159786224,8.2,25.0,66.8,0.429
232500,-0.768,0.7366759181022644,0.11013039946556091,11.6,22.6,65.8,0.4291,-0.736,2.2683839797973633,0.19403091073036194,13.2,26.0,60.8,0.4291,-0.768,1.598149061203003,0.1379249393939972,11.6,25.4,63.0,0.4291,-0.784,1.3782603740692139,0.09674787521362305,10.8,25.2,64.0,0.4291
233000,-0.78,1.073201060295105,0.10314920544624329,11.0,21.8,67.2,0.4291,-0.736,1.3501427173614502,0.1703512966632843,13.2,27.2,59.6,0.4291,-0.772,0.6895797252655029,0.12041444331407547,11.4,30.4,58.2,0.4291,-0.796,0.685301661491394,0.11923810839653015,10.2,25.6,64.2,0.4291
233500,-0.792,1.3409172296524048,0.10303936898708344,10.4,23.6,66.0,0.4292,-0.816,0.6450377702713013,0.16424959897994995,9.2,26.6,64.2,0.4292,-0.712,1.121366024017334,0.17977380752563477,14.4,26.0,59.6,0.4292,-0.796,4.165503025054932,0.160697802901268,10.2,29.6,60.2,0.4292
234000,-0.772,0.7171461582183838,0.1149868592619896,11.4,24.4,64.2,0.4292,-0.776,1.0292189121246338,0.18385741114616394,11.2,25.2,63.6,0.4292,-0.792,1.3567030429840088,0.09522761404514313,10.4,24.6,65.0,0.4292,-0.8,1.3178987503051758,0.14218489825725555,10.0,32.6,57.4,0.4292
234500,-0.752,1.420082926750183,0.0759500041604042,12.4,21.4,66.2,0.4293,-0.696,0.5853966474533081,0.17092455923557281,15.2,25.0,59.8,0.4293,-0.74,0.8489915132522583,0.12591491639614105,13.0,22.8,64.2,0.4293,-0.76,2.64101505279541,0.14600208401679993,12.0,22.2,65.8,0.4293
235000,-0.792,2.009725570678711,0.11716697365045547,10.4,24.4,65.2,0.4294,-0.732,1.4410572052001953,0.17041538655757904,13.4,29.0,57.6,0.4294,-0.796,0.5266553163528442,0.10138910263776779,10.2,25.6,64.2,0.4294,-0.756,1.664414644241333,0.1931639313697815,12.2,22.6,65.2,0.4294
235500,-0.764,0.42059749364852905,0.11935773491859436,11.8,21.6,66.6,0.4294,-0.752,1.7234759330749512,0.21107083559036255,12.4,26.6,61.0,0.4294,-0.748,1.4000452756881714,0.18568992614746094,12.6,25.2,62.2,0.4294,-0.78,1.036360263824463,0.11440154910087585,11.0,20.2,68.8,0.4294
236000,-0.808,0.9455915689468384,0.12929154932498932,9.6,25.6,64.8,0.4295,-0.732,1.5722204446792603,0.20835940539836884,13.4,28.6,58.0,0.4295,-0.812,0.9139445424079895,0.14019325375556946,9.4,22.6,68.0,0.4295,-0.78,1.1860934495925903,0.10121552646160126,11.0,31.0,58.0,0.4295
236500,-0.772,0.5832047462463379,0.08776052296161652,11.4,24.0,64.6,0.4296,-0.732,1.551491618156433,0.16526755690574646,13.4,26.2,60.4,0.4296,-0.784,0.7745140790939331,0.16881442070007324,10.8,26.8,62.4,0.4296,-0.776,1.84885835647583,0.11860069632530212,11.2,23.6,65.2,0.4296
237000,-0.784,1.7794846296310425,0.14719325304031372,10.8,25.0,64.2,0.4296,-0.768,1.1907567977905273,0.2070499211549759,11.6,29.8,58.6,0.4296,-0.7,1.204092264175415,0.13311710953712463,15.0,24.2,60.8,0.4296,-0.788,1.1551066637039185,0.13076555728912354,10.6,30.6,58.8,0.4296
237500,-0.772,1.7074475288391113,0.13561758399009705,11.4,23.2,65.4,0.4297,-0.68,1.6407064199447632,0.14158117771148682,16.0,24.2,59.8,0.4297,-0.776,1.0541516542434692,0.2705589234828949,11.2,25.8,63.0,0.4297,-0.776,1.0885953903198242,0.12701639533042908,11.2,22.0,66.8,0.4297
238000,-0.756,1.0487233400344849,0.1434469223022461,12.2,29.0,58.8,0.4297,-0.732,3.614110231399536,0.17042194306850433,13.4,22.4,64.2,0.4297,-0.776,2.0182228088378906,0.16312243044376373,11.2,30.2,58.6,0.4297,-0.8,0.9257623553276062,0.14972439408302307,10.0,23.2,66.8,0.4297
238500,-0.788,0.3900340795516968,0.1792849749326706,10.6,34.2,55.2,0.4298,-0.764,0.65716552734375,0.1295630931854248,11.8,33.0,55.2,0.4298,-0.776,1.6161632537841797,0.12353057414293289,11.2,28.6,60.2,0.4298,-0.74,1.4438396692276,0.14106611907482147,13.0,22.8,64.2,0.4298
239000,-0.76,1.8387596607208252,0.12337398529052734,12.0,30.6,57.4,0.4299,-0.788,0.8907668590545654,0.18647146224975586,10.6,27.8,61.6,0.4299,-0.796,2.396517276763916,0.10639941692352295,10.2,22.4,67.4,0.4299,-0.772,0.8522611856460571,0.1097021996974945,11.4,23.6,65.0,0.4299
239500,-0.756,0.9404402375221252,0.10587798058986664,12.2,32.8,55.0,0.4299,-0.756,1.5222963094711304,0.1877744197845459,12.2,29.4,58.4,0.4299,-0.8,1.6391563415527344,0.11637371778488159,10.0,27.4,62.6,0.4299,-0.72,0.8132047653198242,0.13851690292358398,14.0,23.0,63.0,0.4299
240000,-0.812,1.3069820404052734,0.10472473502159119,9.4,36.0,54.6,0.43,-0.768,0.8564877510070801,0.1691664308309555,11.6,30.8,57.6,0.43,-0.756,0.7567287087440491,0.11322011053562164,12.2,25.0,62.8,0.43,-0.744,1.0833771228790283,0.12478438764810562,12.8,23.6,63.6,0.43
240500,-0.804,1.5096145868301392,0.14874988794326782,9.8,35.6,54.6,0.4301,-0.732,1.7393711805343628,0.13385821878910065,13.4,26.6,60.0,0.4301,-0.78,1.236572504043579,0.11410528421401978,11.0,22.2,66.8,0.4301,-0.744,1.6883591413497925,0.13243705034255981,12.8,23.4,63.8,0.4301
241000,-0.852,1.2730990648269653,0.14700426161289215,7.4,36.2,56.4,0.4301,-0.74,1.0328024625778198,0.16857056319713593,13.0,25.4,61.6,0.4301,-0.844,1.6612424850463867,0.16517868638038635,7.8,33.6,58.6,0.4301,-0.74,1.0762338638305664,0.12270805239677429,13.0,21.6,65.4,0.4301
241500,-0.792,1.2551383972167969,0.11849150061607361,10.4,37.2,52.4,0.4302,-0.772,0.7809586524963379,0.15196259319782257,11.4,24.6,64.0,0.4302,-0.808,2.088341236114502,0.1262178122997284,9.6,33.0,57.4,0.4302,-0.744,1.13339364528656,0.12609535455703735,12.8,22.0,65.2,0.4302
242000,-0.876,0.6971790790557861,0.14616018533706665,6.2,42.4,51.4,0.4302,-0.748,2.158903121948242,0.15929114818572998,12.6,30.8,56.6,0.4302,-0.784,1.2638416290283203,0.11700324714183807,10.8,34.4,54.8,0.4302,-0.8,2.583543539047241,0.15006482601165771,10.0,22.8,67.2,0.4302
242500,-0.82,1.0240381956100464,0.18708007037639618,9.0,42.4,48.6,0.4303,-0.744,1.0717532634735107,0.1994321048259735,12.8,32.2,55.0,0.4303,-0.812,2.072032928466797,0.16099944710731506,9.4,27.0,63.6,0.4303,-0.768,0.8825429677963257,0.1286434829235077,11.6,18.4,70.0,0.4303
243000,-0.86,1.273640513420105,0.12671273946762085,7.0,43.0,50.0,0.4304,-0.772,1.775292992591858,0.1502838432788849,11.4,36.0,52.6,0.4304,-0.752,0.8134531378746033,0.11971918493509293,12.4,26.0,61.6,0.4304,-0.82,1.1142323017120361,0.07881274074316025,9.0,23.4,67.6,0.4304
243500,-0.836,0.8368292450904846,0.12952744960784912,8.2,39.2,52.6,0.4304,-0.792,2.966628074645996,0.16722729802131653,10.4,32.0,57.6,0.4304,-0.804,1.6082978248596191,0.1526913046836853,9.8,31.6,58.6,0.4304,-0.772,1.3132413625717163,0.13924479484558105,11.4,27.4,61.2,0.4304
244000,-0.8,2.0971813201904297,0.08209947496652603,10.0,36.4,53.6,0.4305,-0.716,2.213886022567749,0.15516725182533264,14.2,25.6,60.2,0.4305,-0.796,2.3427894115448,0.1765180081129074,10.2,37.2,52.6,0.4305,-0.776,3.389359712600708,0.13847669959068298,11.2,21.0,67.8,0.4305
244500,-0.828,0.9110288619995117,0.13662077486515045,8.6,40.2,51.2,0.4306,-0.704,1.3896374702453613,0.16964149475097656,14.8,28.0,57.2,0.4306,-0.78,0.35617566108703613,0.09111323207616806,11.0,33.8,55.2,0.4306,-0.772,1.1211700439453125,0.09781834483146667,11.4,23.2,65.4,0.4306
245000,-0.812,2.072155475616455,0.1379358321428299,9.4,40.0,50.6,0.4306,-0.784,1.013082504272461,0.18282023072242737,10.8,30.0,59.2,0.4306,-0.836,1.1825478076934814,0.09456177055835724,8.2,34.2,57.6,0.4306,-0.804,1.0522949695587158,0.1545082926750183,9.8,24.8,65.4,0.4306
245500,-0.804,0.7208393812179565,0.1371096968650818,9.8,42.0,48.2,0.4307,-0.764,1.1692368984222412,0.15604668855667114,11.8,29.6,58.6,0.4307,-0.84,0.6427831053733826,0.11781074106693268,8.0,39.8,52.2,0.4307,-0.76,1.9604116678237915,0.11378394067287445,12.0,26.6,61.4,0.4307
246000,-0.808,1.0960525274276733,0.1068996712565422,9.6,41.2,49.2,0.4307,-0.728,2.2573773860931396,0.23020315170288086,13.6,30.6,55.8,0.4307,-0.852,1.7584015130996704,0.18884696066379547,7.4,38.0,54.6,0.4307,-0.832,0.9813169240951538,0.14371317625045776,8.4,25.6,66.0,0.4307
246500,-0.808,1.4516102075576782,0.12571687996387482,9.6,41.8,48.6,0.4308,-0.704,0.8574815988540649,0.19881653785705566,14.8,23.8,61.4,0.4308,-0.828,1.1116658449172974,0.10175052285194397,8.6,35.0,56.4,0.4308,-0.752,0.9079807996749878,0.12410922348499298,12.4,22.0,65.6,0.4308
247000,-0.82,1.3383302688598633,0.09745171666145325,9.0,43.0,48.0,0.4309,-0.7,1.5864505767822266,0.1698613166809082,15.0,26.8,58.2,0.4309,-0.812,1.3559352159500122,0.12599241733551025,9.4,36.2,54.4,0.4309,-0.768,2.659759998321533,0.11942923069000244,11.6,32.0,56.4,0.4309
247500,-0.888,1.1036758422851562,0.2606886625289917,5.6,42.8,51.6,0.4309,-0.732,1.0624604225158691,0.26120883226394653,13.4,31.6,55.0,0.4309,-0.796,0.7743939161300659,0.11917058378458023,10.2,40.8,49.0,0.4309,-0.776,0.9742826819419861,0.14676597714424133,11.2,25.0,63.8,0.4309
248000,-0.836,0.390877902507782,0.17822207510471344,8.2,35.4,56.4,0.431,-0.728,1.086809754371643,0.1361214965581894,13.6,32.4,54.0,0.431,-0.836,1.5035322904586792,0.13100194931030273,8.2,39.6,52.2,0.431,-0.796,2.241180658340454,0.16143155097961426,10.2,24.2,65.6,0.431
248500,-0.768,1.3408530950546265,0.11750873923301697,11.6,36.4,52.0,0.4311,-0.712,1.1424164772033691,0.17953923344612122,14.4,27.0,58.6,0.4311,-0.8,2.4653825759887695,0.1170441061258316,10.0,41.8,48.2,0.4311,-0.796,0.9163306951522827,0.141911119222641,10.2,22.4,67.4,0.4311
249000,-0.824,1.2856168746948242,0.1489277184009552,8.8,40.6,50.6,0.4311,-0.692,1.2446367740631104,0.14571310579776764,15.4,30.2,54.4,0.4311,-0.824,1.7874127626419067,0.09959064424037933,8.8,35.8,55.4,0.4311,-0.74,0.744845986366272,0.1311594694852829,13.0,24.8,62.2,0.4311
249500,-0.828,0.5539546012878418,0.1296200156211853,8.6,41.8,49.6,0.4312,-0.744,1.4657607078552246,0.19316469132900238,12.8,28.6,58.6,0.4312,-0.784,1.1945693492889404,0.10475309938192368,10.8,43.8,45.4,0.4312,-0.768,4.2679853439331055,0.1395551860332489,11.6,23.8,64.6,0.4312
250000,-0.804,0.602924644947052,0.16839715838432312,9.8,43.2,47.0,0.4312,-0.776,2.306112289428711,0.15291859209537506,11.2,36.2,52.6,0.4312,-0.84,2.1547486782073975,0.18040716648101807,8.0,39.2,52.8,0.4312,-0.792,0.8430343270301819,0.1910293996334076,10.4,26.6,63.0,0.4312
250500,-0.864,0.7056825757026672,0.12954181432724,6.8,41.8,51.4,0.4313,-0.724,1.3220546245574951,0.16671258211135864,13.8,29.4,56.8,0.4313,-0.824,3.188826084136963,0.1537507325410843,8.8,32.4,58.8,0.4313,-0.8,1.861443042755127,0.09188281744718552,10.0,22.4,67.6,0.4313
251000,-0.824,2.4065983295440674,0.1570921391248703,8.8,43.0,48.2,0.4314,-0.804,1.9721877574920654,0.13603675365447998,9.8,29.0,61.2,0.4314,-0.852,2.3092198371887207,0.09579148888587952,7.4,38.2,54.4,0.4314,-0.784,0.9738978147506714,0.1524188220500946,10.8,22.4,66.8,0.4314
251500,-0.788,0.9839178323745728,0.1908920556306839,10.6,39.0,50.4,0.4314,-0.696,1.0485355854034424,0.18413718044757843,15.2,26.8,58.0,0.4314,-0.84,2.375627040863037,0.17210111021995544,8.0,41.6,50.4,0.4314,-0.8,1.1782174110412598,0.07188645005226135,10.0,22.8,67.2,0.4314
252000,-0.824,0.9899489879608154,0.12981215119361877,8.8,39.4,51.8,0.4315,-0.672,1.0099468231201172,0.1442050337791443,16.4,28.8,54.8,0.4315,-0.828,3.997690200805664,0.21326088905334473,8.6,41.4,50.0,0.4315,-0.82,0.6162298917770386,0.13042417168617249,9.0,23.0,68.0,0.4315
252500,-0.844,0.5001417994499207,0.09096404910087585,7.8,40.6,51.6,0.4316,-0.712,1.501793622970581,0.1309252828359604,14.4,31.2,54.4,0.4316,-0.86,0.6731663346290588,0.15836423635482788,7.0,44.2,48.8,0.4316,-0.78,1.9978246688842773,0.15740281343460083,11.0,22.2,66.8,0.4316
253000,-0.792,1.1642885208129883,0.18825671076774597,10.4,40.6,49.0,0.4316,-0.752,2.017519950866699,0.19724175333976746,12.4,29.0,58.6,0.4316,-0.844,1.1195652484893799,0.10325707495212555,7.8,41.0,51.2,0.4316,-0.772,2.2064008712768555,0.16240450739860535,11.4,22.8,65.8,0.4316
253500,-0.86,0.9310415983200073,0.16474321484565735,7.0,40.8,52.2,0.4317,-0.744,1.1270270347595215,0.19697880744934082,12.8,24.4,62.8,0.4317,-0.824,2.198462963104248,0.1989433616399765,8.8,42.2,49.0,0.4317,-0.792,1.6282285451889038,0.07363437116146088,10.4,22.2,67.4,0.4317
254000,-0.864,1.2088193893432617,0.08797532320022583,6.8,38.8,54.4,0.4317,-0.672,1.4426394701004028,0.11571547389030457,16.4,29.4,54.2,0.4317,-0.864,1.3987159729003906,0.13947510719299316,6.8,44.0,49.2,0.4317,-0.76,1.9881374835968018,0.12284407764673233,12.0,22.8,65.2,0.4317
254500,-0.836,0.5561155080795288,0.17834100127220154,8.2,35.2,56.6,0.4318,-0.768,0.6893972158432007,0.14953124523162842,11.6,32.6,55.8,0.4318,-0.836,0.9117937684059143,0.13726720213890076,8.2,41.0,50.8,0.4318,-0.736,0.7534273862838745,0.17183136940002441,13.2,28.0,58.8,0.4318
255000,-0.824,1.2023903131484985,0.12832754850387573,8.8,39.0,52.2,0.4319,-0.76,1.0065617561340332,0.14138752222061157,12.0,24.0,64.0,0.4319,-0.864,1.0403151512145996,0.18508481979370117,6.8,39.8,53.4,0.4319,-0.732,0.5087202787399292,0.0722699761390686,13.4,21.8,64.8,0.4319
255500,-0.796,0.5910888910293579,0.10757791996002197,10.2,30.4,59.4,0.4319,-0.788,2.794250965118408,0.17592987418174744,10.6,29.4,60.0,0.4319,-0.844,0.9386886954307556,0.10307356715202332,7.8,43.4,48.8,0.4319,-0.764,1.2485123872756958,0.11196796596050262,11.8,22.2,66.0,0.4319
256000,-0.828,1.1792333126068115,0.12979695200920105,8.6,38.6,52.8,0.432,-0.656,1.5867624282836914,0.1583365947008133,17.2,26.6,56.2,0.432,-0.856,1.4049021005630493,0.12000629305839539,7.2,34.8,58.0,0.432,-0.808,1.594228982925415,0.12502135336399078,9.6,19.6,70.8,0.432
256500,-0.832,1.2677769660949707,0.1277799904346466,8.4,40.2,51.4,0.4321,-0.756,1.1851017475128174,0.14837536215782166,12.2,27.8,60.0,0.4321,-0.824,1.9002478122711182,0.15738579630851746,8.8,44.4,46.8,0.4321,-0.764,1.033372402191162,0.11224314570426941,11.8,23.0,65.2,0.4321
257000,-0.832,0.23330353200435638,0.08938311785459518,8.4,37.2,54.4,0.4321,-0.764,1.083362340927124,0.13586950302124023,11.8,26.0,62.2,0.4321,-0.88,2.108424425125122,0.12829795479774475,6.0,46.2,47.8,0.4321,-0.84,0.8317750692367554,0.13609284162521362,8.0,23.6,68.4,0.4321
257500,-0.828,1.1297426223754883,0.11487214267253876,8.6,39.4,52.0,0.4322,-0.764,3.197643518447876,0.18952271342277527,11.8,27.2,61.0,0.4322,-0.816,3.456552028656006,0.17674221098423004,9.2,42.6,48.2,0.4322,-0.768,1.5987465381622314,0.11566578596830368,11.6,23.0,65.4,0.4322
258000,-0.828,1.7796554565429688,0.15097491443157196,8.6,34.0,57.4,0.4322,-0.752,1.7566742897033691,0.1708398014307022,12.4,31.8,55.8,0.4322,-0.844,2.452969551086426,0.14540502429008484,7.8,43.6,48.6,0.4322,-0.788,2.0883188247680664,0.13176989555358887,10.6,25.6,63.8,0.4322
258500,-0.816,1.688367247581482,0.1568727195262909,9.2,34.4,56.4,0.4323,-0.712,0.6195018291473389,0.14062854647636414,14.4,26.2,59.4,0.4323,-0.884,0.8309762477874756,0.13665680587291718,5.8,43.8,50.4,0.4323,-0.764,1.073774814605713,0.08962637186050415,11.8,23.0,65.2,0.4323
259000,-0.824,0.6090639233589172,0.11895184963941574,8.8,35.2,56.0,0.4324,-0.712,0.9916776418685913,0.1281324326992035,14.4,26.2,59.4,0.4324,-0.84,1.949535846710205,0.11616449058055878,8.0,45.4,46.6,0.4324,-0.764,1.6159422397613525,0.14035306870937347,11.8,25.2,63.0,0.4324
259500,-0.812,0.7565873861312866,0.17335455119609833,9.4,36.2,54.4,0.4324,-0.736,1.4060170650482178,0.16046343743801117,13.2,28.4,58.4,0.4324,-0.856,1.0174237489700317,0.08463762700557709,7.2,42.2,50.6,0.4324,-0.804,0.44816142320632935,0.1463356763124466,9.8,24.2,66.0,0.4324
260000,-0.84,0.6752735376358032,0.15863360464572906,8.0,32.6,59.4,0.4325,-0.744,1.512122631072998,0.1446167379617691,12.8,28.2,59.0,0.4325,-0.868,2.8736519813537598,0.1552734375,6.6,43.0,50.4,0.4325,-0.776,1.5604041814804077,0.1219504326581955,11.2,23.6,65.2,0.4325
260500,-0.792,0.7587058544158936,0.16992788016796112,10.4,37.4,52.2,0.4326,-0.712,1.1647138595581055,0.10820932686328888,14.4,26.0,59.6,0.4326,-0.844,0.4973616898059845,0.17657379806041718,7.8,40.0,52.2,0.4326,-0.828,1.0560295581817627,0.13144034147262573,8.6,26.0,65.4,0.4326
261000,-0.824,0.4731348156929016,0.14452651143074036,8.8,32.6,58.6,0.4326,-0.744,0.8867917060852051,0.18115228414535522,12.8,27.0,60.2,0.4326,-0.86,2.325542688369751,0.18869712948799133,7.0,45.6,47.4,0.4326,-0.82,0.8088914155960083,0.10698586702346802,9.0,27.8,63.2,0.4326
261500,-0.788,0.4717406630516052,0.15937761962413788,10.6,34.4,55.0,0.4327,-0.7,1.2677072286605835,0.17245353758335114,15.0,27.8,57.2,0.4327,-0.824,1.1670644283294678,0.11676885932683945,8.8,42.2,49.0,0.4327,-0.772,1.5596556663513184,0.09560694545507431,11.4,26.0,62.6,0.4327
262000,-0.812,0.8929001092910767,0.10496179759502411,9.4,32.4,58.2,0.4327,-0.74,1.0310406684875488,0.1003839522600174,13.0,26.4,60.6,0.4327,-0.812,3.0709733963012695,0.07885940372943878,9.4,46.4,44.2,0.4327,-0.776,1.3416022062301636,0.10906044393777847,11.2,26.6,62.2,0.4327
262500,-0.748,0.7858521938323975,0.1348283439874649,12.6,25.6,61.8,0.4328,-0.708,0.5617725253105164,0.1347135305404663,14.6,26.4,59.0,0.4328,-0.812,2.743295192718506,0.13418439030647278,9.4,44.4,46.2,0.4328,-0.788,1.0229859352111816,0.12600845098495483,10.6,22.8,66.6,0.4328
263000,-0.788,0.48089244961738586,0.12063334137201309,10.6,29.6,59.8,0.4329,-0.8,1.2127511501312256,0.158183291554451,10.0,34.0,56.0,0.4329,-0.856,1.390552282333374,0.08402170985937119,7.2,45.2,47.6,0.4329,-0.776,1.1438875198364258,0.1123431995511055,11.2,25.8,63.0,0.4329
263500,-0.82,1.1793971061706543,0.16094870865345,9.0,30.4,60.6,0.4329,-0.776,0.7200688123703003,0.1530177742242813,11.2,23.6,65.2,0.4329,-0.836,3.4126930236816406,0.13322609663009644,8.2,42.8,49.0,0.4329,-0.784,1.1935781240463257,0.11749055981636047,10.8,24.4,64.8,0.4329
264000,-0.764,0.9814171195030212,0.08742144703865051,11.8,30.4,57.8,0.433,-0.724,1.214548110961914,0.2338118553161621,13.8,28.2,58.0,0.433,-0.788,0.9836040735244751,0.16568315029144287,10.6,43.6,45.8,0.433,-0.756,2.3804593086242676,0.11913777142763138,12.2,20.6,67.2,0.433
264500,-0.8,1.0539218187332153,0.1814853399991989,10.0,25.4,64.6,0.4331,-0.772,0.7028979063034058,0.1350935995578766,11.4,21.8,66.8,0.4331,-0.84,2.7375569343566895,0.16185513138771057,8.0,45.0,47.0,0.4331,-0.732,1.0778536796569824,0.0911952331662178,13.4,21.6,65.0,0.4331
265000,-0.728,0.6463029384613037,0.0921691358089447,13.6,31.8,54.6,0.4331,-0.764,1.5777416229248047,0.22331178188323975,11.8,26.8,61.4,0.4331,-0.808,0.8818211555480957,0.10642976313829422,9.6,41.0,49.4,0.4331,-0.772,1.0049558877944946,0.09301216900348663,11.4,25.2,63.4,0.4331
265500,-0.84,1.687429666519165,0.11494762450456619,8.0,30.6,61.4,0.4332,-0.728,1.9333676099777222,0.1683722287416458,13.6,21.0,65.4,0.4332,-0.852,1.6177340745925903,0.11289843916893005,7.4,46.2,46.4,0.4332,-0.752,0.7603127956390381,0.10128983110189438,12.4,25.6,62.0,0.4332
266000,-0.78,1.2944538593292236,0.08589597791433334,11.0,25.6,63.4,0.4332,-0.732,1.582160234451294,0.10105927288532257,13.4,26.8,59.8,0.4332,-0.86,0.7840278148651123,0.11620373278856277,7.0,44.4,48.6,0.4332,-0.832,1.2393393516540527,0.11496855318546295,8.4,26.4,65.2,0.4332
266500,-0.752,1.0717897415161133,0.1567544937133789,12.4,33.2,54.4,0.4333,-0.752,0.9076746702194214,0.1569031924009323,12.4,24.8,62.8,0.4333,-0.812,2.5931363105773926,0.0970165878534317,9.4,43.4,47.2,0.4333,-0.808,1.429595947265625,0.15634790062904358,9.6,24.0,66.4,0.4333
267000,-0.816,1.1691371202468872,0.1248071938753128,9.2,29.6,61.2,0.4334,-0.724,1.352999210357666,0.14885392785072327,13.8,23.8,62.4,0.4334,-0.82,0.23553626239299774,0.11711962521076202,9.0,43.6,47.4,0.4334,-0.804,1.6531809568405151,0.13035541772842407,9.8,23.2,67.0,0.4334
267500,-0.84,1.1006985902786255,0.1587507724761963,8.0,32.2,59.8,0.4334,-0.732,2.4879136085510254,0.15129472315311432,13.4,28.2,58.4,0.4334,-0.896,0.7661573886871338,0.1704128384590149,5.2,48.6,46.2,0.4334,-0.788,1.5161164999008179,0.10384244471788406,10.6,28.8,60.6,0.4334
268000,-0.836,0.7712686061859131,0.1071053072810173,8.2,27.0,64.8,0.4335,-0.712,1.851062536239624,0.23304913938045502,14.4,27.0,58.6,0.4335,-0.828,0.9533007740974426,0.1148160845041275,8.6,47.0,44.4,0.4335,-0.76,0.6326706409454346,0.11663514375686646,12.0,28.4,59.6,0.4335
268500,-0.832,0.4652900695800781,0.06790277361869812,8.4,27.6,64.0,0.4336,-0.712,2.713907480239868,0.15587541460990906,14.4,27.8,57.8,0.4336,-0.908,2.4715025424957275,0.18420162796974182,4.6,44.2,51.2,0.4336,-0.756,2.9790823459625244,0.09987980127334595,12.2,22.4,65.4,0.4336
269000,-0.844,0.7360618114471436,0.09752023220062256,7.8,29.4,62.8,0.4336,-0.716,0.5279641151428223,0.18802347779273987,14.2,23.4,62.4,0.4336,-0.828,3.2943947315216064,0.15046507120132446,8.6,42.8,48.6,0.4336,-0.792,1.2032179832458496,0.08659878373146057,10.4,21.6,68.0,0.4336
269500,-0.832,4.967689037322998,0.11217213422060013,8.4,28.4,63.2,0.4337,-0.756,0.8152116537094116,0.14984801411628723,12.2,35.8,52.0,0.4337,-0.88,0.8550928831100464,0.13279376924037933,6.0,41.4,52.6,0.4337,-0.816,2.359970808029175,0.08725646883249283,9.2,22.4,68.4,0.4337
270000,-0.82,0.6881629228591919,0.11197582632303238,9.0,26.8,64.2,0.4337,-0.732,0.8666795492172241,0.16468122601509094,13.4,28.6,58.0,0.4337,-0.84,1.7472785711288452,0.12776729464530945,8.0,42.2,49.8,0.4337,-0.772,4.850497722625732,0.09312589466571808,11.4,23.6,65.0,0.4337
270500,-0.812,1.4450774192810059,0.11432088911533356,9.4,28.4,62.2,0.4338,-0.748,0.6175812482833862,0.1952076107263565,12.6,27.8,59.6,0.4338,-0.804,0.6454444527626038,0.1961706280708313,9.8,36.4,53.8,0.4338,-0.828,0.8176438808441162,0.08868232369422913,8.6,21.2,70.2,0.4338
271000,-0.836,0.8917303085327148,0.11614255607128143,8.2,25.0,66.8,0.4339,-0.76,0.7804607152938843,0.12038854509592056,12.0,26.4,61.6,0.4339,-0.884,0.7400485277175903,0.1405467987060547,5.8,40.6,53.6,0.4339,-0.764,1.114755392074585,0.09845332056283951,11.8,18.8,69.4,0.4339
271500,-0.796,0.8532302379608154,0.13581722974777222,10.2,29.2,60.6,0.4339,-0.716,1.1661289930343628,0.1508704274892807,14.2,30.8,55.0,0.4339,-0.812,0.9001736640930176,0.12541839480400085,9.4,37.4,53.2,0.4339,-0.724,0.8047068119049072,0.09810464084148407,13.8,21.4,64.8,0.4339
272000,-0.76,1.1665617227554321,0.14684781432151794,12.0,25.2,62.8,0.434,-0.768,1.4391295909881592,0.12036226689815521,11.6,23.0,65.4,0.434,-0.872,2.313183307647705,0.15092171728610992,6.4,38.0,55.6,0.434,-0.76,1.694480061531067,0.10448184609413147,12.0,22.4,65.6,0.434
272500,-0.836,0.7464325428009033,0.10148453712463379,8.2,29.4,62.4,0.4341,-0.736,2.6674108505249023,0.12189969420433044,13.2,21.8,65.0,0.4341,-0.828,1.128799319267273,0.1042901799082756,8.6,37.8,53.6,0.4341,-0.784,2.350381374359131,0.09356443583965302,10.8,21.0,68.2,0.4341
273000,-0.764,0.6630071401596069,0.13434070348739624,11.8,24.2,64.0,0.4341,-0.792,1.2727335691452026,0.20111685991287231,10.4,36.8,52.8,0.4341,-0.816,1.1510484218597412,0.13845795392990112,9.2,37.0,53.8,0.4341,-0.748,0.7738645076751709,0.14935123920440674,12.6,21.6,65.8,0.4341
273500,-0.848,0.5806313753128052,0.09699992835521698,7.6,28.0,64.4,0.4342,-0.716,0.5673401355743408,0.21028397977352142,14.2,32.0,53.8,0.4342,-0.82,0.6189749240875244,0.1166410744190216,9.0,35.4,55.6,0.4342,-0.82,0.7760396003723145,0.0741887018084526,9.0,21.8,69.2,0.4342
274000,-0.808,1.3338639736175537,0.20649322867393494,9.6,27.0,63.4,0.4342,-0.744,0.6497300863265991,0.12550759315490723,12.8,26.0,61.2,0.4342,-0.812,1.7519199848175049,0.10638794302940369,9.4,31.4,59.2,0.4342,-0.776,1.1879358291625977,0.10984829068183899,11.2,21.0,67.8,0.4342
274500,-0.788,0.8787142634391785,0.07327812165021896,10.6,29.2,60.2,0.4343,-0.784,2.5118212699890137,0.1661503165960312,10.8,27.0,62.2,0.4343,-0.816,0.9131584167480469,0.09194234758615494,9.2,32.4,58.4,0.4343,-0.776,1.626974105834961,0.145986869931221,11.2,21.6,67.2,0.4343
275000,-0.78,0.9213608503341675,0.1408841907978058,11.0,25.0,64.0,0.4344,-0.74,1.290040135383606,0.14200323820114136,13.0,26.0,61.0,0.4344,-0.828,2.130434036254883,0.12575256824493408,8.6,32.0,59.4,0.4344,-0.792,1.0492769479751587,0.10800415277481079,10.4,17.0,72.6,0.4344
275500,-0.776,0.869173526763916,0.11198262125253677,11.2,28.2,60.6,0.4344,-0.712,1.8235180377960205,0.12923786044120789,14.4,28.0,57.6,0.4344,-0.844,0.9436426758766174,0.14126652479171753,7.8,34.2,58.0,0.4344,-0.804,0.9132700562477112,0.0824560895562172,9.8,24.8,65.4,0.4344
276000,-0.812,1.661275863647461,0.09030948579311371,9.4,29.2,61.4,0.4345,-0.748,0.6381287574768066,0.10892023891210556,12.6,27.8,59.6,0.4345,-0.86,0.3951529562473297,0.12493699043989182,7.0,32.2,60.8,0.4345,-0.804,0.4158629775047302,0.1086057797074318,9.8,24.6,65.6,0.4345
276500,-0.8,1.0253078937530518,0.12546877562999725,10.0,29.2,60.8,0.4346,-0.744,0.9386630654335022,0.25115692615509033,12.8,25.6,61.6,0.4346,-0.816,1.3494408130645752,0.12929370999336243,9.2,34.0,56.8,0.4346,-0.792,1.020119071006775,0.06520737707614899,10.4,24.8,64.8,0.4346
277000,-0.752,0.5257617235183716,0.1377984881401062,12.4,27.0,60.6,0.4346,-0.704,1.3990951776504517,0.22347502410411835,14.8,25.8,59.4,0.4346,-0.836,1.2213897705078125,0.13195985555648804,8.2,33.2,58.6,0.4346,-0.74,1.1368002891540527,0.11408479511737823,13.0,20.2,66.8,0.4346
277500,-0.796,0.31174468994140625,0.19416099786758423,10.2,30.0,59.8,0.4347,-0.712,1.0206067562103271,0.21800845861434937,14.4,28.8,56.8,0.4347,-0.804,0.92677241563797,0.08103318512439728,9.8,36.2,54.0,0.4347,-0.844,2.484513282775879,0.15137550234794617,7.8,38.2,54.0,0.4347
278000,-0.808,1.2529243230819702,0.14576542377471924,9.6,27.6,62.8,0.4347,-0.736,1.7108094692230225,0.10641369223594666,13.2,20.0,66.8,0.4347,-0.808,2.005985975265503,0.15029332041740417,9.6,34.0,56.4,0.4347,-0.788,1.9421857595443726,0.08493460714817047,10.6,35.0,54.4,0.4347
278500,-0.792,0.6244474649429321,0.1545219123363495,10.4,25.0,64.6,0.4348,-0.776,0.6472511291503906,0.15886452794075012,11.2,27.6,61.2,0.4348,-0.848,0.6894384622573853,0.13031406700611115,7.6,30.2,62.2,0.4348,-0.848,1.5705006122589111,0.09351136535406113,7.6,34.4,58.0,0.4348
279000,-0.824,1.8554391860961914,0.09444137662649155,8.8,30.6,60.6,0.4349,-0.744,1.4677232503890991,0.146356999874115,12.8,29.2,58.0,0.4349,-0.808,1.762553334236145,0.09790704399347305,9.6,33.4,57.0,0.4349,-0.784,0.8345835208892822,0.1813834011554718,10.8,34.4,54.8,0.4349
279500,-0.812,3.1502346992492676,0.11774320900440216,9.4,30.0,60.6,0.4349,-0.728,0.9508020281791687,0.18390843272209167,13.6,22.8,63.6,0.4349,-0.808,0.7412148714065552,0.0930887907743454,9.6,34.0,56.4,0.4349,-0.796,1.2546087503433228,0.13359594345092773,10.2,35.8,54.0,0.4349
280000,-0.824,0.9964921474456787,0.06436536461114883,8.8,26.6,64.6,0.435,-0.776,0.48733073472976685,0.12065178155899048,11.2,25.8,63.0,0.435,-0.8,2.8485145568847656,0.16883909702301025,10.0,30.8,59.2,0.435,-0.84,1.0278074741363525,0.18057158589363098,8.0,36.8,55.2,0.435
280500,-0.836,0.5629503726959229,0.16488578915596008,8.2,23.6,68.2,0.4351,-0.764,1.622758388519287,0.17951035499572754,11.8,22.2,66.0,0.4351,-0.808,1.1661478281021118,0.12617723643779755,9.6,34.8,55.6,0.4351,-0.84,1.1287280321121216,0.10792072117328644,8.0,35.4,56.6,0.4351
281000,-0.792,0.7408939003944397,0.08980213105678558,10.4,27.4,62.2,0.4351,-0.804,0.8659156560897827,0.1503618061542511,9.8,24.0,66.2,0.4351,-0.824,1.1052302122116089,0.1446588933467865,8.8,38.0,53.2,0.4351,-0.844,0.7120742797851562,0.10860373824834824,7.8,34.4,57.8,0.4351
281500,-0.788,1.0010236501693726,0.18613287806510925,10.6,29.0,60.4,0.4352,-0.748,1.1927905082702637,0.11694701761007309,12.6,29.4,58.0,0.4352,-0.788,0.8096377849578857,0.11510822176933289,10.6,36.4,53.0,0.4352,-0.788,1.1499912738800049,0.1056821197271347,10.6,32.4,57.0,0.4352
282000,-0.788,0.8221774101257324,0.1501469612121582,10.6,27.2,62.2,0.4352,-0.808,1.6025853157043457,0.13758642971515656,9.6,23.0,67.4,0.4352,-0.816,3.050720453262329,0.1318344920873642,9.2,35.0,55.8,0.4352,-0.828,0.6367404460906982,0.12506496906280518,8.6,34.6,56.8,0.4352
282500,-0.776,1.1554538011550903,0.12347786128520966,11.2,27.0,61.8,0.4353,-0.844,1.2864751815795898,0.19804157316684723,7.8,30.2,62.0,0.4353,-0.784,3.929647922515869,0.09563630074262619,10.8,31.2,58.0,0.4353,-0.824,0.9380039572715759,0.11739380657672882,8.8,37.0,54.2,0.4353
283000,-0.764,0.573836624622345,0.11493479460477829,11.8,28.2,60.0,0.4354,-0.752,1.937542200088501,0.13885164260864258,12.4,23.4,64.2,0.4354,-0.78,0.2981145977973938,0.13105042278766632,11.0,32.2,56.8,0.4354,-0.816,2.911953926086426,0.12032857537269592,9.2,41.2,49.6,0.4354
283500,-0.784,0.8009857535362244,0.07041273266077042,10.8,24.0,65.2,0.4354,-0.748,1.9586949348449707,0.1563664972782135,12.6,27.4,60.0,0.4354,-0.764,0.3824637830257416,0.16061687469482422,11.8,28.8,59.4,0.4354,-0.776,2.20327091217041,0.1228107362985611,11.2,35.2,53.6,0.4354
284000,-0.74,0.7041998505592346,0.184288889169693,13.0,28.4,58.6,0.4355,-0.756,0.9001648426055908,0.0836714655160904,12.2,33.6,54.2,0.4355,-0.812,1.072499394416809,0.15845131874084473,9.4,33.4,57.2,0.4355,-0.84,0.8525332808494568,0.11441373825073242,8.0,38.2,53.8,0.4355
284500,-0.8,1.6446740627288818,0.11867568641901016,10.0,27.0,63.0,0.4356,-0.728,0.6750494837760925,0.18485431373119354,13.6,25.6,60.8,0.4356,-0.808,1.0645508766174316,0.1088968813419342,9.6,37.0,53.4,0.4356,-0.852,0.9075747132301331,0.11207422614097595,7.4,39.4,53.2,0.4356
285000,-0.78,2.495859146118164,0.146004319190979,11.0,25.0,64.0,0.4356,-0.756,0.972100019454956,0.1188824400305748,12.2,27.4,60.4,0.4356,-0.748,0.7957983016967773,0.08855240046977997,12.6,33.6,53.8,0.4356,-0.796,0.9555448889732361,0.17288246750831604,10.2,36.8,53.0,0.4356
285500,-0.776,0.7520378828048706,0.09397843480110168,11.2,26.0,62.8,0.4357,-0.772,0.9509903788566589,0.0957203209400177,11.4,25.0,63.6,0.4357,-0.808,1.9492461681365967,0.1250791996717453,9.6,31.6,58.8,0.4357,-0.824,3.256578207015991,0.11046524345874786,8.8,38.4,52.8,0.4357
286000,-0.84,1.580418348312378,0.128156840801239,8.0,27.6,64.4,0.4357,-0.744,0.5332357287406921,0.09122875332832336,12.8,25.2,62.0,0.4357,-0.76,4.362233638763428,0.12393715977668762,12.0,34.0,54.0,0.4357,-0.84,1.511296272277832,0.13506773114204407,8.0,37.2,54.8,0.4357
286500,-0.784,0.8130491971969604,0.09018690884113312,10.8,27.6,61.6,0.4358,-0.768,1.0968961715698242,0.11283056437969208,11.6,27.2,61.2,0.4358,-0.752,0.5342307090759277,0.11580050736665726,12.4,33.2,54.4,0.4358,-0.832,0.7898138165473938,0.14797639846801758,8.4,33.6,58.0,0.4358
287000,-0.744,0.7252379655838013,0.09403694421052933,12.8,25.0,62.2,0.4359,-0.748,0.7541176080703735,0.1656147539615631,12.6,24.2,63.2,0.4359,-0.792,1.1535074710845947,0.10962890088558197,10.4,31.8,57.8,0.4359,-0.792,2.1840145587921143,0.12464240193367004,10.4,37.6,52.0,0.4359
287500,-0.824,1.1959290504455566,0.12725625932216644,8.8,28.6,62.6,0.4359,-0.74,0.7710609436035156,0.1027889996767044,13.0,27.2,59.8,0.4359,-0.764,0.8051749467849731,0.19226661324501038,11.8,31.2,57.0,0.4359,-0.812,3.015134572982788,0.17546728253364563,9.4,35.8,54.8,0.4359
288000,-0.768,1.3180837631225586,0.12074761092662811,11.6,27.8,60.6,0.436,-0.788,0.7489856481552124,0.07425675541162491,10.6,28.4,61.0,0.436,-0.788,0.9636420607566833,0.09660059213638306,10.6,35.8,53.6,0.436,-0.844,1.329773187637329,0.17225365340709686,7.8,39.6,52.6,0.436
288500,-0.8,1.0936377048492432,0.10647029429674149,10.0,29.0,61.0,0.4361,-0.74,0.9738295674324036,0.08838657289743423,13.0,28.0,59.0,0.4361,-0.812,4.217854022979736,0.11276230216026306,9.4,33.4,57.2,0.4361,-0.836,0.9123661518096924,0.06852984428405762,8.2,36.8,55.0,0.4361
289000,-0.84,1.5920219421386719,0.09552722424268723,8.0,32.2,59.8,0.4361,-0.732,1.566207766532898,0.10064470767974854,13.4,27.8,58.8,0.4361,-0.76,1.2704370021820068,0.17684690654277802,12.0,30.6,57.4,0.4361,-0.836,1.5390820503234863,0.1098250299692154,8.2,37.0,54.8,0.4361
289500,-0.8,0.7747011184692383,0.10720515251159668,10.0,27.8,62.2,0.4362,-0.788,0.35379844903945923,0.15491968393325806,10.6,29.0,60.4,0.4362,-0.804,1.0129691362380981,0.11636420339345932,9.8,33.2,57.0,0.4362,-0.836,0.913870096206665,0.07342015206813812,8.2,35.2,56.6,0.4362
290000,-0.728,1.1901991367340088,0.10798781365156174,13.6,29.4,57.0,0.4362,-0.74,0.8899233937263489,0.1592244803905487,13.0,23.2,63.8,0.4362,-0.78,3.2397913932800293,0.1115787923336029,11.0,29.8,59.2,0.4362,-0.864,2.398484706878662,0.08493352681398392,6.8,37.0,56.2,0.4362
290500,-0.776,0.7847723364830017,0.14146733283996582,11.2,25.4,63.4,0.4363,-0.744,3.0673935413360596,0.09926839172840118,12.8,27.0,60.2,0.4363,-0.736,2.864936113357544,0.10436300933361053,13.2,35.8,51.0,0.4363,-0.82,0.726699948310852,0.0990971177816391,9.0,36.0,55.0,0.4363
291000,-0.796,0.5156979560852051,0.08809301257133484,10.2,27.8,62.0,0.4364,-0.696,1.4811701774597168,0.1476069837808609,15.2,25.6,59.2,0.4364,-0.796,2.294750690460205,0.18129068613052368,10.2,32.0,57.8,0.4364,-0.856,2.5664470195770264,0.14594057202339172,7.2,40.8,52.0,0.4364
291500,-0.8,1.2169818878173828,0.10888908058404922,10.0,30.4,59.6,0.4364,-0.776,0.5182449221611023,0.06252049654722214,11.2,24.0,64.8,0.4364,-0.796,1.3320815563201904,0.09473444521427155,10.2,35.4,54.4,0.4364,-0.856,0.33070990443229675,0.08561988174915314,7.2,37.8,55.0,0.4364
292000,-0.76,0.8602883815765381,0.08689205348491669,12.0,27.4,60.6,0.4365,-0.78,0.6465813517570496,0.1594800055027008,11.0,20.2,68.8,0.4365,-0.82,1.0170490741729736,0.09097045660018921,9.0,31.4,59.6,0.4365,-0.816,1.2397514581680298,0.11541808396577835,9.2,39.0,51.8,0.4365
292500,-0.76,0.8472809791564941,0.13718368113040924,12.0,25.2,62.8,0.4366,-0.732,0.5579110383987427,0.16509905457496643,13.4,28.4,58.2,0.4366,-0.744,0.935696005821228,0.12433100491762161,12.8,34.6,52.6,0.4366,-0.84,0.8700680732727051,0.09951668232679367,8.0,38.2,53.8,0.4366
293000,-0.808,1.166945457458496,0.08758889138698578,9.6,33.2,57.2,0.4366,-0.76,2.4504356384277344,0.15995606780052185,12.0,31.4,56.6,0.4366,-0.76,0.8131657838821411,0.1373954713344574,12.0,28.4,59.6,0.4366,-0.796,2.065175771713257,0.0767485648393631,10.2,36.4,53.4,0.4366
293500,-0.76,1.4025570154190063,0.07292783260345459,12.0,25.4,62.6,0.4367,-0.756,0.8787293434143066,0.16064506769180298,12.2,37.8,50.0,0.4367,-0.82,3.466735363006592,0.16564692556858063,9.0,32.2,58.8,0.4367,-0.796,1.3852672576904297,0.0973786860704422,10.2,30.8,59.0,0.4367
294000,-0.796,0.43350040912628174,0.12580740451812744,10.2,31.8,58.0,0.4367,-0.796,2.8087105751037598,0.14621761441230774,10.2,38.8,51.0,0.4367,-0.796,1.499422550201416,0.11865576356649399,10.2,32.6,57.2,0.4367,-0.816,2.1647419929504395,0.14368385076522827,9.2,31.4,59.4,0.4367
294500,-0.72,0.9329309463500977,0.10628117620944977,14.0,26.8,59.2,0.4368,-0.824,0.8367757797241211,0.1350463330745697,8.8,37.6,53.6,0.4368,-0.82,1.4211406707763672,0.11539903283119202,9.0,33.8,57.2,0.4368,-0.8,1.1773144006729126,0.1568634808063507,10.0,33.2,56.8,0.4368
295000,-0.768,0.7321517467498779,0.11622530221939087,11.6,29.8,58.6,0.4369,-0.764,0.8205463886260986,0.12377533316612244,11.8,39.2,49.0,0.4369,-0.776,1.6242200136184692,0.11913879215717316,11.2,33.4,55.4,0.4369,-0.788,0.6000277996063232,0.11638743430376053,10.6,32.6,56.8,0.4369
295500,-0.804,1.966930627822876,0.13101446628570557,9.8,27.4,62.8,0.4369,-0.78,0.5528517961502075,0.15976440906524658,11.0,35.4,53.6,0.4369,-0.796,1.8681806325912476,0.1622621864080429,10.2,33.6,56.2,0.4369,-0.812,3.1690871715545654,0.12970192730426788,9.4,28.8,61.8,0.4369
296000,-0.796,1.1373577117919922,0.08898624777793884,10.2,32.0,57.8,0.437,-0.788,0.8381885290145874,0.10919206589460373,10.6,36.6,52.8,0.437,-0.812,0.7410387396812439,0.14791138470172882,9.4,36.6,54.0,0.437,-0.844,1.1376653909683228,0.10278739035129547,7.8,31.6,60.6,0.437
296500,-0.78,1.1797094345092773,0.12527123093605042,11.0,29.0,60.0,0.4371,-0.812,0.8734753131866455,0.1419452726840973,9.4,36.4,54.2,0.4371,-0.8,0.6602140665054321,0.09153412282466888,10.0,34.4,55.6,0.4371,-0.78,0.9238247871398926,0.07884302735328674,11.0,28.6,60.4,0.4371
297000,-0.796,1.1108698844909668,0.1213054358959198,10.2,25.2,64.6,0.4371,-0.812,0.9542973041534424,0.11493351310491562,9.4,38.0,52.6,0.4371,-0.792,2.294072151184082,0.20631790161132812,10.4,32.6,57.0,0.4371,-0.824,3.2728004455566406,0.11661142855882645,8.8,29.6,61.6,0.4371
297500,-0.764,1.373297929763794,0.15059983730316162,11.8,27.4,60.8,0.4372,-0.768,1.7555116415023804,0.16301116347312927,11.6,38.0,50.4,0.4372,-0.796,1.2415732145309448,0.12439115345478058,10.2,35.4,54.4,0.4372,-0.824,1.579595685005188,0.10164271295070648,8.8,27.8,63.4,0.4372
298000,-0.776,1.244084358215332,0.13503488898277283,11.2,31.2,57.6,0.4372,-0.784,0.792858362197876,0.111435167491436,10.8,37.6,51.6,0.4372,-0.816,1.4667339324951172,0.1818143129348755,9.2,33.8,57.0,0.4372,-0.76,0.8715305328369141,0.11744245141744614,12.0,28.4,59.6,0.4372
298500,-0.768,0.9881503582000732,0.09549736231565475,11.6,26.2,62.2,0.4373,-0.752,1.6417310237884521,0.18172991275787354,12.4,31.8,55.8,0.4373,-0.792,2.8890702724456787,0.18685340881347656,10.4,33.6,56.0,0.4373,-0.768,3.531634569168091,0.14462704956531525,11.6,25.0,63.4,0.4373
299000,-0.788,0.30406075716018677,0.10527674853801727,10.6,28.8,60.6,0.4374,-0.768,0.44890356063842773,0.09681150317192078,11.6,35.4,53.0,0.4374,-0.816,1.5518215894699097,0.08564670383930206,9.2,34.6,56.2,0.4374,-0.82,0.3410130739212036,0.06437529623508453,9.0,30.0,61.0,0.4374
299500,-0.8,1.3253464698791504,0.11849027872085571,10.0,29.4,60.6,0.4374,-0.768,2.319399356842041,0.1573345959186554,11.6,37.0,51.4,0.4374,-0.768,2.852895498275757,0.08357253670692444,11.6,37.0,51.4,0.4374,-0.832,1.2360107898712158,0.07763916254043579,8.4,27.2,64.4,0.4374
300000,-0.784,0.5960500836372375,0.10243485122919083,10.8,27.0,62.2,0.4375,-0.78,1.2792656421661377,0.1776306927204132,11.0,36.0,53.0,0.4375,-0.772,2.5857903957366943,0.06130387261509895,11.4,36.2,52.4,0.4375,-0.824,1.3478546142578125,0.11798568069934845,8.8,26.6,64.6,0.4375
300500,-0.76,0.6341756582260132,0.11384698748588562,12.0,25.4,62.6,0.4376,-0.756,0.4110625386238098,0.14976248145103455,12.2,36.2,51.6,0.4376,-0.808,1.6586368083953857,0.10025298595428467,9.6,32.2,58.2,0.4376,-0.784,0.4890621602535248,0.1366300880908966,10.8,24.0,65.2,0.4376
301000,-0.784,0.6675136089324951,0.08939801901578903,10.8,23.8,65.4,0.4376,-0.776,0.6028324365615845,0.17498129606246948,11.2,34.6,54.2,0.4376,-0.808,2.2037172317504883,0.09801647812128067,9.6,35.4,55.0,0.4376,-0.812,2.2245001792907715,0.09465400874614716,9.4,23.0,67.6,0.4376
301500,-0.78,1.0752025842666626,0.093468576669693,11.0,28.8,60.2,0.4377,-0.74,2.335376024246216,0.15401004254817963,13.0,37.2,49.8,0.4377,-0.776,1.7186074256896973,0.11111348867416382,11.2,31.8,57.0,0.4377,-0.784,0.6324055194854736,0.06078887730836868,10.8,26.0,63.2,0.4377
302000,-0.796,1.0811668634414673,0.0706966295838356,10.2,27.8,62.0,0.4377,-0.804,1.6523339748382568,0.17492489516735077,9.8,37.0,53.2,0.4377,-0.788,1.9455933570861816,0.08792382478713989,10.6,33.0,56.4,0.4377,-0.836,1.1193263530731201,0.0968257263302803,8.2,24.0,67.8,0.4377
302500,-0.776,0.636701226234436,0.16085490584373474,11.2,27.4,61.4,0.4378,-0.764,0.9963328242301941,0.1669052392244339,11.8,35.2,53.0,0.4378,-0.808,0.6241402626037598,0.11716237664222717,9.6,31.6,58.8,0.4378,-0.812,1.2382137775421143,0.12733657658100128,9.4,27.6,63.0,0.4378
303000,-0.816,1.9175739288330078,0.13213607668876648,9.2,30.4,60.4,0.4379,-0.768,0.35061952471733093,0.10368363559246063,11.6,35.4,53.0,0.4379,-0.792,0.5984818935394287,0.11861863732337952,10.4,30.2,59.4,0.4379,-0.836,0.9427112340927124,0.12746389210224152,8.2,24.4,67.4,0.4379
303500,-0.764,0.5167738199234009,0.1277429461479187,11.8,28.0,60.2,0.4379,-0.748,1.0430095195770264,0.18592426180839539,12.6,32.6,54.8,0.4379,-0.804,0.5099377036094666,0.06077906861901283,9.8,34.2,56.0,0.4379,-0.844,1.1031546592712402,0.06944729387760162,7.8,28.4,63.8,0.4379
304000,-0.804,0.4015156626701355,0.08492594957351685,9.8,23.8,66.4,0.438,-0.808,1.9930754899978638,0.13989348709583282,9.6,34.0,56.4,0.438,-0.72,2.0342111587524414,0.06884770840406418,14.0,31.6,54.4,0.438,-0.828,1.0273957252502441,0.06619320809841156,8.6,27.6,63.8,0.438
304500,-0.764,1.3134806156158447,0.11400552093982697,11.8,20.4,67.8,0.4381,-0.82,1.3817204236984253,0.2260752022266388,9.0,31.0,60.0,0.4381,-0.76,0.5350579023361206,0.1984281837940216,12.0,30.2,57.8,0.4381,-0.812,2.025923728942871,0.11854124069213867,9.4,24.6,66.0,0.4381
305000,-0.836,1.0025885105133057,0.09145103394985199,8.2,31.2,60.6,0.4381,-0.792,0.4445236921310425,0.13899894058704376,10.4,31.6,58.0,0.4381,-0.748,0.594303548336029,0.16762501001358032,12.6,31.8,55.6,0.4381,-0.816,0.66407310962677,0.13647082448005676,9.2,30.2,60.6,0.4381
305500,-0.792,0.33205533027648926,0.06885560601949692,10.4,24.8,64.8,0.4382,-0.776,1.6906191110610962,0.13699698448181152,11.2,30.4,58.4,0.4382,-0.78,0.8935344219207764,0.09381350874900818,11.0,35.6,53.4,0.4382,-0.764,0.9707286953926086,0.10065129399299622,11.8,26.2,62.0,0.4382
306000,-0.772,0.37673264741897583,0.14552894234657288,11.4,26.8,61.8,0.4382,-0.78,1.4655959606170654,0.17327052354812622,11.0,34.0,55.0,0.4382,-0.832,0.5948697924613953,0.11098258942365646,8.4,32.8,58.8,0.4382,-0.848,0.6498967409133911,0.17009952664375305,7.6,26.6,65.8,0.4382
306500,-0.76,1.1258708238601685,0.12210791558027267,12.0,25.2,62.8,0.4383,-0.804,0.7141424417495728,0.15414181351661682,9.8,32.2,58.0,0.4383,-0.828,1.119376540184021,0.13828697800636292,8.6,32.0,59.4,0.4383,-0.768,1.2198437452316284,0.16103704273700714,11.6,24.8,63.6,0.4383
307000,-0.812,0.7642253041267395,0.06396244466304779,9.4,23.2,67.4,0.4384,-0.816,1.3495628833770752,0.12116333842277527,9.2,29.4,61.4,0.4384,-0.828,0.7690717577934265,0.10708102583885193,8.6,30.0,61.4,0.4384,-0.8,0.5599200129508972,0.056439660489559174,10.0,25.0,65.0,0.4384
307500,-0.716,0.9383304715156555,0.12435734272003174,14.2,21.8,64.0,0.4384,-0.724,1.0547116994857788,0.09338030219078064,13.8,30.2,56.0,0.4384,-0.816,0.7962502241134644,0.13542456924915314,9.2,36.6,54.2,0.4384,-0.804,2.477325439453125,0.15189571678638458,9.8,23.6,66.6,0.4384
308000,-0.788,0.526080310344696,0.11140892654657364,10.6,21.6,67.8,0.4385,-0.732,0.5333465337753296,0.1370900422334671,13.4,32.0,54.6,0.4385,-0.804,1.0218589305877686,0.16137397289276123,9.8,30.0,60.2,0.4385,-0.804,1.244483470916748,0.0962866023182869,9.8,24.4,65.8,0.4385
308500,-0.816,0.7626482248306274,0.10156256705522537,9.2,25.6,65.2,0.4386,-0.788,1.4230833053588867,0.10004167258739471,10.6,28.8,60.6,0.4386,-0.772,0.9015423059463501,0.15803425014019012,11.4,27.4,61.2,0.4386,-0.776,1.1460680961608887,0.10030929744243622,11.2,26.8,62.0,0.4386
309000,-0.744,1.3611629009246826,0.11851733922958374,12.8,23.2,64.0,0.4386,-0.776,0.405301034450531,0.13899840414524078,11.2,27.0,61.8,0.4386,-0.788,1.3693180084228516,0.08408857136964798,10.6,32.2,57.2,0.4386,-0.808,0.835003137588501,0.08589324355125427,9.6,26.6,63.8,0.4386
309500,-0.76,0.7025253176689148,0.1320573389530182,12.0,30.0,58.0,0.4387,-0.752,1.1430970430374146,0.16307103633880615,12.4,29.8,57.8,0.4387,-0.828,0.8137312531471252,0.10096850991249084,8.6,32.6,58.8,0.4387,-0.8,0.9763526916503906,0.10394804179668427,10.0,25.8,64.2,0.4387
310000,-0.808,1.052250623703003,0.06459547579288483,9.6,29.8,60.6,0.4387,-0.776,0.779380202293396,0.08520079404115677,11.2,26.4,62.4,0.4387,-0.796,1.2538375854492188,0.09097956866025925,10.2,29.8,60.0,0.4387,-0.764,1.0149040222167969,0.08494698256254196,11.8,25.0,63.2,0.4387
310500,-0.764,0.6976351141929626,0.07943415641784668,11.8,23.4,64.8,0.4388,-0.728,0.8931686878204346,0.13137823343276978,13.6,33.4,53.0,0.4388,-0.76,0.9340420961380005,0.12872061133384705,12.0,28.8,59.2,0.4388,-0.816,1.8045523166656494,0.09762409329414368,9.2,26.8,64.0,0.4388
311000,-0.744,0.8365476131439209,0.1372404396533966,12.8,26.6,60.6,0.4389,-0.816,0.9015008211135864,0.09836308658123016,9.2,30.8,60.0,0.4389,-0.76,0.4961121082305908,0.10664553195238113,12.0,35.0,53.0,0.4389,-0.796,0.7304345965385437,0.09192414581775665,10.2,25.6,64.2,0.4389
311500,-0.788,0.9041937589645386,0.07256527245044708,10.6,24.0,65.4,0.4389,-0.836,0.3713340759277344,0.11044890433549881,8.2,35.4,56.4,0.4389,-0.776,1.4997857809066772,0.2094915360212326,11.2,31.8,57.0,0.4389,-0.808,0.9490998983383179,0.10071338713169098,9.6,22.4,68.0,0.4389
312000,-0.816,0.3855680823326111,0.1252737045288086,9.2,24.4,66.4,0.439,-0.74,0.9119778275489807,0.08354423195123672,13.0,27.6,59.4,0.439,-0.772,2.3595399856567383,0.07612084597349167,11.4,31.8,56.8,0.439,-0.78,1.100311279296875,0.11145132780075073,11.0,22.0,67.0,0.439
312500,-0.748,0.6356025338172913,0.18016648292541504,12.6,25.6,61.8,0.4391,-0.8,1.3672960996627808,0.0989094004034996,10.0,34.6,55.4,0.4391,-0.796,0.92349773645401,0.0886596292257309,10.2,32.0,57.8,0.4391,-0.784,0.8851474523544312,0.09331940114498138,10.8,27.6,61.6,0.4391
313000,-0.772,0.43246349692344666,0.05358586832880974,11.4,29.8,58.8,0.4391,-0.816,1.4836006164550781,0.16462188959121704,9.2,34.2,56.6,0.4391,-0.812,2.2652177810668945,0.1246800422668457,9.4,31.2,59.4,0.4391,-0.812,0.8065019249916077,0.1055290699005127,9.4,26.2,64.4,0.4391
313500,-0.78,0.593442440032959,0.13137786090373993,11.0,25.8,63.2,0.4392,-0.748,1.3060234785079956,0.15635308623313904,12.6,31.8,55.6,0.4392,-0.744,1.4022538661956787,0.15949657559394836,12.8,29.2,58.0,0.4392,-0.816,0.9089224338531494,0.17198625206947327,9.2,23.0,67.8,0.4392
314000,-0.728,1.1430377960205078,0.09190510213375092,13.6,23.2,63.2,0.4392,-0.788,2.017824172973633,0.11333737522363663,10.6,37.6,51.8,0.4392,-0.772,0.6805009841918945,0.07250925153493881,11.4,30.6,58.0,0.4392,-0.828,0.9742608666419983,0.06597601622343063,8.6,23.4,68.0,0.4392
314500,-0.792,0.8279268145561218,0.12575559318065643,10.4,27.2,62.4,0.4393,-0.796,1.1913204193115234,0.1417824774980545,10.2,34.2,55.6,0.4393,-0.792,2.5038928985595703,0.067719966173172,10.4,34.8,54.8,0.4393,-0.808,1.490567684173584,0.06120270490646362,9.6,27.8,62.6,0.4393
315000,-0.748,0.4431059956550598,0.07824242860078812,12.6,25.4,62.0,0.4394,-0.712,0.6253619194030762,0.13578596711158752,14.4,30.2,55.4,0.4394,-0.82,1.1240479946136475,0.08485296368598938,9.0,29.0,62.0,0.4394,-0.82,1.3022291660308838,0.04715944454073906,9.0,22.8,68.2,0.4394
315500,-0.804,0.48074638843536377,0.09531685709953308,9.8,29.4,60.8,0.4394,-0.78,0.6168462038040161,0.11146742105484009,11.0,31.2,57.8,0.4394,-0.776,0.8122161626815796,0.15841366350650787,11.2,33.8,55.0,0.4394,-0.8,1.175883173942566,0.07045195996761322,10.0,25.4,64.6,0.4394
316000,-0.724,0.7784421443939209,0.11136111617088318,13.8,22.4,63.8,0.4395,-0.764,0.8120905160903931,0.17028450965881348,11.8,33.8,54.4,0.4395,-0.808,0.8686844706535339,0.11967308819293976,9.6,26.8,63.6,0.4395,-0.816,1.5827350616455078,0.06747320294380188,9.2,22.4,68.4,0.4395
316500,-0.808,1.3148683309555054,0.20958048105239868,9.6,28.4,62.0,0.4396,-0.816,0.6537008285522461,0.19689024984836578,9.2,39.4,51.4,0.4396,-0.74,0.4213353991508484,0.16477766633033752,13.0,30.8,56.2,0.4396,-0.772,0.6680840253829956,0.09549720585346222,11.4,23.8,64.8,0.4396
317000,-0.752,0.47548577189445496,0.09441091120243073,12.4,24.8,62.8,0.4396,-0.8,2.1134557723999023,0.15949204564094543,10.0,32.0,58.0,0.4396,-0.784,0.5058392286300659,0.07507089525461197,10.8,29.2,60.0,0.4396,-0.812,6.228217124938965,0.21649329364299774,9.4,23.0,67.6,0.4396
317500,-0.724,0.9864952564239502,0.09672684967517853,13.8,27.8,58.4,0.4397,-0.816,0.6082664728164673,0.12413414567708969,9.2,37.4,53.4,0.4397,-0.772,1.672931432723999,0.17509791254997253,11.4,27.0,61.6,0.4397,-0.788,0.5223791599273682,0.1058988869190216,10.6,26.2,63.2,0.4397
318000,-0.768,0.7549903392791748,0.08997800201177597,11.6,25.0,63.4,0.4397,-0.788,0.6649718880653381,0.14081870019435883,10.6,27.2,62.2,0.4397,-0.836,1.6026854515075684,0.09173572063446045,8.2,33.0,58.8,0.4397,-0.836,1.0393613576889038,0.07795722782611847,8.2,20.2,71.6,0.4397
318500,-0.804,0.16852504014968872,0.08507701754570007,9.8,29.6,60.6,0.4398,-0.664,1.4499380588531494,0.09247277677059174,16.8,27.8,55.4,0.4398,-0.824,0.6827144026756287,0.08307799696922302,8.8,34.6,56.6,0.4398,-0.816,0.4098023772239685,0.05642814189195633,9.2,25.4,65.4,0.4398
319000,-0.764,0.7372041940689087,0.09704834967851639,11.8,29.4,58.8,0.4399,-0.772,0.927888035774231,0.13924165070056915,11.4,26.8,61.8,0.4399,-0.776,1.1228927373886108,0.11373969912528992,11.2,34.8,54.0,0.4399,-0.768,0.9461848139762878,0.06467629969120026,11.6,23.0,65.4,0.4399
319500,-0.812,0.9308079481124878,0.10640135407447815,9.4,27.8,62.8,0.4399,-0.748,0.8202843070030212,0.1239713653922081,12.6,28.6,58.8,0.4399,-0.804,0.9679363965988159,0.11225472390651703,9.8,26.0,64.2,0.4399,-0.82,1.4507259130477905,0.06556236743927002,9.0,24.2,66.8,0.4399
320000,-0.796,0.891345739364624,0.131707563996315,10.2,24.6,65.2,0.44,-0.708,0.6850050687789917,0.13889728486537933,14.6,30.0,55.4,0.44,-0.744,2.159895658493042,0.11687897145748138,12.8,29.6,57.6,0.44,-0.772,0.32531869411468506,0.13315877318382263,11.4,23.2,65.4,0.44
320500,-0.668,0.5218605995178223,0.15174220502376556,16.6,25.8,57.6,0.4401,-0.772,2.023808240890503,0.12427864968776703,11.4,30.8,57.8,0.4401,-0.788,0.8839571475982666,0.1354457139968872,10.6,29.0,60.4,0.4401,-0.836,0.6036752462387085,0.16202449798583984,8.2,21.6,70.2,0.4401
321000,-0.772,1.9295965433120728,0.1274881660938263,11.4,25.6,63.0,0.4401,-0.72,0.8126512765884399,0.11040712893009186,14.0,28.8,57.2,0.4401,-0.776,2.0421338081359863,0.0792529284954071,11.2,30.8,58.0,0.4401,-0.78,1.0042415857315063,0.08222831785678864,11.0,25.4,63.6,0.4401
321500,-0.78,0.36338022351264954,0.09064973890781403,11.0,23.0,66.0,0.4402,-0.772,1.5038785934448242,0.11772100627422333,11.4,27.8,60.8,0.4402,-0.76,1.9689456224441528,0.09342329204082489,12.0,29.2,58.8,0.4402,-0.812,0.7738687992095947,0.1026553213596344,9.4,26.6,64.0,0.4402
322000,-0.732,0.9099814891815186,0.06396684050559998,13.4,26.0,60.6,0.4402,-0.768,0.5457935333251953,0.18570783734321594,11.6,29.4,59.0,0.4402,-0.752,1.0449833869934082,0.05065963789820671,12.4,32.6,55.0,0.4402,-0.76,1.0590600967407227,0.0994759351015091,12.0,21.6,66.4,0.4402
322500,-0.788,0.33432576060295105,0.1334686279296875,10.6,26.8,62.6,0.4403,-0.74,1.3487155437469482,0.12457659095525742,13.0,30.4,56.6,0.4403,-0.816,2.490309000015259,0.08753537386655807,9.2,33.0,57.8,0.4403,-0.788,0.8873292207717896,0.07975709438323975,10.6,24.6,64.8,0.4403
323000,-0.716,0.9793141484260559,0.10193534195423126,14.2,26.2,59.6,0.4404,-0.796,0.6910020112991333,0.1271478235721588,10.2,30.6,59.2,0.4404,-0.796,0.9772012233734131,0.0939716175198555,10.2,32.6,57.2,0.4404,-0.82,0.29372507333755493,0.06427457928657532,9.0,24.2,66.8,0.4404
323500,-0.756,1.299443006515503,0.09415682405233383,12.2,25.0,62.8,0.4404,-0.804,0.506949782371521,0.13228851556777954,9.8,33.8,56.4,0.4404,-0.732,1.0050935745239258,0.0710497573018074,13.4,29.8,56.8,0.4404,-0.804,1.0014407634735107,0.08684252202510834,9.8,24.2,66.0,0.4404
324000,-0.72,0.6573405265808105,0.12414601445198059,14.0,24.0,62.0,0.4405,-0.796,1.1598848104476929,0.10978543758392334,10.2,27.8,62.0,0.4405,-0.796,0.5143139958381653,0.09543106704950333,10.2,29.6,60.2,0.4405,-0.816,2.4308016300201416,0.0743861198425293,9.2,20.8,70.0,0.4405
324500,-0.728,0.41757678985595703,0.09804967045783997,13.6,23.4,63.0,0.4406,-0.764,0.6777116656303406,0.20010896027088165,11.8,27.4,60.8,0.4406,-0.776,1.8721535205841064,0.082785964012146,11.2,31.4,57.4,0.4406,-0.76,2.7606682777404785,0.11630277335643768,12.0,23.4,64.6,0.4406
325000,-0.76,0.5477068424224854,0.08621687442064285,12.0,26.4,61.6,0.4406,-0.748,1.2371807098388672,0.11555531620979309,12.6,28.0,59.4,0.4406,-0.784,1.5907056331634521,0.15328451991081238,10.8,30.6,58.6,0.4406,-0.78,0.5503526926040649,0.07066138088703156,11.0,21.8,67.2,0.4406
325500,-0.76,1.0197417736053467,0.1505553126335144,12.0,25.0,63.0,0.4407,-0.768,0.8589123487472534,0.11759882420301437,11.6,28.2,60.2,0.4407,-0.776,0.7731944918632507,0.1025390625,11.2,33.6,55.2,0.4407,-0.82,0.5348711013793945,0.10117688775062561,9.0,22.8,68.2,0.4407
326000,-0.748,0.302596777677536,0.07420873641967773,12.6,22.8,64.6,0.4407,-0.788,0.8840775489807129,0.11700174957513809,10.6,27.6,61.8,0.4407,-0.816,1.2973487377166748,0.09002141654491425,9.2,30.8,60.0,0.4407,-0.796,1.264549970626831,0.09900592267513275,10.2,20.8,69.0,0.4407
326500,-0.796,0.7461397647857666,0.08514663577079773,10.2,26.4,63.4,0.4408,-0.772,1.1270902156829834,0.15883997082710266,11.4,26.8,61.8,0.4408,-0.812,0.7966814637184143,0.1312146633863449,9.4,36.8,53.8,0.4408,-0.744,2.213773250579834,0.058529533445835114,12.8,19.4,67.8,0.4408
327000,-0.784,0.7183007001876831,0.13254231214523315,10.8,25.0,64.2,0.4409,-0.716,2.961463451385498,0.08321428298950195,14.2,31.0,54.8,0.4409,-0.744,0.5121903419494629,0.07225173711776733,12.8,32.8,54.4,0.4409,-0.8,1.1484936475753784,0.08646690845489502,10.0,20.4,69.6,0.4409
327500,-0.72,0.969336986541748,0.120051309466362,14.0,26.2,59.8,0.4409,-0.752,1.9018006324768066,0.1577027440071106,12.4,25.2,62.4,0.4409,-0.824,0.9931154847145081,0.1302710771560669,8.8,29.8,61.4,0.4409,-0.78,1.1397415399551392,0.11333611607551575,11.0,24.4,64.6,0.4409
328000,-0.756,2.3571863174438477,0.09831317514181137,12.2,27.8,60.0,0.441,-0.756,0.9696284532546997,0.11441929638385773,12.2,28.6,59.2,0.441,-0.788,0.9115205407142639,0.07986471056938171,10.6,31.0,58.4,0.441,-0.8,0.8627608418464661,0.07978801429271698,10.0,24.4,65.6,0.441
328500,-0.772,0.43830156326293945,0.10362286865711212,11.4,28.4,60.2,0.4411,-0.7,0.542118489742279,0.11683586984872818,15.0,28.2,56.8,0.4411,-0.772,0.5092778205871582,0.11610520631074905,11.4,36.6,52.0,0.4411,-0.748,1.7837320566177368,0.09082933515310287,12.6,24.2,63.2,0.4411
329000,-0.756,0.5799790620803833,0.1272626668214798,12.2,27.6,60.2,0.4411,-0.736,0.7831077575683594,0.10755933821201324,13.2,29.2,57.6,0.4411,-0.784,0.29080212116241455,0.11682908236980438,10.8,34.8,54.4,0.4411,-0.776,1.1323946714401245,0.07701894640922546,11.2,23.8,65.0,0.4411
329500,-0.772,0.5220664739608765,0.10937833786010742,11.4,25.4,63.2,0.4412,-0.84,1.5505284070968628,0.13578379154205322,8.0,29.2,62.8,0.4412,-0.828,1.1182466745376587,0.1394520103931427,8.6,30.8,60.6,0.4412,-0.752,2.034886121749878,0.08997292816638947,12.4,18.6,69.0,0.4412
330000,-0.76,0.43538644909858704,0.12281552702188492,12.0,26.6,61.4,0.4412,-0.7,1.4952260255813599,0.10644261538982391,15.0,26.8,58.2,0.4412,-0.792,0.7732295989990234,0.0946633517742157,10.4,32.0,57.6,0.4412,-0.78,0.6277833580970764,0.07991376519203186,11.0,22.8,66.2,0.4412
330500,-0.772,0.6367101669311523,0.12480603903532028,11.4,28.0,60.6,0.4413,-0.772,0.5112704038619995,0.13471372425556183,11.4,28.0,60.6,0.4413,-0.748,2.792928695678711,0.10359214246273041,12.6,32.0,55.4,0.4413,-0.772,1.1452760696411133,0.07601186633110046,11.4,19.8,68.8,0.4413
331000,-0.732,0.7818593382835388,0.05966591835021973,13.4,26.8,59.8,0.4414,-0.728,0.43400341272354126,0.11448637396097183,13.6,27.6,58.8,0.4414,-0.812,0.7872817516326904,0.12710100412368774,9.4,39.0,51.6,0.4414,-0.748,1.1287888288497925,0.09724470973014832,12.6,20.0,67.4,0.4414
331500,-0.788,0.6069769263267517,0.12439900636672974,10.6,28.2,61.2,0.4414,-0.756,0.936083197593689,0.13769778609275818,12.2,27.2,60.6,0.4414,-0.836,2.1081833839416504,0.17104502022266388,8.2,38.0,53.8,0.4414,-0.796,1.2488679885864258,0.15501806139945984,10.2,20.0,69.8,0.4414
332000,-0.72,0.27049142122268677,0.11831024289131165,14.0,24.8,61.2,0.4415,-0.776,0.6263366341590881,0.2158827781677246,11.2,28.8,60.0,0.4415,-0.86,1.0365746021270752,0.13359196484088898,7.0,39.0,54.0,0.4415,-0.724,0.7439472079277039,0.056259315460920334,13.8,22.8,63.4,0.4415
332500,-0.752,1.2952240705490112,0.12809628248214722,12.4,30.6,57.0,0.4416,-0.756,1.6555095911026,0.05992188677191734,12.2,27.2,60.6,0.4416,-0.784,1.2693901062011719,0.11313177645206451,10.8,36.2,53.0,0.4416,-0.784,0.8817106485366821,0.17925147712230682,10.8,18.2,71.0,0.4416
333000,-0.776,0.42421117424964905,0.09503120929002762,11.2,28.0,60.8,0.4416,-0.716,0.9059510827064514,0.1261461228132248,14.2,26.0,59.8,0.4416,-0.816,1.0417759418487549,0.1398981213569641,9.2,42.0,48.8,0.4416,-0.82,0.5775682926177979,0.07776863127946854,9.0,24.4,66.6,0.4416
333500,-0.772,0.5282500386238098,0.11522167921066284,11.4,28.2,60.4,0.4417,-0.784,1.3832380771636963,0.09682166576385498,10.8,25.0,64.2,0.4417,-0.828,0.5276548266410828,0.12238530814647675,8.6,39.4,52.0,0.4417,-0.848,1.6748628616333008,0.10538866370916367,7.6,21.8,70.6,0.4417
334000,-0.748,0.3658093214035034,0.11671850085258484,12.6,26.4,61.0,0.4417,-0.78,0.463963121175766,0.10299167037010193,11.0,29.4,59.6,0.4417,-0.804,0.38766658306121826,0.21146322786808014,9.8,39.4,50.8,0.4417,-0.816,0.21447768807411194,0.07872572541236877,9.2,25.4,65.4,0.4417
334500,-0.736,1.653038501739502,0.16408070921897888,13.2,29.0,57.8,0.4418,-0.86,0.4252358675003052,0.15916970372200012,7.0,25.4,67.6,0.4418,-0.764,0.39499208331108093,0.04897347092628479,11.8,36.4,51.8,0.4418,-0.808,1.8311161994934082,0.08395802974700928,9.6,20.4,70.0,0.4418
335000,-0.7,0.8862279653549194,0.08982430398464203,15.0,28.8,56.2,0.4419,-0.772,0.7736603021621704,0.13193270564079285,11.4,25.4,63.2,0.4419,-0.816,0.529550313949585,0.14967739582061768,9.2,40.4,50.4,0.4419,-0.816,0.5605765581130981,0.1431025117635727,9.2,22.8,68.0,0.4419
335500,-0.736,0.3279145061969757,0.13951189815998077,13.2,30.0,56.8,0.4419,-0.756,1.270409107208252,0.1409866362810135,12.2,27.0,60.8,0.4419,-0.856,1.8322701454162598,0.09076841920614243,7.2,45.6,47.2,0.4419,-0.816,0.9082290530204773,0.08614970743656158,9.2,23.6,67.2,0.4419
336000,-0.696,0.3033011257648468,0.1685318499803543,15.2,28.2,56.6,0.442,-0.744,0.7143547534942627,0.13908113539218903,12.8,27.8,59.4,0.442,-0.872,0.9001015424728394,0.17918835580348969,6.4,41.0,52.6,0.442,-0.764,1.2900844812393188,0.07144953310489655,11.8,23.8,64.4,0.442
336500,-0.66,0.5024042129516602,0.12165789306163788,17.0,31.4,51.6,0.4421,-0.784,1.0299170017242432,0.11124765127897263,10.8,26.2,63.0,0.4421,-0.812,1.9475935697555542,0.07653449475765228,9.4,43.4,47.2,0.4421,-0.796,0.34947913885116577,0.05778726935386658,10.2,27.2,62.6,0.4421
337000,-0.672,0.33965301513671875,0.15703627467155457,16.4,27.4,56.2,0.4421,-0.784,0.954098641872406,0.13862942159175873,10.8,26.2,63.0,0.4421,-0.844,0.5327768325805664,0.11181458085775375,7.8,45.8,46.4,0.4421,-0.816,0.7084853649139404,0.08434613049030304,9.2,22.0,68.8,0.4421
337500,-0.748,0.2657662034034729,0.11257810890674591,12.6,31.6,55.8,0.4422,-0.736,0.9696286916732788,0.09352093935012817,13.2,27.2,59.6,0.4422,-0.852,1.8267582654953003,0.20111870765686035,7.4,46.2,46.4,0.4422,-0.784,1.116114854812622,0.06130647659301758,10.8,26.0,63.2,0.4422
338000,-0.736,0.2611677944660187,0.05265204235911369,13.2,29.8,57.0,0.4422,-0.728,0.7935532331466675,0.08247198164463043,13.6,29.2,57.2,0.4422,-0.86,1.975520133972168,0.11411074548959732,7.0,43.8,49.2,0.4422,-0.76,1.128868579864502,0.09927274286746979,12.0,26.0,62.0,0.4422
338500,-0.748,1.0194764137268066,0.10872329771518707,12.6,33.0,54.4,0.4423,-0.712,0.8534879088401794,0.1642681062221527,14.4,24.8,60.8,0.4423,-0.808,0.575331449508667,0.12414372712373734,9.6,42.0,48.4,0.4423,-0.76,0.8927274346351624,0.08541643619537354,12.0,27.0,61.0,0.4423
339000,-0.728,0.29814597964286804,0.08583396673202515,13.6,27.8,58.6,0.4424,-0.76,0.6422284245491028,0.1478353887796402,12.0,26.4,61.6,0.4424,-0.844,1.7221198081970215,0.11489679664373398,7.8,42.4,49.8,0.4424,-0.788,0.760208249092102,0.12928807735443115,10.6,20.6,68.8,0.4424
339500,-0.704,0.5539891123771667,0.08597579598426819,14.8,28.4,56.8,0.4424,-0.768,0.4876258373260498,0.10085894912481308,11.6,27.0,61.4,0.4424,-0.86,1.1024348735809326,0.12254002690315247,7.0,45.2,47.8,0.4424,-0.776,1.070220708847046,0.07026869058609009,11.2,23.8,65.0,0.4424
340000,-0.796,0.4838070571422577,0.09155991673469543,10.2,33.2,56.6,0.4425,-0.76,0.7702187895774841,0.1551305502653122,12.0,29.2,58.8,0.4425,-0.804,2.489314317703247,0.16030803322792053,9.8,44.6,45.6,0.4425,-0.792,1.269824504852295,0.11806866526603699,10.4,19.8,69.8,0.4425
340500,-0.712,0.5208277106285095,0.13635918498039246,14.4,30.6,55.0,0.4426,-0.704,0.725818395614624,0.12480449676513672,14.8,22.2,63.0,0.4426,-0.876,1.2892719507217407,0.08117584139108658,6.2,42.8,51.0,0.4426,-0.812,1.0618870258331299,0.10038487613201141,9.4,24.4,66.2,0.4426
341000,-0.784,0.9307255148887634,0.09569264948368073,10.8,33.6,55.6,0.4426,-0.764,1.1166439056396484,0.11442464590072632,11.8,30.4,57.8,0.4426,-0.832,0.9391025304794312,0.08875684440135956,8.4,48.6,43.0,0.4426,-0.764,4.493371963500977,0.06334252655506134,11.8,25.8,62.4,0.4426
341500,-0.72,1.8162801265716553,0.09096451103687286,14.0,30.8,55.2,0.4427,-0.752,0.45620429515838623,0.11854618042707443,12.4,24.4,63.2,0.4427,-0.836,0.9176438450813293,0.060323409736156464,8.2,46.8,45.0,0.4427,-0.792,0.4692765176296234,0.11301448196172714,10.4,27.4,62.2,0.4427
342000,-0.7,0.31347399950027466,0.15563061833381653,15.0,28.4,56.6,0.4427,-0.74,1.1208484172821045,0.09333349764347076,13.0,24.2,62.8,0.4427,-0.884,0.5577583909034729,0.11503516137599945,5.8,44.6,49.6,0.4427,-0.808,0.9721304774284363,0.09140894562005997,9.6,21.4,69.0,0.4427
342500,-0.716,0.5616350173950195,0.12000790238380432,14.2,23.2,62.6,0.4428,-0.728,0.9387218952178955,0.10728029906749725,13.6,26.4,60.0,0.4428,-0.828,0.9664911031723022,0.20166359841823578,8.6,48.4,43.0,0.4428,-0.852,1.6869065761566162,0.07110587507486343,7.4,23.4,69.2,0.4428
343000,-0.756,0.4520925283432007,0.10662968456745148,12.2,27.0,60.8,0.4429,-0.748,0.9565391540527344,0.07877571880817413,12.6,26.6,60.8,0.4429,-0.86,0.7447813749313354,0.1492817997932434,7.0,42.8,50.2,0.4429,-0.84,0.29947465658187866,0.09286769479513168,8.0,30.4,61.6,0.4429
343500,-0.716,0.7476770877838135,0.1340339481830597,14.2,29.8,56.0,0.4429,-0.76,2.847332715988159,0.16071948409080505,12.0,26.2,61.8,0.4429,-0.832,1.0828688144683838,0.07446497678756714,8.4,49.4,42.2,0.4429,-0.808,1.8762661218643188,0.14161112904548645,9.6,25.6,64.8,0.4429
344000,-0.796,0.778134822845459,0.08252530544996262,10.2,34.6,55.2,0.443,-0.788,0.6745767593383789,0.09262439608573914,10.6,27.8,61.6,0.443,-0.852,1.0942084789276123,0.09592486917972565,7.4,48.0,44.6,0.443,-0.824,1.8774261474609375,0.09050524234771729,8.8,20.0,71.2,0.443
344500,-0.72,0.3764846622943878,0.14087356626987457,14.0,29.8,56.2,0.4431,-0.732,1.2070558071136475,0.16358542442321777,13.4,27.2,59.4,0.4431,-0.828,0.7415463924407959,0.12616485357284546,8.6,45.6,45.8,0.4431,-0.756,1.5684491395950317,0.061986371874809265,12.2,22.0,65.8,0.4431
345000,-0.78,1.6186176538467407,0.08504578471183777,11.0,28.6,60.4,0.4431,-0.74,1.4543967247009277,0.08623450994491577,13.0,27.0,60.0,0.4431,-0.808,0.8679386973381042,0.12847112119197845,9.6,45.4,45.0,0.4431,-0.784,5.613929748535156,0.055791743099689484,10.8,25.8,63.4,0.4431
345500,-0.724,1.6882834434509277,0.0626259371638298,13.8,29.6,56.6,0.4432,-0.704,0.9043521881103516,0.09192308783531189,14.8,24.4,60.8,0.4432,-0.836,0.8639101982116699,0.1522499918937683,8.2,46.8,45.0,0.4432,-0.804,0.6617125272750854,0.09833390265703201,9.8,22.2,68.0,0.4432
346000,-0.78,1.3462733030319214,0.17621998488903046,11.0,33.8,55.2,0.4432,-0.796,2.1839065551757812,0.10433919727802277,10.2,29.0,60.8,0.4432,-0.86,1.9421477317810059,0.10094402730464935,7.0,46.8,46.2,0.4432,-0.772,1.2780227661132812,0.07889046519994736,11.4,22.2,66.4,0.4432
346500,-0.796,0.5002150535583496,0.12781548500061035,10.2,36.2,53.6,0.4433,-0.788,3.207890510559082,0.14131835103034973,10.6,28.4,61.0,0.4433,-0.832,0.647265613079071,0.11417634785175323,8.4,50.0,41.6,0.4433,-0.804,0.5258438587188721,0.06544792652130127,9.8,24.4,65.8,0.4433
347000,-0.78,0.5441298484802246,0.15165241062641144,11.0,34.6,54.4,0.4434,-0.804,1.4738469123840332,0.14143970608711243,9.8,35.6,54.6,0.4434,-0.812,0.8981586694717407,0.1141832247376442,9.4,46.6,44.0,0.4434,-0.78,0.5712583065032959,0.08627751469612122,11.0,22.0,67.0,0.4434
347500,-0.72,1.0788209438323975,0.13221722841262817,14.0,32.6,53.4,0.4434,-0.784,2.497798442840576,0.14985176920890808,10.8,34.4,54.8,0.4434,-0.816,0.4296395480632782,0.11749226599931717,9.2,46.0,44.8,0.4434,-0.752,1.2185633182525635,0.04966934770345688,12.4,24.0,63.6,0.4434
348000,-0.808,0.8168684840202332,0.10180618613958359,9.6,33.4,57.0,0.4435,-0.788,3.511068344116211,0.12654000520706177,10.6,35.8,53.6,0.4435,-0.804,1.5825316905975342,0.08827643096446991,9.8,46.4,43.8,0.4435,-0.788,0.8274251222610474,0.0777304470539093,10.6,22.8,66.6,0.4435
348500,-0.728,0.5721361041069031,0.08029066026210785,13.6,33.4,53.0,0.4436,-0.764,1.1135870218276978,0.11577971279621124,11.8,35.6,52.6,0.4436,-0.84,0.5595067739486694,0.15256303548812866,8.0,43.4,48.6,0.4436,-0.82,0.6653617024421692,0.09789691865444183,9.0,25.0,66.0,0.4436
349000,-0.764,0.7127257585525513,0.10970471799373627,11.8,32.8,55.4,0.4436,-0.748,1.8339687585830688,0.07184137403964996,12.6,35.2,52.2,0.4436,-0.852,0.6352646946907043,0.12941215932369232,7.4,45.2,47.4,0.4436,-0.772,1.3147963285446167,0.1171342134475708,11.4,24.6,64.0,0.4436
349500,-0.72,0.20618535578250885,0.1092730313539505,14.0,29.4,56.6,0.4437,-0.752,0.5683307647705078,0.1139369010925293,12.4,35.2,52.4,0.4437,-0.852,0.993948221206665,0.13381719589233398,7.4,44.8,47.8,0.4437,-0.812,0.5640453100204468,0.09533271193504333,9.4,23.2,67.4,0.4437
350000,-0.8,0.9634551405906677,0.09515795856714249,10.0,34.8,55.2,0.4437,-0.744,0.8652414679527283,0.09312410652637482,12.8,36.2,51.0,0.4437,-0.896,1.7153048515319824,0.1896350234746933,5.2,50.0,44.8,0.4437,-0.796,0.6692708730697632,0.07139754295349121,10.2,26.2,63.6,0.4437
350500,-0.808,0.9868402481079102,0.1776008903980255,9.6,31.4,59.0,0.4438,-0.768,1.0173488855361938,0.06488801538944244,11.6,33.2,55.2,0.4438,-0.86,0.9717971086502075,0.11456158012151718,7.0,47.4,45.6,0.4438,-0.788,0.34353405237197876,0.11196251213550568,10.6,22.2,67.2,0.4438
351000,-0.74,1.2158936262130737,0.07960984110832214,13.0,29.6,57.4,0.4439,-0.772,2.510885000228882,0.1415509283542633,11.4,30.0,58.6,0.4439,-0.804,1.7930952310562134,0.17174062132835388,9.8,42.8,47.4,0.4439,-0.82,0.9694724678993225,0.1153341606259346,9.0,23.0,68.0,0.4439
351500,-0.776,2.213792324066162,0.10211877524852753,11.2,29.8,59.0,0.4439,-0.764,2.502380132675171,0.18264970183372498,11.8,30.2,58.0,0.4439,-0.856,0.6052373051643372,0.07211115211248398,7.2,45.8,47.0,0.4439,-0.808,1.4415360689163208,0.053801096975803375,9.6,24.6,65.8,0.4439
352000,-0.712,1.0950545072555542,0.17208176851272583,14.4,27.8,57.8,0.444,-0.768,0.9227959513664246,0.16552390158176422,11.6,37.4,51.0,0.444,-0.848,0.8798613548278809,0.10171094536781311,7.6,46.4,46.0,0.444,-0.8,3.199878692626953,0.13065655529499054,10.0,21.6,68.4,0.444
352500,-0.728,0.47194063663482666,0.0850759744644165,13.6,30.0,56.4,0.4441,-0.772,1.7312989234924316,0.1407514214515686,11.4,35.0,53.6,0.4441,-0.86,1.3459633588790894,0.12365084886550903,7.0,35.4,57.6,0.4441,-0.816,0.5573148727416992,0.12193852663040161,9.2,30.4,60.4,0.4441
353000,-0.76,1.379340410232544,0.13189786672592163,12.0,26.0,62.0,0.4441,-0.776,0.39756080508232117,0.09261688590049744,11.2,34.6,54.2,0.4441,-0.828,0.4125519394874573,0.09082723408937454,8.6,42.2,49.2,0.4441,-0.796,2.8302245140075684,0.14132483303546906,10.2,28.2,61.6,0.4441
353500,-0.796,1.1747418642044067,0.08422929048538208,10.2,34.2,55.6,0.4442,-0.712,0.7936922907829285,0.0916714072227478,14.4,32.2,53.4,0.4442,-0.884,0.9969967603683472,0.11787579208612442,5.8,47.2,47.0,0.4442,-0.832,0.9597158432006836,0.10809234529733658,8.4,27.0,64.6,0.4442
354000,-0.792,0.5328094959259033,0.07479510456323624,10.4,31.6,58.0,0.4442,-0.764,1.5624605417251587,0.17803356051445007,11.8,34.8,53.4,0.4442,-0.876,0.8116225004196167,0.09649732708930969,6.2,48.0,45.8,0.4442,-0.768,0.6618368625640869,0.09366555511951447,11.6,27.4,61.0,0.4442
354500,-0.748,1.7188689708709717,0.04099714010953903,12.6,27.4,60.0,0.4443,-0.804,1.805389404296875,0.17433391511440277,9.8,29.4,60.8,0.4443,-0.836,2.191000461578369,0.1710825264453888,8.2,42.2,49.6,0.4443,-0.736,2.339444637298584,0.09899702668190002,13.2,22.8,64.0,0.4443
355000,-0.784,0.3213061988353729,0.07522325217723846,10.8,25.4,63.8,0.4444,-0.776,1.1792309284210205,0.10908802598714828,11.2,34.2,54.6,0.4444,-0.808,0.8480865955352783,0.11673876643180847,9.6,42.4,48.0,0.4444,-0.792,1.0385464429855347,0.09080897271633148,10.4,21.2,68.4,0.4444
355500,-0.796,0.3585720658302307,0.06567715853452682,10.2,28.0,61.8,0.4444,-0.744,1.4986579418182373,0.10436664521694183,12.8,38.4,48.8,0.4444,-0.872,0.6759127378463745,0.1636682003736496,6.4,43.6,50.0,0.4444,-0.78,1.120652675628662,0.1296151876449585,11.0,28.2,60.8,0.4444
356000,-0.816,0.866405725479126,0.09597122669219971,9.2,26.4,64.4,0.4445,-0.724,1.0839805603027344,0.13345080614089966,13.8,32.6,53.6,0.4445,-0.812,1.0251271724700928,0.12503601610660553,9.4,42.0,48.6,0.4445,-0.752,0.7512916922569275,0.06990759819746017,12.4,24.2,63.4,0.4445
356500,-0.74,0.971092939376831,0.1697421669960022,13.0,27.2,59.8,0.4446,-0.76,0.9243067502975464,0.19827255606651306,12.0,34.4,53.6,0.4446,-0.868,0.5358104705810547,0.11900708824396133,6.6,38.8,54.6,0.4446,-0.724,0.9765399694442749,0.0544227696955204,13.8,20.6,65.6,0.4446
357000,-0.844,0.5827833414077759,0.10968632996082306,7.8,31.4,60.8,0.4446,-0.76,1.1710549592971802,0.10624223947525024,12.0,33.2,54.8,0.4446,-0.86,2.348078727722168,0.0961749404668808,7.0,32.4,60.6,0.4446,-0.712,2.6365246772766113,0.09206607192754745,14.4,22.6,63.0,0.4446
357500,-0.7,0.6335701942443848,0.12393762171268463,15.0,25.8,59.2,0.4447,-0.72,0.6382067799568176,0.09781743586063385,14.0,31.8,54.2,0.4447,-0.832,1.6013593673706055,0.18594446778297424,8.4,36.2,55.4,0.4447,-0.748,1.3953931331634521,0.11853817105293274,12.6,22.2,65.2,0.4447
358000,-0.736,0.9194502830505371,0.14160317182540894,13.2,27.2,59.6,0.4447,-0.768,0.7641646265983582,0.101615771651268,11.6,34.0,54.4,0.4447,-0.804,0.22595883905887604,0.13587309420108795,9.8,35.4,54.8,0.4447,-0.776,0.9790920615196228,0.0850420594215393,11.2,20.0,68.8,0.4447
358500,-0.752,0.6223587393760681,0.08663452416658401,12.4,29.8,57.8,0.4448,-0.776,1.6938753128051758,0.06893235445022583,11.2,33.0,55.8,0.4448,-0.84,1.4937429428100586,0.13204975426197052,8.0,35.2,56.8,0.4448,-0.78,0.5777097940444946,0.0941518247127533,11.0,19.8,69.2,0.4448
359000,-0.752,1.0410590171813965,0.10034316778182983,12.4,26.0,61.6,0.4449,-0.76,1.0369858741760254,0.1600291132926941,12.0,35.8,52.2,0.4449,-0.836,0.8610317707061768,0.0892300233244896,8.2,36.6,55.2,0.4449,-0.8,1.2666651010513306,0.09588547050952911,10.0,25.0,65.0,0.4449
359500,-0.74,0.7199515104293823,0.08046529442071915,13.0,26.0,61.0,0.4449,-0.776,1.1472442150115967,0.0916907787322998,11.2,28.0,60.8,0.4449,-0.848,0.5349063873291016,0.16135461628437042,7.6,38.4,54.0,0.4449,-0.808,1.1904929876327515,0.12736129760742188,9.6,20.2,70.2,0.4449
360000,-0.812,0.7711424827575684,0.11636611819267273,9.4,28.2,62.4,0.445,-0.772,1.6699877977371216,0.12179119884967804,11.4,28.2,60.4,0.445,-0.804,1.2047169208526611,0.11440960317850113,9.8,33.0,57.2,0.445,-0.776,2.7571568489074707,0.0895347148180008,11.2,20.4,68.4,0.445
360500,-0.74,0.9203639626502991,0.1193871721625328,13.0,30.0,57.0,0.4451,-0.672,1.6266154050827026,0.19473877549171448,16.4,27.4,56.2,0.4451,-0.828,1.9878153800964355,0.10093121230602264,8.6,42.6,48.8,0.4451,-0.82,1.0954805612564087,0.089994415640831,9.0,23.6,67.4,0.4451
361000,-0.788,0.42841339111328125,0.07401520013809204,10.6,31.0,58.4,0.4451,-0.784,1.4093232154846191,0.1355903148651123,10.8,31.0,58.2,0.4451,-0.812,4.113948822021484,0.09791067987680435,9.4,39.6,51.0,0.4451,-0.804,1.087325096130371,0.09678512811660767,9.8,26.8,63.4,0.4451
361500,-0.816,1.2464916706085205,0.07442773878574371,9.2,28.0,62.8,0.4452,-0.756,2.8363733291625977,0.09438210725784302,12.2,26.2,61.6,0.4452,-0.808,0.9269158840179443,0.09088339656591415,9.6,43.0,47.4,0.4452,-0.808,1.3772447109222412,0.07886022329330444,9.6,27.8,62.6,0.4452
362000,-0.752,1.137441635131836,0.15881527960300446,12.4,25.8,61.8,0.4452,-0.776,1.5216271877288818,0.11999159306287766,11.2,29.6,59.2,0.4452,-0.764,0.6479576230049133,0.17065420746803284,11.8,37.2,51.0,0.4452,-0.78,1.5793207883834839,0.04908854886889458,11.0,22.0,67.0,0.4452
362500,-0.8,0.4768116772174835,0.12138530611991882,10.0,30.6,59.4,0.4453,-0.748,0.8517665266990662,0.1096729189157486,12.6,23.8,63.6,0.4453,-0.844,0.6821292638778687,0.12796345353126526,7.8,34.4,57.8,0.4453,-0.752,0.9486291408538818,0.0997823029756546,12.4,21.0,66.6,0.4453
363000,-0.74,0.7847868204116821,0.10757748037576675,13.0,28.2,58.8,0.4454,-0.812,3.7443902492523193,0.20871838927268982,9.4,26.8,63.8,0.4454,-0.848,0.8877488374710083,0.04945041611790657,7.6,35.8,56.6,0.4454,-0.764,2.83805251121521,0.10388515144586563,11.8,22.0,66.2,0.4454
363500,-0.716,0.8346500396728516,0.10680151730775833,14.2,27.2,58.6,0.4454,-0.74,2.348398447036743,0.1510748714208603,13.0,27.4,59.6,0.4454,-0.824,0.41129499673843384,0.12000146508216858,8.8,31.0,60.2,0.4454,-0.824,0.5703446865081787,0.17897024750709534,8.8,21.0,70.2,0.4454
364000,-0.708,1.8341606855392456,0.07271696627140045,14.6,26.6,58.8,0.4455,-0.788,3.100280284881592,0.10909049957990646,10.6,27.6,61.8,0.4455,-0.828,0.5300232768058777,0.10704612731933594,8.6,37.4,54.0,0.4455,-0.78,0.7338025569915771,0.07221221178770065,11.0,19.0,70.0,0.4455
364500,-0.748,1.2286646366119385,0.07557228207588196,12.6,25.6,61.8,0.4456,-0.804,0.8143866062164307,0.14580285549163818,9.8,31.8,58.4,0.4456,-0.768,1.21343994140625,0.06896869838237762,11.6,31.6,56.8,0.4456,-0.796,1.0294933319091797,0.09784132242202759,10.2,23.2,66.6,0.4456
365000,-0.732,0.6674824953079224,0.09541679173707962,13.4,28.4,58.2,0.4456,-0.776,2.4404079914093018,0.1384815275669098,11.2,36.0,52.8,0.4456,-0.8,0.9080490469932556,0.09493550658226013,10.0,37.2,52.8,0.4456,-0.84,1.3450908660888672,0.06739836931228638,8.0,26.8,65.2,0.4456
365500,-0.776,2.673611879348755,0.07279722392559052,11.2,30.0,58.8,0.4457,-0.704,0.9839168190956116,0.15056730806827545,14.8,27.2,58.0,0.4457,-0.804,1.6649324893951416,0.07176639139652252,9.8,37.6,52.6,0.4457,-0.772,0.5626121759414673,0.10356167703866959,11.4,16.8,71.8,0.4457
366000,-0.816,0.4055125117301941,0.09663081169128418,9.2,24.4,66.4,0.4457,-0.812,1.500419020652771,0.09052713215351105,9.4,30.4,60.2,0.4457,-0.816,1.651110291481018,0.06640081107616425,9.2,38.8,52.0,0.4457,-0.792,0.7055299282073975,0.07949097454547882,10.4,24.6,65.0,0.4457
366500,-0.748,1.5114668607711792,0.11864212155342102,12.6,32.0,55.4,0.4458,-0.716,0.5551961660385132,0.20946148037910461,14.2,27.4,58.4,0.4458,-0.792,2.023346424102783,0.0862712413072586,10.4,36.2,53.4,0.4458,-0.804,0.9933416843414307,0.1232636570930481,9.8,25.2,65.0,0.4458
367000,-0.756,0.9592801332473755,0.09075700491666794,12.2,29.0,58.8,0.4459,-0.768,0.38526666164398193,0.05616312474012375,11.6,32.4,56.0,0.4459,-0.832,0.9918943643569946,0.10338623821735382,8.4,35.2,56.4,0.4459,-0.808,0.5578645467758179,0.10124890506267548,9.6,22.0,68.4,0.4459
367500,-0.752,2.326753854751587,0.11317061632871628,12.4,27.4,60.2,0.4459,-0.756,3.2594358921051025,0.09071718901395798,12.2,30.6,57.2,0.4459,-0.8,1.145304560661316,0.13986125588417053,10.0,30.0,60.0,0.4459,-0.796,2.9852452278137207,0.14292076230049133,10.2,22.4,67.4,0.4459
368000,-0.76,1.160649061203003,0.1106300801038742,12.0,24.6,63.4,0.446,-0.732,1.1429815292358398,0.10646031051874161,13.4,25.6,61.0,0.446,-0.788,1.6092824935913086,0.12802910804748535,10.6,33.4,56.0,0.446,-0.8,1.041166067123413,0.07945610582828522,10.0,22.8,67.2,0.446
368500,-0.712,1.00343918800354,0.06960367411375046,14.4,24.0,61.6,0.4461,-0.768,1.4510352611541748,0.06848756968975067,11.6,27.0,61.4,0.4461,-0.852,1.8710299730300903,0.1298539936542511,7.4,40.2,52.4,0.4461,-0.792,2.3446264266967773,0.10316452383995056,10.4,24.6,65.0,0.4461
369000,-0.768,0.6812983751296997,0.11549466848373413,11.6,27.2,61.2,0.4461,-0.768,2.146024227142334,0.06643368303775787,11.6,28.0,60.4,0.4461,-0.776,1.8284461498260498,0.13915379345417023,11.2,34.4,54.4,0.4461,-0.844,0.9124714136123657,0.11161414533853531,7.8,20.4,71.8,0.4461
369500,-0.796,0.7801514863967896,0.06814789026975632,10.2,25.8,64.0,0.4462,-0.772,0.226002037525177,0.16239622235298157,11.4,32.8,55.8,0.4462,-0.828,1.9849916696548462,0.06501662731170654,8.6,34.8,56.6,0.4462,-0.772,1.5755555629730225,0.09898620843887329,11.4,18.6,70.0,0.4462
370000,-0.76,1.4506964683532715,0.18485310673713684,12.0,28.2,59.8,0.4462,-0.772,0.4644894003868103,0.11123494803905487,11.4,28.0,60.6,0.4462,-0.812,0.4422641098499298,0.11826524883508682,9.4,37.6,53.0,0.4462,-0.764,1.4261257648468018,0.07917165011167526,11.8,20.2,68.0,0.4462
370500,-0.784,0.8305409550666809,0.09228131920099258,10.8,25.0,64.2,0.4463,-0.784,1.2424219846725464,0.10328706353902817,10.8,26.8,62.4,0.4463,-0.808,0.5398910045623779,0.09311656653881073,9.6,31.6,58.8,0.4463,-0.828,0.8417001962661743,0.1369931697845459,8.6,22.6,68.8,0.4463
371000,-0.772,0.8547343611717224,0.08983053267002106,11.4,25.8,62.8,0.4464,-0.772,1.0306979417800903,0.12240537256002426,11.4,26.2,62.4,0.4464,-0.836,0.7883961796760559,0.07672157883644104,8.2,28.8,63.0,0.4464,-0.76,0.7563273906707764,0.0610627681016922,12.0,23.4,64.6,0.4464
371500,-0.788,0.7229982614517212,0.08172035962343216,10.6,29.2,60.2,0.4464,-0.752,3.7328126430511475,0.12327851355075836,12.4,29.4,58.2,0.4464,-0.808,1.4047017097473145,0.1145898848772049,9.6,30.4,60.0,0.4464,-0.788,1.619421362876892,0.0562591627240181,10.6,23.2,66.2,0.4464
372000,-0.712,0.7326586842536926,0.09115332365036011,14.4,29.4,56.2,0.4465,-0.82,2.0033459663391113,0.11245989799499512,9.0,25.2,65.8,0.4465,-0.8,2.059490203857422,0.14526930451393127,10.0,38.2,51.8,0.4465,-0.784,0.5265099406242371,0.08237361907958984,10.8,26.6,62.6,0.4465
372500,-0.736,1.9284499883651733,0.08003683388233185,13.2,24.6,62.2,0.4466,-0.772,0.8821543455123901,0.17859551310539246,11.4,24.2,64.4,0.4466,-0.756,0.7182523608207703,0.12369449436664581,12.2,30.6,57.2,0.4466,-0.828,2.167389392852783,0.15058472752571106,8.6,19.6,71.8,0.4466
373000,-0.712,0.6262885928153992,0.10425516217947006,14.4,23.6,62.0,0.4466,-0.732,1.854231595993042,0.2673564553260803,13.4,24.4,62.2,0.4466,-0.808,1.2344965934753418,0.0781412422657013,9.6,33.8,56.6,0.4466,-0.832,0.4991469979286194,0.08574929088354111,8.4,21.6,70.0,0.4466
373500,-0.772,0.47871458530426025,0.06556977331638336,11.4,25.0,63.6,0.4467,-0.772,1.886175274848938,0.09644854068756104,11.4,32.6,56.0,0.4467,-0.808,1.273611307144165,0.09030276536941528,9.6,36.8,53.6,0.4467,-0.796,1.5444954633712769,0.08989906311035156,10.2,23.6,66.2,0.4467
374000,-0.748,1.3861182928085327,0.08426602184772491,12.6,25.0,62.4,0.4467,-0.764,0.5623793601989746,0.11521073430776596,11.8,30.6,57.6,0.4467,-0.756,1.758123517036438,0.11170148849487305,12.2,31.2,56.6,0.4467,-0.8,2.2362983226776123,0.07414619624614716,10.0,23.4,66.6,0.4467
374500,-0.764,1.388948917388916,0.0951681137084961,11.8,26.0,62.2,0.4468,-0.784,0.8466614484786987,0.1422867327928543,10.8,28.2,61.0,0.4468,-0.82,1.085774302482605,0.12413091957569122,9.0,36.0,55.0,0.4468,-0.776,2.2757601737976074,0.06136216223239899,11.2,18.4,70.4,0.4468
375000,-0.788,0.7136956453323364,0.0896700844168663,10.6,25.8,63.6,0.4469,-0.752,1.363704800605774,0.1734590083360672,12.4,25.4,62.2,0.4469,-0.804,0.6368217468261719,0.09543945640325546,9.8,36.4,53.8,0.4469,-0.764,1.1052826642990112,0.08326859772205353,11.8,20.6,67.6,0.4469
375500,-0.712,0.7159442901611328,0.0793260857462883,14.4,23.8,61.8,0.4469,-0.74,0.7631977796554565,0.15844643115997314,13.0,30.2,56.8,0.4469,-0.832,1.262737512588501,0.10270707309246063,8.4,32.2,59.4,0.4469,-0.816,0.5261716842651367,0.09203550964593887,9.2,22.4,68.4,0.4469
376000,-0.816,0.6363424062728882,0.054399821907281876,9.2,27.8,63.0,0.447,-0.728,3.0678153038024902,0.07701145112514496,13.6,30.8,55.6,0.447,-0.792,1.060122013092041,0.06314481794834137,10.4,32.2,57.4,0.447,-0.728,0.7356395721435547,0.06804385036230087,13.6,22.2,64.2,0.447
376500,-0.72,0.44276297092437744,0.13846002519130707,14.0,28.2,57.8,0.4471,-0.704,1.3943877220153809,0.15948274731636047,14.8,27.8,57.4,0.4471,-0.78,1.3618193864822388,0.11498218774795532,11.0,33.6,55.4,0.4471,-0.816,0.7849143743515015,0.10493694245815277,9.2,21.8,69.0,0.4471
377000,-0.728,0.41928935050964355,0.12651105225086212,13.6,24.2,62.2,0.4471,-0.7,1.1489070653915405,0.13179832696914673,15.0,26.2,58.8,0.4471,-0.784,0.6556593179702759,0.1362513303756714,10.8,33.8,55.4,0.4471,-0.828,0.9075918793678284,0.11028724163770676,8.6,29.4,62.0,0.4471
377500,-0.756,0.6691955327987671,0.06486433744430542,12.2,25.8,62.0,0.4472,-0.748,0.5511347055435181,0.0967489629983902,12.6,26.2,61.2,0.4472,-0.828,0.514349102973938,0.13017182052135468,8.6,31.8,59.6,0.4472,-0.792,0.42812711000442505,0.0708807036280632,10.4,26.0,63.6,0.4472
378000,-0.76,1.3588840961456299,0.1011229082942009,12.0,23.4,64.6,0.4472,-0.732,0.378734290599823,0.07605674862861633,13.4,22.4,64.2,0.4472,-0.78,1.091304063796997,0.10294771194458008,11.0,34.2,54.8,0.4472,-0.804,0.38229677081108093,0.06001801788806915,9.8,27.8,62.4,0.4472
378500,-0.772,2.681540012359619,0.08087525516748428,11.4,28.2,60.4,0.4473,-0.752,1.7132213115692139,0.1707092970609665,12.4,21.6,66.0,0.4473,-0.82,3.2874417304992676,0.06293116509914398,9.0,32.2,58.8,0.4473,-0.78,2.6907997131347656,0.06875751912593842,11.0,21.6,67.4,0.4473
379000,-0.744,0.8171268105506897,0.10224787890911102,12.8,21.0,66.2,0.4474,-0.768,0.13428056240081787,0.11817196011543274,11.6,24.8,63.6,0.4474,-0.784,0.8093477487564087,0.13065297901630402,10.8,30.2,59.0,0.4474,-0.8,2.3133602142333984,0.09474240243434906,10.0,20.6,69.4,0.4474
379500,-0.768,0.5867512226104736,0.11309102177619934,11.6,26.6,61.8,0.4474,-0.732,1.2801625728607178,0.0857803076505661,13.4,24.2,62.4,0.4474,-0.832,2.265251636505127,0.1706540584564209,8.4,32.0,59.6,0.4474,-0.776,0.40493685007095337,0.05393362045288086,11.2,22.6,66.2,0.4474
380000,-0.776,0.6044313311576843,0.09381742775440216,11.2,25.6,63.2,0.4475,-0.732,1.0737888813018799,0.15493087470531464,13.4,23.4,63.2,0.4475,-0.768,2.236097812652588,0.10878370702266693,11.6,30.4,58.0,0.4475,-0.788,4.818012237548828,0.13695798814296722,10.6,30.2,59.2,0.4475
380500,-0.76,0.8909817337989807,0.08063627779483795,12.0,26.2,61.8,0.4476,-0.772,1.8322007656097412,0.11369340866804123,11.4,24.4,64.2,0.4476,-0.8,0.9921470284461975,0.11093947291374207,10.0,28.6,61.4,0.4476,-0.724,1.9399645328521729,0.08494941145181656,13.8,24.4,61.8,0.4476
381000,-0.776,1.2028321027755737,0.07736179232597351,11.2,24.8,64.0,0.4476,-0.704,0.6566276550292969,0.12980127334594727,14.8,24.6,60.6,0.4476,-0.82,0.7937853932380676,0.06917934864759445,9.0,34.8,56.2,0.4476,-0.84,1.1255230903625488,0.10626408457756042,8.0,24.0,68.0,0.4476
381500,-0.768,1.017475962638855,0.051935695111751556,11.6,25.8,62.6,0.4477,-0.724,0.35533958673477173,0.1408241093158722,13.8,29.6,56.6,0.4477,-0.776,1.1390039920806885,0.0722438395023346,11.2,29.6,59.2,0.4477,-0.812,0.4835672974586487,0.07558682560920715,9.4,29.0,61.6,0.4477
382000,-0.756,1.4019215106964111,0.11418178677558899,12.2,25.8,62.0,0.4477,-0.728,1.2127991914749146,0.08945345133543015,13.6,25.8,60.6,0.4477,-0.852,2.886066198348999,0.050710197538137436,7.4,30.4,62.2,0.4477,-0.828,0.7978624701499939,0.08360432088375092,8.6,22.8,68.6,0.4477
382500,-0.744,0.5266754627227783,0.13125310838222504,12.8,25.4,61.8,0.4478,-0.7,1.1520553827285767,0.0816597118973732,15.0,26.6,58.4,0.4478,-0.848,0.5200193524360657,0.05536476522684097,7.6,31.4,61.0,0.4478,-0.796,2.0393779277801514,0.07092701643705368,10.2,22.8,67.0,0.4478
383000,-0.764,0.5801378488540649,0.09581504762172699,11.8,24.4,63.8,0.4479,-0.78,1.5613073110580444,0.09719745069742203,11.0,30.0,59.0,0.4479,-0.78,1.0913723707199097,0.10172967612743378,11.0,30.2,58.8,0.4479,-0.76,0.44915834069252014,0.08529897034168243,12.0,26.0,62.0,0.4479
383500,-0.792,1.0388917922973633,0.13773006200790405,10.4,28.6,61.0,0.4479,-0.728,0.7656494379043579,0.12090975046157837,13.6,27.8,58.6,0.4479,-0.824,0.7953783869743347,0.06217532604932785,8.8,32.8,58.4,0.4479,-0.792,0.5819133520126343,0.0793633908033371,10.4,23.8,65.8,0.4479
384000,-0.804,1.733333945274353,0.08691246062517166,9.8,24.8,65.4,0.448,-0.8,1.8249921798706055,0.08263786882162094,10.0,27.8,62.2,0.448,-0.812,2.5642223358154297,0.057522017508745193,9.4,30.0,60.6,0.448,-0.808,1.0040801763534546,0.06527818739414215,9.6,22.0,68.4,0.448
384500,-0.736,0.7968559265136719,0.0740845650434494,13.2,24.2,62.6,0.4481,-0.756,1.3297301530838013,0.1582992672920227,12.2,24.6,63.2,0.4481,-0.768,0.7672127485275269,0.06572074443101883,11.6,31.8,56.6,0.4481,-0.82,0.4793306291103363,0.10918775945901871,9.0,22.6,68.4,0.4481
385000,-0.788,0.299122154712677,0.08888252824544907,10.6,25.8,63.6,0.4481,-0.796,0.3843989968299866,0.07867272198200226,10.2,28.0,61.8,0.4481,-0.792,1.3712873458862305,0.08912531286478043,10.4,34.2,55.4,0.4481,-0.756,0.18915224075317383,0.08764597028493881,12.2,25.0,62.8,0.4481
385500,-0.792,1.309964895248413,0.10339011251926422,10.4,23.8,65.8,0.4482,-0.776,2.4769091606140137,0.13902965188026428,11.2,25.6,63.2,0.4482,-0.74,1.0795927047729492,0.06916917860507965,13.0,35.6,51.4,0.4482,-0.82,1.2302067279815674,0.130597785115242,9.0,18.4,72.6,0.4482
386000,-0.756,0.8965938091278076,0.10464209318161011,12.2,22.4,65.4,0.4482,-0.784,2.2541542053222656,0.1330009549856186,10.8,24.6,64.6,0.4482,-0.844,0.8186977505683899,0.14583498239517212,7.8,32.6,59.6,0.4482,-0.784,0.9855552315711975,0.13942289352416992,10.8,22.0,67.2,0.4482
386500,-0.756,0.3379562497138977,0.10711447894573212,12.2,23.4,64.4,0.4483,-0.732,0.7033687829971313,0.2829830050468445,13.4,28.4,58.2,0.4483,-0.764,1.5138919353485107,0.1236800104379654,11.8,31.2,57.0,0.4483,-0.812,0.7747061252593994,0.08928044140338898,9.4,20.0,70.6,0.4483
387000,-0.748,0.4635142982006073,0.08162225037813187,12.6,24.2,63.2,0.4484,-0.756,0.5995888710021973,0.15422941744327545,12.2,28.4,59.4,0.4484,-0.78,0.7283182740211487,0.08580207824707031,11.0,34.8,54.2,0.4484,-0.808,1.2414097785949707,0.10926880687475204,9.6,19.4,71.0,0.4484
387500,-0.736,0.5206969976425171,0.06856447458267212,13.2,22.4,64.4,0.4484,-0.724,2.873931884765625,0.07436198741197586,13.8,25.4,60.8,0.4484,-0.828,1.1636853218078613,0.07461720705032349,8.6,29.2,62.2,0.4484,-0.768,4.206631660461426,0.05474736541509628,11.6,19.0,69.4,0.4484
388000,-0.804,1.3072822093963623,0.09342116117477417,9.8,23.0,67.2,0.4485,-0.748,2.450087070465088,0.08226912468671799,12.6,29.2,58.2,0.4485,-0.816,1.5028021335601807,0.14058417081832886,9.2,31.2,59.6,0.4485,-0.828,2.117216110229492,0.13462747633457184,8.6,24.2,67.2,0.4485
388500,-0.772,0.6974772214889526,0.08572442084550858,11.4,23.8,64.8,0.4486,-0.796,0.6574537754058838,0.11707345396280289,10.2,30.2,59.6,0.4486,-0.836,0.27520227432250977,0.08020617067813873,8.2,31.2,60.6,0.4486,-0.748,0.3588210642337799,0.04435941204428673,12.6,25.0,62.4,0.4486
389000,-0.736,0.6558940410614014,0.06846592575311661,13.2,22.4,64.4,0.4486,-0.744,0.8058751821517944,0.15109936892986298,12.8,26.8,60.4,0.4486,-0.804,1.0260727405548096,0.07145731151103973,9.8,30.0,60.2,0.4486,-0.816,0.9132728576660156,0.09972094744443893,9.2,29.6,61.2,0.4486
389500,-0.78,0.9283030033111572,0.09350822865962982,11.0,23.2,65.8,0.4487,-0.744,0.8808807134628296,0.11953717470169067,12.8,24.0,63.2,0.4487,-0.82,2.198032855987549,0.08473256975412369,9.0,31.8,59.2,0.4487,-0.792,0.4289080798625946,0.19810739159584045,10.4,28.2,61.4,0.4487
390000,-0.728,0.8276028633117676,0.08166010677814484,13.6,23.2,63.2,0.4487,-0.736,0.9471501111984253,0.0973101407289505,13.2,28.2,58.6,0.4487,-0.856,0.6410860419273376,0.043887779116630554,7.2,28.2,64.6,0.4487,-0.836,2.0819625854492188,0.1319899708032608,8.2,25.0,66.8,0.4487
390500,-0.756,1.3319180011749268,0.11095773428678513,12.2,25.0,62.8,0.4488,-0.724,0.354709655046463,0.10759157687425613,13.8,21.2,65.0,0.4488,-0.82,1.4448539018630981,0.06964381784200668,9.0,28.4,62.6,0.4488,-0.784,1.9468994140625,0.09534823894500732,10.8,17.8,71.4,0.4488
391000,-0.74,1.472948431968689,0.1226983591914177,13.0,23.2,63.8,0.4489,-0.748,1.164109230041504,0.12223107367753983,12.6,27.6,59.8,0.4489,-0.752,0.7656734585762024,0.06741289049386978,12.4,28.6,59.0,0.4489,-0.796,1.0758147239685059,0.06846559047698975,10.2,28.8,61.0,0.4489
391500,-0.756,1.013158917427063,0.045815758407115936,12.2,20.0,67.8,0.4489,-0.732,0.44995030760765076,0.10548795759677887,13.4,24.0,62.6,0.4489,-0.844,0.9542040824890137,0.16906094551086426,7.8,32.6,59.6,0.4489,-0.776,1.3443107604980469,0.10044127702713013,11.2,21.6,67.2,0.4489
392000,-0.76,1.3492820262908936,0.04110913723707199,12.0,20.8,67.2,0.449,-0.712,3.2306950092315674,0.1469365954399109,14.4,26.4,59.2,0.449,-0.784,1.7531529664993286,0.10025762021541595,10.8,28.6,60.6,0.449,-0.8,2.9571852684020996,0.0677407830953598,10.0,21.2,68.8,0.449
392500,-0.712,1.3025588989257812,0.15028902888298035,14.4,20.8,64.8,0.4491,-0.736,1.9658910036087036,0.12779322266578674,13.2,29.2,57.6,0.4491,-0.796,0.45596277713775635,0.11685431003570557,10.2,28.6,61.2,0.4491,-0.804,0.5851923227310181,0.061087798327207565,9.8,23.4,66.8,0.4491
393000,-0.772,0.6042845249176025,0.12692008912563324,11.4,25.2,63.4,0.4491,-0.756,1.0684120655059814,0.10396990925073624,12.2,23.4,64.4,0.4491,-0.792,0.728248119354248,0.16968080401420593,10.4,27.4,62.2,0.4491,-0.776,1.3825485706329346,0.08905459940433502,11.2,24.0,64.8,0.4491
393500,-0.74,1.0904321670532227,0.2192009687423706,13.0,23.2,63.8,0.4492,-0.752,4.4137444496154785,0.17896616458892822,12.4,27.2,60.4,0.4492,-0.788,3.6562743186950684,0.0986686572432518,10.6,34.2,55.2,0.4492,-0.788,1.6013282537460327,0.10239730030298233,10.6,29.8,59.6,0.4492
394000,-0.76,1.305953025817871,0.08370700478553772,12.0,23.6,64.4,0.4492,-0.72,0.8117016553878784,0.1486658900976181,14.0,23.0,63.0,0.4492,-0.784,0.8516749143600464,0.06424570083618164,10.8,27.4,61.8,0.4492,-0.804,0.7092865705490112,0.08892148733139038,9.8,25.0,65.2,0.4492
394500,-0.796,0.5792187452316284,0.07336537539958954,10.2,23.2,66.6,0.4493,-0.724,1.6339317560195923,0.10641932487487793,13.8,22.8,63.4,0.4493,-0.772,0.4071158766746521,0.08424791693687439,11.4,30.4,58.2,0.4493,-0.752,0.8934563994407654,0.11609834432601929,12.4,22.4,65.2,0.4493
395000,-0.792,0.5858031511306763,0.06477813422679901,10.4,27.6,62.0,0.4494,-0.712,0.8754849433898926,0.14366084337234497,14.4,28.0,57.6,0.4494,-0.776,2.1962523460388184,0.07668011635541916,11.2,30.8,58.0,0.4494,-0.824,1.512203335762024,0.0886060893535614,8.8,27.4,63.8,0.4494
395500,-0.776,0.3903566896915436,0.0895182341337204,11.2,21.4,67.4,0.4494,-0.736,0.4816421866416931,0.15568122267723083,13.2,29.0,57.8,0.4494,-0.812,0.715433657169342,0.11215780675411224,9.4,29.6,61.0,0.4494,-0.776,0.4097305238246918,0.094073086977005,11.2,24.2,64.6,0.4494
396000,-0.752,1.7137658596038818,0.11236999183893204,12.4,21.2,66.4,0.4495,-0.756,1.3746414184570312,0.172940194606781,12.2,23.6,64.2,0.4495,-0.768,0.5007362365722656,0.08356229215860367,11.6,31.4,57.0,0.4495,-0.816,0.9166611433029175,0.0985545665025711,9.2,19.2,71.6,0.4495
396500,-0.724,0.6605799198150635,0.08921636641025543,13.8,23.6,62.6,0.4496,-0.712,0.4112374186515808,0.13403427600860596,14.4,30.4,55.2,0.4496,-0.764,0.9518621563911438,0.10243669152259827,11.8,28.0,60.2,0.4496,-0.816,0.7052624821662903,0.05193039029836655,9.2,24.2,66.6,0.4496
397000,-0.764,1.075650691986084,0.09396494925022125,11.8,22.2,66.0,0.4496,-0.736,1.605623483657837,0.186008483171463,13.2,25.2,61.6,0.4496,-0.756,1.1777106523513794,0.14868758618831635,12.2,30.4,57.4,0.4496,-0.8,2.1505894660949707,0.05498681962490082,10.0,30.6,59.4,0.4496
397500,-0.76,0.6304163932800293,0.07167385518550873,12.0,24.0,64.0,0.4497,-0.728,0.7345439195632935,0.13614657521247864,13.6,25.6,60.8,0.4497,-0.832,0.7540029287338257,0.12086022645235062,8.4,31.2,60.4,0.4497,-0.804,3.9354240894317627,0.040822967886924744,9.8,22.6,67.6,0.4497
398000,-0.748,1.8303571939468384,0.1461479365825653,12.6,20.6,66.8,0.4497,-0.768,1.2021558284759521,0.11033721268177032,11.6,26.4,62.0,0.4497,-0.78,2.196291208267212,0.10455972701311111,11.0,29.0,60.0,0.4497,-0.796,1.198589563369751,0.06610487401485443,10.2,26.0,63.8,0.4497
398500,-0.784,1.798975944519043,0.04946550354361534,10.8,21.6,67.6,0.4498,-0.768,1.49643075466156,0.16936606168746948,11.6,25.8,62.6,0.4498,-0.828,2.656114339828491,0.09774183481931686,8.6,24.6,66.8,0.4498,-0.796,0.9640854001045227,0.08468865603208542,10.2,25.4,64.4,0.4498
399000,-0.724,0.7780660390853882,0.13069447875022888,13.8,21.2,65.0,0.4499,-0.768,0.44149208068847656,0.09340406954288483,11.6,27.2,61.2,0.4499,-0.808,1.3746222257614136,0.04401484131813049,9.6,30.4,60.0,0.4499,-0.808,2.319171667098999,0.07993800938129425,9.6,29.8,60.6,0.4499
399500,-0.756,0.7757837772369385,0.11796332150697708,12.2,24.8,63.0,0.4499,-0.792,5.355226516723633,0.1407136172056198,10.4,26.2,63.4,0.4499,-0.768,0.6780856847763062,0.14157527685165405,11.6,30.4,58.0,0.4499,-0.796,1.5150442123413086,0.061309926211833954,10.2,30.6,59.2,0.4499
400000,-0.752,0.5048779249191284,0.06518957018852234,12.4,20.2,67.4,0.45,-0.744,0.5831994414329529,0.10909947752952576,12.8,24.2,63.0,0.45,-0.812,0.6769659519195557,0.08150193840265274,9.4,32.6,58.0,0.45,-0.768,1.1052327156066895,0.05137212574481964,11.6,22.2,66.2,0.45
400500,-0.768,1.2137871980667114,0.10529090464115143,11.6,21.6,66.8,0.4501,-0.736,2.2898123264312744,0.14855137467384338,13.2,23.2,63.6,0.4501,-0.828,0.27619343996047974,0.11695834994316101,8.6,31.0,60.4,0.4501,-0.764,1.7603164911270142,0.11513816565275192,11.8,21.8,66.4,0.4501
401000,-0.796,1.1472809314727783,0.08127452433109283,10.2,22.4,67.4,0.4501,-0.764,0.9325327277183533,0.10368293523788452,11.8,24.8,63.4,0.4501,-0.792,0.5073295831680298,0.1454053521156311,10.4,29.0,60.6,0.4501,-0.832,1.3671882152557373,0.1012815535068512,8.4,25.0,66.6,0.4501
401500,-0.756,1.3324798345565796,0.10077361762523651,12.2,21.4,66.4,0.4502,-0.696,1.296667218208313,0.12313296645879745,15.2,22.2,62.6,0.4502,-0.828,1.5291669368743896,0.16316646337509155,8.6,32.0,59.4,0.4502,-0.792,0.7275123000144958,0.11976178735494614,10.4,27.4,62.2,0.4502
402000,-0.78,1.6967813968658447,0.046214550733566284,11.0,22.4,66.6,0.4502,-0.756,1.9493497610092163,0.08777274936437607,12.2,23.6,64.2,0.4502,-0.812,1.5788424015045166,0.09722607582807541,9.4,30.6,60.0,0.4502,-0.804,1.982852816581726,0.09192880988121033,9.8,22.0,68.2,0.4502
402500,-0.764,0.5884542465209961,0.12259888648986816,11.8,21.0,67.2,0.4503,-0.732,0.8768531084060669,0.10995855927467346,13.4,27.8,58.8,0.4503,-0.752,0.30267471075057983,0.12002681940793991,12.4,30.6,57.0,0.4503,-0.84,3.3061468601226807,0.06268932670354843,8.0,23.0,69.0,0.4503
403000,-0.776,0.6743032932281494,0.10434982180595398,11.2,23.0,65.8,0.4504,-0.728,2.7523880004882812,0.08896246552467346,13.6,26.4,60.0,0.4504,-0.796,0.31471315026283264,0.08405961096286774,10.2,28.4,61.4,0.4504,-0.808,0.2803027033805847,0.11810869723558426,9.6,21.2,69.2,0.4504
403500,-0.796,1.563727855682373,0.09159985184669495,10.2,21.4,68.4,0.4504,-0.688,0.6721952557563782,0.07286468148231506,15.6,25.2,59.2,0.4504,-0.796,0.62824946641922,0.11979396641254425,10.2,29.2,60.6,0.4504,-0.772,0.9928380250930786,0.062271662056446075,11.4,22.0,66.6,0.4504
404000,-0.844,0.692338228225708,0.10693971812725067,7.8,22.0,70.2,0.4505,-0.752,0.4145810604095459,0.14771796762943268,12.4,31.6,56.0,0.4505,-0.824,1.29843270778656,0.05157797038555145,8.8,32.8,58.4,0.4505,-0.764,2.4488658905029297,0.08001457154750824,11.8,21.0,67.2,0.4505
404500,-0.788,1.617878794670105,0.053215391933918,10.6,26.0,63.4,0.4506,-0.776,2.3831093311309814,0.14701083302497864,11.2,25.4,63.4,0.4506,-0.824,0.317111611366272,0.06282924860715866,8.8,31.0,60.2,0.4506,-0.848,1.0709295272827148,0.10727643966674805,7.6,35.0,57.4,0.4506
405000,-0.796,2.289642810821533,0.07725449651479721,10.2,18.6,71.2,0.4506,-0.712,0.4034764766693115,0.10307110846042633,14.4,25.4,60.2,0.4506,-0.724,0.3196007013320923,0.05761916562914848,13.8,28.2,58.0,0.4506,-0.748,1.5330445766448975,0.09289328008890152,12.6,23.8,63.6,0.4506
405500,-0.78,0.48472604155540466,0.10106736421585083,11.0,26.2,62.8,0.4507,-0.7,1.3021694421768188,0.09826655685901642,15.0,26.0,59.0,0.4507,-0.76,0.5704548358917236,0.1113898903131485,12.0,29.2,58.8,0.4507,-0.784,0.5474985837936401,0.06026514992117882,10.8,20.8,68.4,0.4507
406000,-0.82,2.0406618118286133,0.10322307050228119,9.0,26.6,64.4,0.4507,-0.724,1.9121134281158447,0.12200525403022766,13.8,27.0,59.2,0.4507,-0.8,0.9188100099563599,0.12749925255775452,10.0,34.8,55.2,0.4507,-0.812,1.1495460271835327,0.1955518126487732,9.4,23.4,67.2,0.4507
406500,-0.76,2.8466784954071045,0.12215963006019592,12.0,23.6,64.4,0.4508,-0.732,0.39396438002586365,0.09956148266792297,13.4,28.8,57.8,0.4508,-0.816,1.076978325843811,0.05836234241724014,9.2,31.6,59.2,0.4508,-0.776,0.7619056105613708,0.09644530713558197,11.2,29.8,59.0,0.4508
407000,-0.776,0.9757758378982544,0.09443039447069168,11.2,20.4,68.4,0.4509,-0.692,0.518868625164032,0.1388067752122879,15.4,28.2,56.4,0.4509,-0.768,1.947747826576233,0.11903132498264313,11.6,27.8,60.6,0.4509,-0.828,0.42415714263916016,0.094095379114151,8.6,24.2,67.2,0.4509
407500,-0.724,1.478804111480713,0.1004125252366066,13.8,21.0,65.2,0.4509,-0.732,2.738110065460205,0.08593487739562988,13.4,26.6,60.0,0.4509,-0.812,0.6663714647293091,0.07293058931827545,9.4,31.2,59.4,0.4509,-0.796,0.3844214677810669,0.12270049750804901,10.2,22.0,67.8,0.4509
408000,-0.752,2.216809034347534,0.03466368466615677,12.4,16.2,71.4,0.451,-0.68,0.5722730159759521,0.10948725789785385,16.0,23.6,60.4,0.451,-0.768,2.6854214668273926,0.10072541236877441,11.6,26.4,62.0,0.451,-0.768,1.2451674938201904,0.106650210916996,11.6,21.4,67.0,0.451
408500,-0.748,2.1597888469696045,0.11138748377561569,12.6,20.0,67.4,0.4511,-0.76,0.7338265180587769,0.09004443883895874,12.0,36.4,51.6,0.4511,-0.808,1.7898871898651123,0.06275288760662079,9.6,30.8,59.6,0.4511,-0.788,0.6030054092407227,0.08993944525718689,10.6,23.6,65.8,0.4511
409000,-0.744,1.2615704536437988,0.07661448419094086,12.8,21.8,65.4,0.4511,-0.704,1.433321475982666,0.10625546425580978,14.8,28.2,57.0,0.4511,-0.852,0.9316238164901733,0.053636133670806885,7.4,30.4,62.2,0.4511,-0.808,0.8147715330123901,0.047704100608825684,9.6,23.8,66.6,0.4511
409500,-0.78,0.6155483722686768,0.10174962878227234,11.0,24.0,65.0,0.4512,-0.676,1.818938136100769,0.1135333701968193,16.2,26.6,57.2,0.4512,-0.784,0.521186113357544,0.08907608687877655,10.8,28.6,60.6,0.4512,-0.76,0.2911423146724701,0.06692130863666534,12.0,23.4,64.6,0.4512
410000,-0.76,1.0623345375061035,0.11026491224765778,12.0,20.6,67.4,0.4512,-0.732,0.25873059034347534,0.09010793268680573,13.4,28.2,58.4,0.4512,-0.768,0.476767361164093,0.10186582058668137,11.6,26.6,61.8,0.4512,-0.828,1.016119360923767,0.07512200623750687,8.6,24.4,67.0,0.4512
410500,-0.736,0.42360398173332214,0.10669907927513123,13.2,20.8,66.0,0.4513,-0.768,0.6587793827056885,0.12932749092578888,11.6,31.6,56.8,0.4513,-0.772,0.5159279108047485,0.10030050575733185,11.4,30.6,58.0,0.4513,-0.796,1.1188640594482422,0.061359912157058716,10.2,23.2,66.6,0.4513
411000,-0.764,1.6715091466903687,0.09663163125514984,11.8,21.0,67.2,0.4514,-0.7,2.147055149078369,0.1638328731060028,15.0,27.8,57.2,0.4514,-0.788,0.7708965539932251,0.045157965272665024,10.6,29.2,60.2,0.4514,-0.776,0.7125202417373657,0.10124342888593674,11.2,17.8,71.0,0.4514
411500,-0.736,1.0511751174926758,0.07581619173288345,13.2,20.6,66.2,0.4514,-0.748,0.9391834735870361,0.16080111265182495,12.6,31.6,55.8,0.4514,-0.78,0.707988440990448,0.0623573400080204,11.0,28.4,60.6,0.4514,-0.784,0.7867157459259033,0.08662185817956924,10.8,23.4,65.8,0.4514
412000,-0.788,0.7770118713378906,0.06776035577058792,10.6,19.2,70.2,0.4515,-0.752,5.008026599884033,0.11197388172149658,12.4,31.0,56.6,0.4515,-0.784,1.6006181240081787,0.11259685456752777,10.8,30.2,59.0,0.4515,-0.788,0.7065119743347168,0.1291009783744812,10.6,22.8,66.6,0.4515
412500,-0.804,1.2306307554244995,0.04967283457517624,9.8,22.4,67.8,0.4516,-0.736,0.8621124029159546,0.1394721120595932,13.2,25.4,61.4,0.4516,-0.78,0.8217623233795166,0.09094083309173584,11.0,24.2,64.8,0.4516,-0.784,0.6181780099868774,0.11197076737880707,10.8,27.8,61.4,0.4516
413000,-0.8,1.8317536115646362,0.07243732362985611,10.0,20.4,69.6,0.4516,-0.824,0.6046646237373352,0.1035909503698349,8.8,28.4,62.8,0.4516,-0.792,0.5378854274749756,0.12941132485866547,10.4,28.8,60.8,0.4516,-0.836,0.4575022757053375,0.07853547483682632,8.2,19.6,72.2,0.4516
413500,-0.696,0.7813727855682373,0.07745051383972168,15.2,18.4,66.4,0.4517,-0.752,0.41923925280570984,0.08144717663526535,12.4,24.0,63.6,0.4517,-0.76,0.6654431819915771,0.07179555296897888,12.0,29.0,59.0,0.4517,-0.792,0.6612883806228638,0.053576916456222534,10.4,21.4,68.2,0.4517
414000,-0.764,1.0490596294403076,0.05382212996482849,11.8,22.2,66.0,0.4517,-0.716,0.21052807569503784,0.16009867191314697,14.2,28.8,57.0,0.4517,-0.816,0.8252066373825073,0.07794366776943207,9.2,29.6,61.2,0.4517,-0.776,0.40416136384010315,0.06751655042171478,11.2,29.4,59.4,0.4517
414500,-0.716,1.0676968097686768,0.05841553211212158,14.2,19.0,66.8,0.4518,-0.732,0.832609236240387,0.10284491628408432,13.4,31.0,55.6,0.4518,-0.824,0.897076427936554,0.10736973583698273,8.8,29.0,62.2,0.4518,-0.82,0.7411681413650513,0.06415394693613052,9.0,25.6,65.4,0.4518
415000,-0.78,0.40456852316856384,0.11856599152088165,11.0,19.4,69.6,0.4519,-0.736,0.8385778069496155,0.11534617096185684,13.2,25.2,61.6,0.4519,-0.828,0.6525658369064331,0.10248900949954987,8.6,27.0,64.4,0.4519,-0.848,0.6773380637168884,0.08717142045497894,7.6,23.4,69.0,0.4519
415500,-0.728,1.306119441986084,0.0849308893084526,13.6,19.4,67.0,0.4519,-0.732,1.1344983577728271,0.07402649521827698,13.4,24.8,61.8,0.4519,-0.784,0.5555962920188904,0.05238869786262512,10.8,27.6,61.6,0.4519,-0.832,0.7486139535903931,0.11973100900650024,8.4,22.0,69.6,0.4519
416000,-0.716,0.7485527396202087,0.1345575451850891,14.2,19.8,66.0,0.452,-0.748,0.5096982717514038,0.09446996450424194,12.6,27.6,59.8,0.452,-0.772,1.0954316854476929,0.1409786194562912,11.4,31.0,57.6,0.452,-0.8,0.9475830793380737,0.10046777129173279,10.0,24.6,65.4,0.452
416500,-0.716,0.9280067682266235,0.05281795561313629,14.2,20.2,65.6,0.4521,-0.768,0.7978376150131226,0.14081814885139465,11.6,25.8,62.6,0.4521,-0.744,0.7448532581329346,0.06536909937858582,12.8,28.6,58.6,0.4521,-0.796,1.1400837898254395,0.06597977876663208,10.2,23.4,66.4,0.4521
417000,-0.776,0.7915960550308228,0.09118387848138809,11.2,22.0,66.8,0.4521,-0.684,0.2509281039237976,0.12782977521419525,15.8,25.0,59.2,0.4521,-0.76,0.47948601841926575,0.09164944291114807,12.0,30.0,58.0,0.4521,-0.772,1.2648124694824219,0.09748386591672897,11.4,17.4,71.2,0.4521
417500,-0.748,1.8444586992263794,0.16453422605991364,12.6,23.4,64.0,0.4522,-0.744,0.4089326560497284,0.09368565678596497,12.8,25.8,61.4,0.4522,-0.816,1.3030158281326294,0.08306582272052765,9.2,33.4,57.4,0.4522,-0.764,0.774229884147644,0.14810365438461304,11.8,22.4,65.8,0.4522
418000,-0.792,0.34794870018959045,0.1214086264371872,10.4,24.2,65.4,0.4522,-0.768,0.5344772338867188,0.0870816558599472,11.6,31.8,56.6,0.4522,-0.812,0.8391568660736084,0.05367405712604523,9.4,28.8,61.8,0.4522,-0.792,1.5714244842529297,0.09092673659324646,10.4,23.0,66.6,0.4522
418500,-0.748,1.4021061658859253,0.07935447990894318,12.6,20.2,67.2,0.4523,-0.736,1.8300135135650635,0.14569377899169922,13.2,27.4,59.4,0.4523,-0.792,0.36102932691574097,0.13436317443847656,10.4,26.8,62.8,0.4523,-0.832,0.5342645645141602,0.06345871835947037,8.4,22.2,69.4,0.4523
419000,-0.788,1.1125270128250122,0.06896442174911499,10.6,18.4,71.0,0.4524,-0.736,1.2550456523895264,0.08943761885166168,13.2,23.6,63.2,0.4524,-0.8,0.7368453145027161,0.13778893649578094,10.0,31.0,59.0,0.4524,-0.82,0.44327640533447266,0.09876017272472382,9.0,16.8,74.2,0.4524
419500,-0.712,1.434880018234253,0.15385708212852478,14.4,19.0,66.6,0.4524,-0.792,1.9370613098144531,0.21087661385536194,10.4,24.4,65.2,0.4524,-0.816,0.45086342096328735,0.05180000513792038,9.2,28.4,62.4,0.4524,-0.812,0.6364144086837769,0.0748327448964119,9.4,19.4,71.2,0.4524
420000,-0.752,1.8997832536697388,0.11677446216344833,12.4,20.4,67.2,0.4525,-0.768,1.0530496835708618,0.09613881260156631,11.6,27.6,60.8,0.4525,-0.732,0.4422563314437866,0.08660806715488434,13.4,28.8,57.8,0.4525,-0.784,0.5041977167129517,0.03829231113195419,10.8,19.6,69.6,0.4525
420500,-0.828,0.9859942197799683,0.10079559683799744,8.6,25.2,66.2,0.4526,-0.732,2.658341884613037,0.09820015728473663,13.4,30.6,56.0,0.4526,-0.836,0.4794042408466339,0.15204176306724548,8.2,33.0,58.8,0.4526,-0.792,0.6555241346359253,0.08747771382331848,10.4,22.6,67.0,0.4526
421000,-0.748,0.5435779690742493,0.059884484857320786,12.6,22.4,65.0,0.4526,-0.828,0.29333704710006714,0.10326702892780304,8.6,21.6,69.8,0.4526,-0.804,1.2134534120559692,0.06643152981996536,9.8,26.4,63.8,0.4526,-0.772,1.2722986936569214,0.15139329433441162,11.4,24.0,64.6,0.4526
421500,-0.728,2.4994242191314697,0.07282528281211853,13.6,21.4,65.0,0.4527,-0.676,3.6838488578796387,0.1317846179008484,16.2,24.8,59.0,0.4527,-0.84,0.5526905059814453,0.04426860436797142,8.0,31.8,60.2,0.4527,-0.784,0.9352758526802063,0.06100980564951897,10.8,17.0,72.2,0.4527
422000,-0.764,1.0051331520080566,0.03874889761209488,11.8,19.0,69.2,0.4527,-0.768,0.3483806848526001,0.09244196116924286,11.6,25.6,62.8,0.4527,-0.848,1.591064691543579,0.15701988339424133,7.6,28.6,63.8,0.4527,-0.788,1.44679856300354,0.08557812869548798,10.6,21.2,68.2,0.4527
422500,-0.784,1.6820565462112427,0.07229728996753693,10.8,23.8,65.4,0.4528,-0.692,0.8173826336860657,0.14705052971839905,15.4,28.2,56.4,0.4528,-0.828,1.2178593873977661,0.09806186705827713,8.6,28.8,62.6,0.4528,-0.836,1.3702386617660522,0.11541806161403656,8.2,20.6,71.2,0.4528
423000,-0.72,0.6490034461021423,0.10927663743495941,14.0,21.2,64.8,0.4529,-0.736,0.746546745300293,0.11003225296735764,13.2,24.6,62.2,0.4529,-0.78,0.6410462260246277,0.06760512292385101,11.0,28.8,60.2,0.4529,-0.796,0.26240837574005127,0.07243307679891586,10.2,18.8,71.0,0.4529
423500,-0.744,1.2974212169647217,0.08769942820072174,12.8,18.2,69.0,0.4529,-0.676,1.0458364486694336,0.08510227501392365,16.2,21.8,62.0,0.4529,-0.756,0.4918005168437958,0.08638497442007065,12.2,22.8,65.0,0.4529,-0.764,0.41486644744873047,0.05044397711753845,11.8,22.6,65.6,0.4529
424000,-0.776,1.936733603477478,0.05748000741004944,11.2,23.2,65.6,0.453,-0.732,0.8946106433868408,0.0778895691037178,13.4,27.8,58.8,0.453,-0.828,0.7877922058105469,0.07017877697944641,8.6,31.6,59.8,0.453,-0.792,0.27740609645843506,0.052674029022455215,10.4,21.0,68.6,0.453
424500,-0.784,1.455267071723938,0.11393938958644867,10.8,24.2,65.0,0.4531,-0.776,0.4045478105545044,0.07364802062511444,11.2,26.0,62.8,0.4531,-0.8,0.8031196594238281,0.0642792135477066,10.0,30.2,59.8,0.4531,-0.796,0.6363497972488403,0.08928485214710236,10.2,23.0,66.8,0.4531
425000,-0.736,0.856757402420044,0.09778883308172226,13.2,22.2,64.6,0.4531,-0.748,1.6493470668792725,0.18398496508598328,12.6,23.2,64.2,0.4531,-0.792,1.4940873384475708,0.05517227202653885,10.4,29.2,60.4,0.4531,-0.804,0.500525951385498,0.1056055948138237,9.8,22.6,67.6,0.4531
425500,-0.732,1.766369104385376,0.08561816811561584,13.4,21.8,64.8,0.4532,-0.708,0.9255229234695435,0.07696032524108887,14.6,25.4,60.0,0.4532,-0.804,1.8221033811569214,0.09767710417509079,9.8,28.4,61.8,0.4532,-0.792,0.3623540997505188,0.08358165621757507,10.4,21.2,68.4,0.4532
426000,-0.768,1.581689476966858,0.03909909725189209,11.6,19.4,69.0,0.4532,-0.732,0.40860071778297424,0.0795283317565918,13.4,30.0,56.6,0.4532,-0.832,0.5883784890174866,0.058381401002407074,8.4,28.0,63.6,0.4532,-0.792,1.2351224422454834,0.13148324191570282,10.4,19.4,70.2,0.4532
426500,-0.756,0.8848834037780762,0.10894834995269775,12.2,21.4,66.4,0.4533,-0.756,1.8680064678192139,0.15193098783493042,12.2,23.8,64.0,0.4533,-0.84,0.994437575340271,0.05410370975732803,8.0,30.2,61.8,0.4533,-0.748,0.7627570629119873,0.0602944940328598,12.6,19.6,67.8,0.4533
427000,-0.812,0.5688103437423706,0.06841889023780823,9.4,19.4,71.2,0.4534,-0.76,3.7464897632598877,0.12044107913970947,12.0,26.0,62.0,0.4534,-0.772,0.4985570013523102,0.13623769581317902,11.4,27.6,61.0,0.4534,-0.772,1.7270030975341797,0.08047895133495331,11.4,21.8,66.8,0.4534
427500,-0.748,0.725665807723999,0.04793160408735275,12.6,20.6,66.8,0.4534,-0.716,0.30679309368133545,0.08733311295509338,14.2,30.2,55.6,0.4534,-0.748,0.7194081544876099,0.11147473752498627,12.6,29.8,57.6,0.4534,-0.796,0.659968376159668,0.10644777119159698,10.2,23.0,66.8,0.4534
428000,-0.788,0.9720402359962463,0.09828408807516098,10.6,22.8,66.6,0.4535,-0.744,2.145632028579712,0.07533752173185349,12.8,25.8,61.4,0.4535,-0.804,1.0577071905136108,0.08688610047101974,9.8,28.6,61.6,0.4535,-0.812,0.5426371693611145,0.06523450464010239,9.4,22.0,68.6,0.4535
428500,-0.8,1.1946104764938354,0.07291552424430847,10.0,18.0,72.0,0.4536,-0.772,1.264224648475647,0.09379240870475769,11.4,34.4,54.2,0.4536,-0.792,0.7579934000968933,0.07080957293510437,10.4,28.4,61.2,0.4536,-0.76,0.5418486595153809,0.05163681134581566,12.0,21.4,66.6,0.4536
429000,-0.768,0.6719571352005005,0.1091206967830658,11.6,26.6,61.8,0.4536,-0.768,0.8983187675476074,0.057997915893793106,11.6,27.0,61.4,0.4536,-0.772,0.24828769266605377,0.11015944182872772,11.4,27.4,61.2,0.4536,-0.804,0.9471459984779358,0.08622750639915466,9.8,20.8,69.4,0.4536
429500,-0.772,1.2096576690673828,0.10061648488044739,11.4,19.6,69.0,0.4537,-0.696,0.684622585773468,0.11705313622951508,15.2,23.8,61.0,0.4537,-0.812,0.5324875712394714,0.04416351765394211,9.4,25.6,65.0,0.4537,-0.744,1.2246735095977783,0.0557636059820652,12.8,18.4,68.8,0.4537
430000,-0.736,2.2570838928222656,0.072587750852108,13.2,20.0,66.8,0.4537,-0.808,0.8396627902984619,0.1249973252415657,9.6,22.2,68.2,0.4537,-0.824,0.6115673780441284,0.07605519890785217,8.8,29.0,62.2,0.4537,-0.736,0.7600004076957703,0.07361757755279541,13.2,21.6,65.2,0.4537
430500,-0.736,1.2854100465774536,0.08791676163673401,13.2,20.4,66.4,0.4538,-0.756,1.0498486757278442,0.09465721994638443,12.2,23.0,64.8,0.4538,-0.764,0.40030908584594727,0.1044478788971901,11.8,26.0,62.2,0.4538,-0.776,1.5463464260101318,0.08643226325511932,11.2,21.4,67.4,0.4538
431000,-0.816,1.7498998641967773,0.1029525175690651,9.2,21.8,69.0,0.4539,-0.764,2.5434322357177734,0.08384096622467041,11.8,31.6,56.6,0.4539,-0.816,0.4173392653465271,0.09904153645038605,9.2,25.8,65.0,0.4539,-0.796,0.6724360585212708,0.08294729888439178,10.2,19.8,70.0,0.4539
431500,-0.728,1.6141406297683716,0.12432446330785751,13.6,22.0,64.4,0.4539,-0.756,0.8115619421005249,0.13581350445747375,12.2,27.6,60.2,0.4539,-0.796,0.6663029193878174,0.08804666250944138,10.2,28.2,61.6,0.4539,-0.812,1.9837448596954346,0.1278994083404541,9.4,19.0,71.6,0.4539
432000,-0.756,1.1215708255767822,0.0824282169342041,12.2,21.4,66.4,0.454,-0.708,1.1568843126296997,0.09552468359470367,14.6,24.6,60.8,0.454,-0.776,0.3357154130935669,0.06826663017272949,11.2,28.6,60.2,0.454,-0.78,0.9356338381767273,0.09809336066246033,11.0,21.0,68.0,0.454
432500,-0.716,2.3948183059692383,0.07952937483787537,14.2,20.2,65.6,0.4541,-0.68,0.2475641965866089,0.15556783974170685,16.0,27.6,56.4,0.4541,-0.796,0.33379268646240234,0.06629693508148193,10.2,26.0,63.8,0.4541,-0.784,0.6449069976806641,0.07464534044265747,10.8,17.6,71.6,0.4541
433000,-0.804,0.9171899557113647,0.06614668667316437,9.8,19.0,71.2,0.4541,-0.756,0.7379419207572937,0.1104881763458252,12.2,32.6,55.2,0.4541,-0.8,0.570705771446228,0.06020723283290863,10.0,26.4,63.6,0.4541,-0.756,1.0710943937301636,0.13691943883895874,12.2,16.4,71.4,0.4541
433500,-0.764,3.356862783432007,0.04863195866346359,11.8,25.0,63.2,0.4542,-0.708,0.7028684616088867,0.06432919949293137,14.6,32.2,53.2,0.4542,-0.788,0.6798380017280579,0.1256730705499649,10.6,30.6,58.8,0.4542,-0.788,0.8569886088371277,0.050978850573301315,10.6,16.6,72.8,0.4542
434000,-0.804,0.783692479133606,0.02929513528943062,9.8,18.2,72.0,0.4542,-0.744,1.047049880027771,0.0636214166879654,12.8,23.2,64.0,0.4542,-0.764,0.4239421784877777,0.06698565185070038,11.8,27.2,61.0,0.4542,-0.804,0.5457258820533752,0.07636459171772003,9.8,20.0,70.2,0.4542
434500,-0.752,1.8041107654571533,0.09811024367809296,12.4,20.0,67.6,0.4543,-0.728,1.0088560581207275,0.12504398822784424,13.6,30.4,56.0,0.4543,-0.78,0.8016011714935303,0.06558126211166382,11.0,30.0,59.0,0.4543,-0.772,0.8666303157806396,0.03361308574676514,11.4,19.8,68.8,0.4543
435000,-0.76,1.4130735397338867,0.063067227602005,12.0,19.4,68.6,0.4544,-0.7,0.9617912769317627,0.11142478883266449,15.0,24.4,60.6,0.4544,-0.788,0.3861081004142761,0.06991805881261826,10.6,25.2,64.2,0.4544,-0.816,0.45124226808547974,0.12664446234703064,9.2,21.0,69.8,0.4544
435500,-0.764,0.47016504406929016,0.10455658286809921,11.8,23.4,64.8,0.4544,-0.744,1.8551771640777588,0.13471534848213196,12.8,25.0,62.2,0.4544,-0.776,1.0371730327606201,0.1301100254058838,11.2,29.2,59.6,0.4544,-0.812,0.35236096382141113,0.08111592382192612,9.4,21.4,69.2,0.4544
436000,-0.772,1.5783475637435913,0.11295029520988464,11.4,21.2,67.4,0.4545,-0.732,1.158689022064209,0.0998653918504715,13.4,32.4,54.2,0.4545,-0.78,1.1691510677337646,0.08653400093317032,11.0,22.8,66.2,0.4545,-0.776,0.9559101462364197,0.08409680426120758,11.2,19.2,69.6,0.4545
436500,-0.816,0.7207621335983276,0.07540994882583618,9.2,18.8,72.0,0.4546,-0.68,1.1644864082336426,0.10185111314058304,16.0,27.2,56.8,0.4546,-0.808,0.3068135976791382,0.0483555868268013,9.6,31.2,59.2,0.4546,-0.78,0.7303807735443115,0.1345212161540985,11.0,19.6,69.4,0.4546
437000,-0.796,1.559131145477295,0.07159361243247986,10.2,20.8,69.0,0.4546,-0.716,0.3397434949874878,0.16008532047271729,14.2,26.4,59.4,0.4546,-0.712,0.435062050819397,0.11390890181064606,14.4,29.2,56.4,0.4546,-0.804,0.7814191579818726,0.060864534229040146,9.8,19.0,71.2,0.4546
437500,-0.784,0.3874633312225342,0.06460948288440704,10.8,19.8,69.4,0.4547,-0.784,7.711071014404297,0.10228291153907776,10.8,29.6,59.6,0.4547,-0.776,0.3294340670108795,0.10826084762811661,11.2,33.2,55.6,0.4547,-0.808,0.6962693929672241,0.07173699140548706,9.6,23.0,67.4,0.4547
438000,-0.78,0.48640647530555725,0.10726431757211685,11.0,22.0,67.0,0.4547,-0.772,0.6646461486816406,0.13277006149291992,11.4,30.4,58.2,0.4547,-0.78,0.2991563677787781,0.09046187996864319,11.0,29.0,60.0,0.4547,-0.824,0.7710890769958496,0.14162354171276093,8.8,30.0,61.2,0.4547
438500,-0.796,0.5528196692466736,0.10650251060724258,10.2,25.8,64.0,0.4548,-0.76,3.3630318641662598,0.12687735259532928,12.0,34.0,54.0,0.4548,-0.78,0.38067927956581116,0.13845495879650116,11.0,27.4,61.6,0.4548,-0.82,0.26503390073776245,0.049408894032239914,9.0,33.6,57.4,0.4548
439000,-0.756,2.6761364936828613,0.09027981758117676,12.2,22.4,65.4,0.4549,-0.748,0.7141745090484619,0.07065412402153015,12.6,30.0,57.4,0.4549,-0.796,0.5842435359954834,0.08108902722597122,10.2,31.0,58.8,0.4549,-0.844,0.6193716526031494,0.10757195949554443,7.8,34.0,58.2,0.4549
439500,-0.728,0.7702585458755493,0.0670223981142044,13.6,21.0,65.4,0.4549,-0.672,1.4769357442855835,0.18029381334781647,16.4,28.2,55.4,0.4549,-0.764,0.33893105387687683,0.052394524216651917,11.8,29.4,58.8,0.4549,-0.864,0.6464817523956299,0.15254755318164825,6.8,33.2,60.0,0.4549
440000,-0.772,1.2812721729278564,0.1253650039434433,11.4,22.2,66.4,0.455,-0.696,2.574324607849121,0.09741610288619995,15.2,27.6,57.2,0.455,-0.796,1.589769721031189,0.05939292162656784,10.2,35.8,54.0,0.455,-0.808,0.34865376353263855,0.13133084774017334,9.6,29.6,60.8,0.455
440500,-0.784,1.3578197956085205,0.07302398234605789,10.8,23.8,65.4,0.4551,-0.736,0.8058388829231262,0.08628861606121063,13.2,28.8,58.0,0.4551,-0.74,0.24171605706214905,0.11701476573944092,13.0,29.4,57.6,0.4551,-0.816,0.6099599003791809,0.08990928530693054,9.2,35.6,55.2,0.4551
441000,-0.692,1.256152868270874,0.08927733451128006,15.4,18.2,66.4,0.4551,-0.756,1.10160231590271,0.10798460245132446,12.2,34.4,53.4,0.4551,-0.76,0.8765689134597778,0.08414933830499649,12.0,28.4,59.6,0.4551,-0.82,0.5071392059326172,0.1496298611164093,9.0,35.8,55.2,0.4551
441500,-0.768,3.8852434158325195,0.06358946859836578,11.6,23.6,64.8,0.4552,-0.736,3.5180914402008057,0.05751048028469086,13.2,34.2,52.6,0.4552,-0.784,0.5803741216659546,0.10937608778476715,10.8,27.4,61.8,0.4552,-0.86,0.715411901473999,0.0698109120130539,7.0,34.6,58.4,0.4552
442000,-0.736,0.7765504121780396,0.05684533715248108,13.2,23.2,63.6,0.4552,-0.78,2.774785041809082,0.15772998332977295,11.0,37.2,51.8,0.4552,-0.684,0.44965797662734985,0.12703122198581696,15.8,28.2,56.0,0.4552,-0.84,0.3504645824432373,0.06186016649007797,8.0,33.0,59.0,0.4552
442500,-0.768,0.9874275922775269,0.10464007407426834,11.6,27.8,60.6,0.4553,-0.768,0.38380861282348633,0.08865568041801453,11.6,36.8,51.6,0.4553,-0.824,0.2230726182460785,0.09680666774511337,8.8,28.0,63.2,0.4553,-0.764,0.8721245527267456,0.12809370458126068,11.8,30.8,57.4,0.4553
443000,-0.752,2.045780658721924,0.1250668466091156,12.4,22.2,65.4,0.4554,-0.768,6.320069313049316,0.14979268610477448,11.6,38.2,50.2,0.4554,-0.8,0.5209285020828247,0.05554744601249695,10.0,30.8,59.2,0.4554,-0.804,0.5712957382202148,0.07521161437034607,9.8,30.4,59.8,0.4554
443500,-0.748,2.586561679840088,0.09640365093946457,12.6,23.2,64.2,0.4554,-0.788,0.9225616455078125,0.08973735570907593,10.6,35.0,54.4,0.4554,-0.768,1.5001239776611328,0.08187767118215561,11.6,31.4,57.0,0.4554,-0.784,0.34866994619369507,0.06289540976285934,10.8,28.6,60.6,0.4554
444000,-0.796,1.96599280834198,0.09718383103609085,10.2,23.8,66.0,0.4555,-0.828,0.7105640172958374,0.09854552149772644,8.6,40.2,51.2,0.4555,-0.86,0.5097231864929199,0.08117170631885529,7.0,32.0,61.0,0.4555,-0.824,0.7517367601394653,0.07096995413303375,8.8,35.4,55.8,0.4555
444500,-0.728,1.0374780893325806,0.12712079286575317,13.6,20.8,65.6,0.4556,-0.788,0.6808393597602844,0.08271952718496323,10.6,39.2,50.2,0.4556,-0.76,0.6057741641998291,0.0656200498342514,12.0,27.0,61.0,0.4556,-0.832,0.797821044921875,0.08750039339065552,8.4,31.6,60.0,0.4556
445000,-0.776,1.2269983291625977,0.06672079861164093,11.2,22.6,66.2,0.4556,-0.792,3.4112017154693604,0.06226982921361923,10.4,38.8,50.8,0.4556,-0.804,0.8121278882026672,0.13599488139152527,9.8,33.2,57.0,0.4556,-0.836,0.35559365153312683,0.12039316445589066,8.2,29.4,62.4,0.4556
445500,-0.76,0.7810572385787964,0.12113381177186966,12.0,24.2,63.8,0.4557,-0.788,0.760084331035614,0.12710131704807281,10.6,38.4,51.0,0.4557,-0.824,0.29538825154304504,0.06335003674030304,8.8,32.6,58.6,0.4557,-0.84,1.0945124626159668,0.06396881490945816,8.0,34.2,57.8,0.4557
446000,-0.748,1.261555790901184,0.052955783903598785,12.6,22.0,65.4,0.4557,-0.844,0.6858808994293213,0.15128262341022491,7.8,45.8,46.4,0.4557,-0.732,0.5006645917892456,0.1600482314825058,13.4,27.8,58.8,0.4557,-0.772,0.9585780501365662,0.11145776510238647,11.4,28.6,60.0,0.4557
446500,-0.772,2.035214424133301,0.07365597784519196,11.4,22.0,66.6,0.4558,-0.808,1.267479658126831,0.08189328014850616,9.6,39.8,50.6,0.4558,-0.804,0.33610033988952637,0.11334317922592163,9.8,33.2,57.0,0.4558,-0.808,0.6500535011291504,0.07468712329864502,9.6,32.2,58.2,0.4558
447000,-0.748,1.5889970064163208,0.0686798095703125,12.6,24.4,63.0,0.4559,-0.808,2.173081398010254,0.08221276104450226,9.6,38.2,52.2,0.4559,-0.788,0.8407164812088013,0.08160561323165894,10.6,32.0,57.4,0.4559,-0.812,0.9672314524650574,0.11583647131919861,9.4,32.6,58.0,0.4559
447500,-0.76,1.4469634294509888,0.07328422367572784,12.0,20.8,67.2,0.4559,-0.72,3.985625982284546,0.1402132362127304,14.0,38.4,47.6,0.4559,-0.768,0.8797521591186523,0.0708429291844368,11.6,30.0,58.4,0.4559,-0.808,0.7241607904434204,0.0514344647526741,9.6,30.0,60.4,0.4559
448000,-0.752,1.9449124336242676,0.09499147534370422,12.4,20.0,67.6,0.456,-0.736,0.6229776740074158,0.11056601256132126,13.2,41.0,45.8,0.456,-0.8,0.6151977777481079,0.04328041896224022,10.0,35.0,55.0,0.456,-0.812,0.8998968601226807,0.08298151195049286,9.4,33.0,57.6,0.456
448500,-0.784,3.245239496231079,0.05829625204205513,10.8,21.2,68.0,0.4561,-0.812,1.4211970567703247,0.0839066207408905,9.4,42.8,47.8,0.4561,-0.824,0.31660646200180054,0.07741183042526245,8.8,33.2,58.0,0.4561,-0.808,0.6201475262641907,0.08488483726978302,9.6,32.4,58.0,0.4561
449000,-0.708,1.779421329498291,0.16257528960704803,14.6,20.2,65.2,0.4561,-0.776,0.5189858078956604,0.1357511281967163,11.2,40.2,48.6,0.4561,-0.796,1.0169041156768799,0.14432701468467712,10.2,30.2,59.6,0.4561,-0.772,0.4248449504375458,0.07853469252586365,11.4,34.2,54.4,0.4561
449500,-0.8,1.5172871351242065,0.0951043888926506,10.0,20.2,69.8,0.4562,-0.756,0.41644299030303955,0.12508809566497803,12.2,42.8,45.0,0.4562,-0.772,0.3729134798049927,0.13418006896972656,11.4,29.8,58.8,0.4562,-0.784,0.9414604306221008,0.08163921535015106,10.8,27.0,62.2,0.4562
450000,-0.804,0.8629183769226074,0.0873420462012291,9.8,22.0,68.2,0.4562,-0.78,1.582876443862915,0.10532721132040024,11.0,41.6,47.4,0.4562,-0.744,0.9300216436386108,0.10700865089893341,12.8,27.2,60.0,0.4562,-0.804,0.5279670357704163,0.07509297877550125,9.8,31.2,59.0,0.4562
450500,-0.772,0.8716748952865601,0.10309241712093353,11.4,20.2,68.4,0.4563,-0.808,1.1731927394866943,0.10021095722913742,9.6,41.4,49.0,0.4563,-0.72,0.6914236545562744,0.08728203177452087,14.0,27.8,58.2,0.4563,-0.776,0.5270341634750366,0.08429643511772156,11.2,26.4,62.4,0.4563
451000,-0.736,1.1945964097976685,0.07566650956869125,13.2,22.4,64.4,0.4564,-0.78,1.1615811586380005,0.1436566263437271,11.0,38.4,50.6,0.4564,-0.756,0.2694880962371826,0.0722404345870018,12.2,27.6,60.2,0.4564,-0.776,1.1975016593933105,0.06706250458955765,11.2,28.2,60.6,0.4564
451500,-0.772,1.8085131645202637,0.1215834766626358,11.4,19.2,69.4,0.4564,-0.716,0.7096912264823914,0.1435246467590332,14.2,34.8,51.0,0.4564,-0.812,0.42923682928085327,0.09555377066135406,9.4,32.4,58.2,0.4564,-0.844,1.0495796203613281,0.07626274973154068,7.8,29.6,62.6,0.4564
452000,-0.684,1.1261813640594482,0.09952814877033234,15.8,18.4,65.8,0.4565,-0.828,1.302380919456482,0.06890612840652466,8.6,37.6,53.8,0.4565,-0.78,0.6062137484550476,0.10145799070596695,11.0,32.6,56.4,0.4565,-0.828,0.8540964722633362,0.13283057510852814,8.6,24.0,67.4,0.4565
452500,-0.768,1.9766523838043213,0.07023534178733826,11.6,17.6,70.8,0.4566,-0.824,0.5492153763771057,0.11416997760534286,8.8,42.8,48.4,0.4566,-0.768,0.7790043950080872,0.07839229702949524,11.6,33.8,54.6,0.4566,-0.8,0.23553860187530518,0.08816458284854889,10.0,26.4,63.6,0.4566
453000,-0.704,1.6015443801879883,0.059932492673397064,14.8,20.8,64.4,0.4566,-0.764,1.7404515743255615,0.13966727256774902,11.8,41.0,47.2,0.4566,-0.744,1.339382529258728,0.0457310825586319,12.8,26.0,61.2,0.4566,-0.82,1.5157835483551025,0.06899593770503998,9.0,30.6,60.4,0.4566
453500,-0.78,2.2797818183898926,0.08746683597564697,11.0,20.6,68.4,0.4567,-0.792,0.904258131980896,0.07748570293188095,10.4,36.0,53.6,0.4567,-0.76,0.42478421330451965,0.0681583508849144,12.0,29.6,58.4,0.4567,-0.768,0.8666418790817261,0.06074021756649017,11.6,27.4,61.0,0.4567
454000,-0.78,0.7379612922668457,0.08254989236593246,11.0,19.2,69.8,0.4567,-0.792,4.915722370147705,0.10746900737285614,10.4,36.2,53.4,0.4567,-0.76,0.3483768105506897,0.07439106702804565,12.0,30.4,57.6,0.4567,-0.8,0.8294509649276733,0.147234246134758,10.0,23.2,66.8,0.4567
454500,-0.74,2.976841926574707,0.06488185375928879,13.0,24.6,62.4,0.4568,-0.696,1.6930010318756104,0.1063849925994873,15.2,31.2,53.6,0.4568,-0.764,0.7276276350021362,0.1018054187297821,11.8,30.0,58.2,0.4568,-0.804,0.2353058010339737,0.04258979856967926,9.8,28.0,62.2,0.4568
455000,-0.72,0.7091564536094666,0.08149565756320953,14.0,18.6,67.4,0.4569,-0.796,1.5114744901657104,0.1077483519911766,10.2,38.8,51.0,0.4569,-0.748,0.7058448791503906,0.10047699511051178,12.6,32.4,55.0,0.4569,-0.764,0.5165966749191284,0.04776109755039215,11.8,25.2,63.0,0.4569
455500,-0.704,2.8870668411254883,0.06043965741991997,14.8,20.0,65.2,0.4569,-0.776,0.7824633121490479,0.12148428708314896,11.2,33.0,55.8,0.4569,-0.716,0.6327741146087646,0.11589507758617401,14.2,28.4,57.4,0.4569,-0.772,0.44599443674087524,0.11079511791467667,11.4,28.0,60.6,0.4569
456000,-0.748,1.215559959411621,0.12368456274271011,12.6,20.2,67.2,0.457,-0.74,3.2371020317077637,0.15288329124450684,13.0,34.8,52.2,0.457,-0.76,0.5910876989364624,0.1142890453338623,12.0,26.4,61.6,0.457,-0.808,0.6674319505691528,0.11317962408065796,9.6,23.6,66.8,0.457
456500,-0.8,1.2246946096420288,0.11581051349639893,10.0,20.2,69.8,0.4571,-0.76,0.613224983215332,0.06859885156154633,12.0,35.2,52.8,0.4571,-0.736,1.1431307792663574,0.08212137222290039,13.2,28.6,58.2,0.4571,-0.776,0.6548210382461548,0.05035479739308357,11.2,24.2,64.6,0.4571
457000,-0.816,0.3562135100364685,0.08624524623155594,9.2,19.8,71.0,0.4571,-0.772,1.2938945293426514,0.08638520538806915,11.4,38.8,49.8,0.4571,-0.792,0.45105063915252686,0.09860441088676453,10.4,29.0,60.6,0.4571,-0.864,0.2782538831233978,0.056351423263549805,6.8,23.8,69.4,0.4571
457500,-0.788,1.1472219228744507,0.09808789938688278,10.6,20.6,68.8,0.4572,-0.736,0.954837441444397,0.12469147890806198,13.2,38.2,48.6,0.4572,-0.76,0.471221923828125,0.07541310787200928,12.0,25.2,62.8,0.4572,-0.744,0.8145729899406433,0.11145313084125519,12.8,21.6,65.6,0.4572
458000,-0.716,0.5478460788726807,0.056665897369384766,14.2,18.4,67.4,0.4572,-0.772,0.6350109577178955,0.06078489124774933,11.4,40.0,48.6,0.4572,-0.812,0.20756521821022034,0.08150613307952881,9.4,32.0,58.6,0.4572,-0.72,0.7305209636688232,0.09603258967399597,14.0,18.6,67.4,0.4572
458500,-0.78,0.5495941638946533,0.07306447625160217,11.0,19.2,69.8,0.4573,-0.776,0.9653920531272888,0.07660183310508728,11.2,36.4,52.4,0.4573,-0.772,1.4016916751861572,0.14396902918815613,11.4,33.4,55.2,0.4573,-0.824,1.0274890661239624,0.09292417019605637,8.8,21.8,69.4,0.4573
459000,-0.72,1.3619378805160522,0.15501925349235535,14.0,19.6,66.4,0.4574,-0.72,0.49314484000205994,0.13433615863323212,14.0,29.8,56.2,0.4574,-0.744,0.9611822962760925,0.13418684899806976,12.8,24.8,62.4,0.4574,-0.812,0.6594666242599487,0.12910142540931702,9.4,25.0,65.6,0.4574
459500,-0.728,1.651626706123352,0.07740433514118195,13.6,22.6,63.8,0.4574,-0.692,2.5259554386138916,0.1183793917298317,15.4,30.8,53.8,0.4574,-0.812,0.5409519672393799,0.06818544119596481,9.4,26.2,64.4,0.4574,-0.804,0.4557652771472931,0.16326221823692322,9.8,22.4,67.8,0.4574
460000,-0.808,2.483023166656494,0.09073686599731445,9.6,21.6,68.8,0.4575,-0.756,5.0733232498168945,0.16905087232589722,12.2,31.6,56.2,0.4575,-0.756,0.5702342987060547,0.08532615751028061,12.2,27.2,60.6,0.4575,-0.792,1.4205290079116821,0.13155978918075562,10.4,22.4,67.2,0.4575
460500,-0.752,1.1118263006210327,0.06861566007137299,12.4,20.8,66.8,0.4576,-0.676,0.6901167035102844,0.06436412036418915,16.2,26.4,57.4,0.4576,-0.78,1.1863982677459717,0.034882932901382446,11.0,30.0,59.0,0.4576,-0.764,0.3446919620037079,0.06530360877513885,11.8,21.2,67.0,0.4576
461000,-0.732,0.8827381134033203,0.0786345973610878,13.4,20.4,66.2,0.4576,-0.772,1.2573959827423096,0.07807125151157379,11.4,33.2,55.4,0.4576,-0.78,1.3768115043640137,0.09558258950710297,11.0,29.8,59.2,0.4576,-0.788,0.40323489904403687,0.059427227824926376,10.6,19.6,69.8,0.4576
461500,-0.728,2.0790457725524902,0.06903886795043945,13.6,23.4,63.0,0.4577,-0.76,0.4637708067893982,0.11015508323907852,12.0,30.6,57.4,0.4577,-0.756,0.6834514141082764,0.09592137485742569,12.2,28.4,59.4,0.4577,-0.788,0.4354570806026459,0.07127684354782104,10.6,21.8,67.6,0.4577
462000,-0.792,0.9859720468521118,0.046415071934461594,10.4,20.2,69.4,0.4577,-0.752,4.221177101135254,0.09721820056438446,12.4,30.0,57.6,0.4577,-0.768,0.4701079726219177,0.11383405327796936,11.6,27.8,60.6,0.4577,-0.7,0.6823731660842896,0.06107426434755325,15.0,18.8,66.2,0.4577
462500,-0.704,1.0892499685287476,0.05604731664061546,14.8,19.4,65.8,0.4578,-0.748,2.5554404258728027,0.06475633382797241,12.6,36.0,51.4,0.4578,-0.764,0.9824596047401428,0.08459004759788513,11.8,29.2,59.0,0.4578,-0.796,0.4777974784374237,0.07163582742214203,10.2,22.4,67.4,0.4578
463000,-0.748,1.3041470050811768,0.06335446238517761,12.6,18.6,68.8,0.4579,-0.752,3.815258741378784,0.10540718585252762,12.4,30.8,56.8,0.4579,-0.764,0.5188157558441162,0.06632499396800995,11.8,27.0,61.2,0.4579,-0.72,0.9173545837402344,0.08543289452791214,14.0,20.6,65.4,0.4579
463500,-0.748,0.7765905857086182,0.0838441476225853,12.6,19.4,68.0,0.4579,-0.796,0.6656894683837891,0.09657461196184158,10.2,33.0,56.8,0.4579,-0.792,0.5605428814888,0.09022672474384308,10.4,26.4,63.2,0.4579,-0.74,0.8470286130905151,0.12218835949897766,13.0,19.8,67.2,0.4579
464000,-0.728,1.2882835865020752,0.038336608558893204,13.6,20.4,66.0,0.458,-0.768,1.8152052164077759,0.07869334518909454,11.6,29.2,59.2,0.458,-0.792,1.3051252365112305,0.03951197862625122,10.4,33.2,56.4,0.458,-0.772,0.502658486366272,0.07948176562786102,11.4,21.0,67.6,0.458
464500,-0.748,0.5645169615745544,0.052764423191547394,12.6,21.2,66.2,0.4581,-0.744,1.6302707195281982,0.07469955831766129,12.8,33.6,53.6,0.4581,-0.752,0.5606322884559631,0.08034707605838776,12.4,26.2,61.4,0.4581,-0.728,0.39413657784461975,0.05476273596286774,13.6,20.4,66.0,0.4581
465000,-0.76,0.8368856906890869,0.10323444753885269,12.0,21.6,66.4,0.4581,-0.732,0.8822787404060364,0.06520633399486542,13.4,29.4,57.2,0.4581,-0.768,0.712131142616272,0.0534740649163723,11.6,27.0,61.4,0.4581,-0.78,0.7759323120117188,0.06052380055189133,11.0,24.2,64.8,0.4581
465500,-0.756,0.5575941801071167,0.10414732247591019,12.2,20.2,67.6,0.4582,-0.756,1.488839864730835,0.052779845893383026,12.2,32.0,55.8,0.4582,-0.756,0.6019383668899536,0.12334442883729935,12.2,25.6,62.2,0.4582,-0.76,0.23853901028633118,0.09256958216428757,12.0,20.6,67.4,0.4582
466000,-0.756,1.6504241228103638,0.08057604730129242,12.2,18.0,69.8,0.4582,-0.724,0.5850287675857544,0.0676564872264862,13.8,29.6,56.6,0.4582,-0.74,0.8796568512916565,0.08668814599514008,13.0,28.2,58.8,0.4582,-0.74,0.7682942748069763,0.04093071073293686,13.0,18.0,69.0,0.4582
466500,-0.768,0.7565561532974243,0.06085149198770523,11.6,18.6,69.8,0.4583,-0.752,0.6468093991279602,0.05308719724416733,12.4,30.2,57.4,0.4583,-0.756,0.6545991897583008,0.09909425675868988,12.2,26.2,61.6,0.4583,-0.824,0.8456297516822815,0.058110691606998444,8.8,20.2,71.0,0.4583
467000,-0.756,0.7661879062652588,0.07295862585306168,12.2,18.6,69.2,0.4584,-0.74,2.8510358333587646,0.0903218686580658,13.0,28.8,58.2,0.4584,-0.804,1.140225887298584,0.0652005597949028,9.8,27.0,63.2,0.4584,-0.82,0.7053260803222656,0.06518919765949249,9.0,21.4,69.6,0.4584
467500,-0.752,0.8993324041366577,0.2265327423810959,12.4,17.8,69.8,0.4584,-0.724,1.394449234008789,0.18056756258010864,13.8,31.6,54.6,0.4584,-0.792,1.040724277496338,0.09470484405755997,10.4,29.0,60.6,0.4584,-0.728,0.9654526114463806,0.06622186303138733,13.6,18.4,68.0,0.4584
468000,-0.78,1.254884123802185,0.08368230611085892,11.0,18.2,70.8,0.4585,-0.756,0.5037071704864502,0.11137362569570541,12.2,29.8,58.0,0.4585,-0.788,0.3504111170768738,0.055598270148038864,10.6,27.6,61.8,0.4585,-0.752,0.6164008378982544,0.05849822610616684,12.4,24.0,63.6,0.4585
468500,-0.748,1.2784473896026611,0.10116904973983765,12.6,18.2,69.2,0.4586,-0.752,0.9116576910018921,0.11400990188121796,12.4,30.4,57.2,0.4586,-0.776,0.265788733959198,0.06779289245605469,11.2,26.8,62.0,0.4586,-0.736,0.7587701678276062,0.09359210729598999,13.2,20.8,66.0,0.4586
469000,-0.76,3.9089951515197754,0.07101207971572876,12.0,20.4,67.6,0.4586,-0.728,0.4883243143558502,0.11306130886077881,13.6,28.4,58.0,0.4586,-0.772,0.435800164937973,0.07564616203308105,11.4,25.2,63.4,0.4586,-0.784,0.5937331318855286,0.09959524869918823,10.8,19.4,69.8,0.4586
469500,-0.752,1.3293848037719727,0.12244457006454468,12.4,18.4,69.2,0.4587,-0.708,0.7682976126670837,0.176044762134552,14.6,29.2,56.2,0.4587,-0.692,0.3873760998249054,0.12208815664052963,15.4,27.8,56.8,0.4587,-0.788,0.5876113176345825,0.11076831817626953,10.6,19.0,70.4,0.4587
470000,-0.796,0.36832308769226074,0.08225411921739578,10.2,17.8,72.0,0.4587,-0.712,1.3369539976119995,0.11452540755271912,14.4,33.2,52.4,0.4587,-0.752,0.4633897840976715,0.08403939008712769,12.4,26.4,61.2,0.4587,-0.816,0.391126811504364,0.06843973696231842,9.2,21.2,69.6,0.4587
470500,-0.808,0.48085325956344604,0.07252827286720276,9.6,20.8,69.6,0.4588,-0.76,0.9377858638763428,0.09113895893096924,12.0,33.8,54.2,0.4588,-0.792,0.38732773065567017,0.05510014295578003,10.4,32.0,57.6,0.4588,-0.768,0.6050074100494385,0.04955710843205452,11.6,21.0,67.4,0.4588
471000,-0.776,1.2137353420257568,0.09369038790464401,11.2,16.8,72.0,0.4589,-0.784,0.6536717414855957,0.13148654997348785,10.8,38.2,51.0,0.4589,-0.78,0.366301953792572,0.11766234040260315,11.0,28.4,60.6,0.4589,-0.776,0.37436819076538086,0.03705762326717377,11.2,22.0,66.8,0.4589
471500,-0.74,1.0670032501220703,0.11169866472482681,13.0,20.0,67.0,0.4589,-0.772,2.0168509483337402,0.13422729074954987,11.4,32.0,56.6,0.4589,-0.724,1.173021674156189,0.1046876311302185,13.8,27.6,58.6,0.4589,-0.804,0.9632325172424316,0.058961234986782074,9.8,21.4,68.8,0.4589
472000,-0.716,1.5948758125305176,0.09490768611431122,14.2,19.6,66.2,0.459,-0.756,0.301521360874176,0.10730117559432983,12.2,37.0,50.8,0.459,-0.776,0.34688156843185425,0.05100838467478752,11.2,27.2,61.6,0.459,-0.772,0.4664169251918793,0.0512857548892498,11.4,23.0,65.6,0.459
472500,-0.768,0.7495043277740479,0.04517984390258789,11.6,16.6,71.8,0.4591,-0.704,0.45787888765335083,0.06138128787279129,14.8,33.4,51.8,0.4591,-0.78,0.7126882076263428,0.06825855374336243,11.0,26.6,62.4,0.4591,-0.784,0.5660585165023804,0.1070551723241806,10.8,22.4,66.8,0.4591
473000,-0.784,1.471411108970642,0.04528983309864998,10.8,16.6,72.6,0.4591,-0.724,1.1748026609420776,0.09772525727748871,13.8,29.2,57.0,0.4591,-0.752,0.5202215909957886,0.05672883614897728,12.4,28.2,59.4,0.4591,-0.768,0.23606844246387482,0.061533890664577484,11.6,22.2,66.2,0.4591
473500,-0.82,1.633552074432373,0.07752849906682968,9.0,22.4,68.6,0.4592,-0.684,2.2165050506591797,0.13716796040534973,15.8,32.0,52.2,0.4592,-0.804,0.7383831739425659,0.05833597481250763,9.8,25.6,64.6,0.4592,-0.788,0.5609638690948486,0.18842408061027527,10.6,19.4,70.0,0.4592
474000,-0.696,2.0641419887542725,0.0797472670674324,15.2,19.0,65.8,0.4592,-0.832,0.5667064189910889,0.10086929798126221,8.4,42.2,49.4,0.4592,-0.752,0.6140645742416382,0.0884876400232315,12.4,26.0,61.6,0.4592,-0.732,0.4371841549873352,0.027664611116051674,13.4,18.0,68.6,0.4592
474500,-0.756,1.773785948753357,0.11534258723258972,12.2,17.4,70.4,0.4593,-0.744,0.9330083131790161,0.12803107500076294,12.8,32.2,55.0,0.4593,-0.772,0.6184415817260742,0.0410923957824707,11.4,25.4,63.2,0.4593,-0.804,0.5069130063056946,0.07357555627822876,9.8,17.6,72.6,0.4593
475000,-0.752,0.6500740051269531,0.16043828427791595,12.4,18.4,69.2,0.4594,-0.7,0.7035341262817383,0.08270283043384552,15.0,28.8,56.2,0.4594,-0.732,0.524042010307312,0.07375995814800262,13.4,27.2,59.4,0.4594,-0.792,0.4498310685157776,0.1000070571899414,10.4,21.0,68.6,0.4594
475500,-0.78,0.5845051407814026,0.04611574858427048,11.0,22.8,66.2,0.4594,-0.744,0.6563733220100403,0.11396476626396179,12.8,36.0,51.2,0.4594,-0.736,0.545282781124115,0.13902787864208221,13.2,30.0,56.8,0.4594,-0.716,0.5856285095214844,0.05129758641123772,14.2,22.6,63.2,0.4594
476000,-0.752,2.4331443309783936,0.08090284466743469,12.4,20.8,66.8,0.4595,-0.76,0.5395054817199707,0.12510371208190918,12.0,37.4,50.6,0.4595,-0.752,1.4860172271728516,0.13711071014404297,12.4,27.2,60.4,0.4595,-0.752,0.5591831207275391,0.07052842527627945,12.4,19.8,67.8,0.4595
476500,-0.752,0.8002340197563171,0.07378298044204712,12.4,23.6,64.0,0.4596,-0.768,0.394504189491272,0.12692207098007202,11.6,35.0,53.4,0.4596,-0.752,0.5931494832038879,0.0583462119102478,12.4,31.2,56.4,0.4596,-0.736,0.38677769899368286,0.06160161644220352,13.2,19.4,67.4,0.4596
477000,-0.748,2.1428425312042236,0.07292123138904572,12.6,18.6,68.8,0.4596,-0.768,2.630758762359619,0.11188753694295883,11.6,32.8,55.6,0.4596,-0.776,0.6745843887329102,0.09507085382938385,11.2,28.0,60.8,0.4596,-0.804,0.5331220030784607,0.04660056158900261,9.8,23.4,66.8,0.4596
477500,-0.812,2.2965283393859863,0.09655497968196869,9.4,21.4,69.2,0.4597,-0.712,0.64360511302948,0.13049499690532684,14.4,35.2,50.4,0.4597,-0.748,0.4895923137664795,0.10898108035326004,12.6,28.4,59.0,0.4597,-0.82,0.5886523723602295,0.05279688164591789,9.0,24.2,66.8,0.4597
478000,-0.756,0.628780722618103,0.11339577287435532,12.2,22.2,65.6,0.4597,-0.72,1.0090469121932983,0.074417345225811,14.0,29.6,56.4,0.4597,-0.732,1.9353922605514526,0.05631666257977486,13.4,27.2,59.4,0.4597,-0.748,0.5252807140350342,0.0685538798570633,12.6,22.2,65.2,0.4597
478500,-0.736,0.4577787220478058,0.10530678927898407,13.2,21.6,65.2,0.4598,-0.732,0.7195739150047302,0.12310054153203964,13.4,34.6,52.0,0.4598,-0.808,0.7453891038894653,0.1118699163198471,9.6,28.8,61.6,0.4598,-0.796,0.4478342831134796,0.061099328100681305,10.2,20.2,69.6,0.4598
479000,-0.756,0.6580438613891602,0.10781918466091156,12.2,24.0,63.8,0.4599,-0.78,0.954004168510437,0.08103815466165543,11.0,28.0,61.0,0.4599,-0.748,0.4715612232685089,0.14339087903499603,12.6,23.8,63.6,0.4599,-0.808,0.38471871614456177,0.04930346831679344,9.6,21.2,69.2,0.4599
479500,-0.764,0.3533726930618286,0.08865967392921448,11.8,23.8,64.4,0.4599,-0.808,1.100498080253601,0.08666979521512985,9.6,39.4,51.0,0.4599,-0.692,1.7199915647506714,0.13038846850395203,15.4,24.2,60.4,0.4599,-0.772,0.7118526697158813,0.07020093500614166,11.4,24.8,63.8,0.4599
480000,-0.748,0.7883182764053345,0.1359664499759674,12.6,20.0,67.4,0.46,-0.732,2.494014263153076,0.07525081932544708,13.4,38.4,48.2,0.46,-0.736,0.5506842136383057,0.0677015632390976,13.2,27.4,59.4,0.46,-0.816,0.5495177507400513,0.06566727161407471,9.2,18.6,72.2,0.46
480500,-0.732,0.6307098865509033,0.08854775875806808,13.4,18.2,68.4,0.4601,-0.748,1.9673998355865479,0.09844562411308289,12.6,38.8,48.6,0.4601,-0.752,0.43343445658683777,0.08824525773525238,12.4,28.2,59.4,0.4601,-0.82,0.43810492753982544,0.03341703489422798,9.0,18.4,72.6,0.4601
481000,-0.732,1.5491892099380493,0.07020199298858643,13.4,17.6,69.0,0.4601,-0.748,0.39597395062446594,0.09700770676136017,12.6,34.6,52.8,0.4601,-0.752,0.9770249724388123,0.09603975713253021,12.4,25.6,62.0,0.4601,-0.808,0.8867396116256714,0.19635280966758728,9.6,21.6,68.8,0.4601
481500,-0.768,0.4261535406112671,0.06632694602012634,11.6,20.6,67.8,0.4602,-0.752,3.4828732013702393,0.10128612071275711,12.4,34.2,53.4,0.4602,-0.744,0.8177326917648315,0.04355521500110626,12.8,30.4,56.8,0.4602,-0.828,1.772132158279419,0.04097004979848862,8.6,18.6,72.8,0.4602
482000,-0.764,1.9650259017944336,0.13221009075641632,11.8,19.4,68.8,0.4602,-0.696,0.7582299709320068,0.09593120217323303,15.2,31.4,53.4,0.4602,-0.712,1.742881417274475,0.08675076067447662,14.4,23.2,62.4,0.4602,-0.784,0.3518945574760437,0.0637623518705368,10.8,19.8,69.4,0.4602
482500,-0.808,0.9406297206878662,0.059350479394197464,9.6,19.8,70.6,0.4603,-0.7,2.175496816635132,0.12064559012651443,15.0,24.6,60.4,0.4603,-0.772,0.5850803852081299,0.07063627243041992,11.4,24.8,63.8,0.4603,-0.768,0.3311958909034729,0.05469635874032974,11.6,19.4,69.0,0.4603
483000,-0.748,1.4806724786758423,0.09418326616287231,12.6,17.6,69.8,0.4604,-0.784,0.4523763954639435,0.10919062793254852,10.8,35.6,53.6,0.4604,-0.704,0.723906934261322,0.06149432063102722,14.8,23.2,62.0,0.4604,-0.824,0.5256199836730957,0.056824080646038055,8.8,20.4,70.8,0.4604
483500,-0.86,2.6045145988464355,0.14655369520187378,7.0,17.2,75.8,0.4604,-0.732,0.6411772966384888,0.09758244454860687,13.4,30.2,56.4,0.4604,-0.728,0.3741593360900879,0.1160130575299263,13.6,23.0,63.4,0.4604,-0.816,0.30623796582221985,0.08800540864467621,9.2,21.2,69.6,0.4604
484000,-0.792,2.152238607406616,0.11341303586959839,10.4,18.8,70.8,0.4605,-0.768,1.427127480506897,0.12533628940582275,11.6,32.0,56.4,0.4605,-0.744,1.18515944480896,0.0979766696691513,12.8,22.2,65.0,0.4605,-0.788,0.5900856852531433,0.05287577956914902,10.6,21.0,68.4,0.4605
484500,-0.728,0.6753499507904053,0.06459449231624603,13.6,17.0,69.4,0.4606,-0.772,5.7263712882995605,0.10455702990293503,11.4,32.0,56.6,0.4606,-0.784,0.7622412443161011,0.09320077300071716,10.8,27.2,62.0,0.4606,-0.792,0.7988617420196533,0.09718649089336395,10.4,21.8,67.8,0.4606
485000,-0.736,0.9767706394195557,0.09955988079309464,13.2,20.6,66.2,0.4606,-0.708,1.0079917907714844,0.0998803973197937,14.6,30.0,55.4,0.4606,-0.772,1.0438477993011475,0.0711514800786972,11.4,23.2,65.4,0.4606,-0.824,0.5856916904449463,0.06369373947381973,8.8,24.0,67.2,0.4606
485500,-0.792,0.8046541810035706,0.08644048124551773,10.4,25.0,64.6,0.4607,-0.772,0.549283504486084,0.11194801330566406,11.4,35.0,53.6,0.4607,-0.696,1.1661436557769775,0.09237122535705566,15.2,25.6,59.2,0.4607,-0.784,1.1662802696228027,0.05496220290660858,10.8,21.8,67.4,0.4607
486000,-0.788,0.7869192361831665,0.061695680022239685,10.6,20.2,69.2,0.4607,-0.776,3.338940382003784,0.11628937721252441,11.2,39.0,49.8,0.4607,-0.732,0.8311013579368591,0.12340089678764343,13.4,22.0,64.6,0.4607,-0.776,0.3398425579071045,0.043312959372997284,11.2,21.4,67.4,0.4607
486500,-0.78,0.5530964732170105,0.07056063413619995,11.0,23.4,65.6,0.4608,-0.712,1.358412265777588,0.1548464000225067,14.4,36.0,49.6,0.4608,-0.708,0.5948303937911987,0.10441143810749054,14.6,27.0,58.4,0.4608,-0.772,0.6591490507125854,0.08671613782644272,11.4,21.6,67.0,0.4608
487000,-0.744,1.660865068435669,0.09213145822286606,12.8,25.6,61.6,0.4609,-0.772,0.533510148525238,0.07977165281772614,11.4,40.2,48.4,0.4609,-0.772,0.8070735931396484,0.09405089914798737,11.4,24.0,64.6,0.4609,-0.8,1.0040583610534668,0.08330348134040833,10.0,24.4,65.6,0.4609
487500,-0.76,0.8728231191635132,0.070345938205719,12.0,18.4,69.6,0.4609,-0.772,1.6040714979171753,0.08323220908641815,11.4,39.4,49.2,0.4609,-0.788,1.3168904781341553,0.0636574774980545,10.6,30.0,59.4,0.4609,-0.74,0.7575627565383911,0.07632559537887573,13.0,18.0,69.0,0.4609
488000,-0.796,2.0727357864379883,0.03803040832281113,10.2,16.2,73.6,0.461,-0.724,0.5797535181045532,0.07491321116685867,13.8,31.2,55.0,0.461,-0.74,0.691120445728302,0.10276885330677032,13.0,28.0,59.0,0.461,-0.812,0.7242834568023682,0.08405141532421112,9.4,20.2,70.4,0.461
488500,-0.756,0.8497151136398315,0.06835152953863144,12.2,17.6,70.2,0.4611,-0.752,1.100393295288086,0.11754812300205231,12.4,32.4,55.2,0.4611,-0.76,0.7704567313194275,0.11079531908035278,12.0,25.0,63.0,0.4611,-0.792,1.6883643865585327,0.08525483310222626,10.4,23.0,66.6,0.4611
489000,-0.764,1.1717731952667236,0.06859806925058365,11.8,18.4,69.8,0.4611,-0.74,1.4566541910171509,0.11953400075435638,13.0,29.2,57.8,0.4611,-0.736,1.7761881351470947,0.14060521125793457,13.2,25.4,61.4,0.4611,-0.78,0.6597526669502258,0.06960023939609528,11.0,20.2,68.8,0.4611
489500,-0.72,1.1812832355499268,0.07315453886985779,14.0,16.8,69.2,0.4612,-0.744,7.821022987365723,0.0872284471988678,12.8,33.4,53.8,0.4612,-0.764,1.2295823097229004,0.08878104388713837,11.8,26.0,62.2,0.4612,-0.86,0.7892885208129883,0.09421037137508392,7.0,21.4,71.6,0.4612
490000,-0.776,1.3472836017608643,0.06452028453350067,11.2,18.0,70.8,0.4612,-0.824,1.1584593057632446,0.08347196877002716,8.8,36.2,55.0,0.4612,-0.748,0.5726506114006042,0.05109443888068199,12.6,25.4,62.0,0.4612,-0.728,0.608767032623291,0.09527714550495148,13.6,17.4,69.0,0.4612
490500,-0.772,0.6853928565979004,0.1420363038778305,11.4,19.6,69.0,0.4613,-0.736,1.1442101001739502,0.0991239845752716,13.2,35.0,51.8,0.4613,-0.756,0.9653354287147522,0.06496081501245499,12.2,25.6,62.2,0.4613,-0.8,0.9229299426078796,0.04414067417383194,10.0,20.4,69.6,0.4613
491000,-0.732,0.490439236164093,0.06009270250797272,13.4,20.0,66.6,0.4614,-0.748,0.9626684188842773,0.1155826598405838,12.6,30.0,57.4,0.4614,-0.752,0.5488064885139465,0.058652155101299286,12.4,29.2,58.4,0.4614,-0.752,0.9945837259292603,0.07466553896665573,12.4,21.2,66.4,0.4614
491500,-0.756,1.1586722135543823,0.04933817684650421,12.2,19.2,68.6,0.4614,-0.78,1.3769572973251343,0.05773637071251869,11.0,36.8,52.2,0.4614,-0.74,0.5535027384757996,0.12091350555419922,13.0,25.0,62.0,0.4614,-0.752,0.40615737438201904,0.0343436673283577,12.4,18.8,68.8,0.4614
492000,-0.796,0.7589084506034851,0.06760699301958084,10.2,19.0,70.8,0.4615,-0.704,1.8408372402191162,0.059915076941251755,14.8,29.8,55.4,0.4615,-0.788,0.5554367303848267,0.09642307460308075,10.6,24.4,65.0,0.4615,-0.788,1.5545949935913086,0.06680417060852051,10.6,22.4,67.0,0.4615
492500,-0.74,1.0341017246246338,0.09803497791290283,13.0,18.6,68.4,0.4616,-0.716,1.2146234512329102,0.21853598952293396,14.2,26.6,59.2,0.4616,-0.768,2.194981336593628,0.05634550750255585,11.6,24.4,64.0,0.4616,-0.724,0.6751394271850586,0.08393695950508118,13.8,19.2,67.0,0.4616
493000,-0.752,1.0337973833084106,0.061108898371458054,12.4,20.4,67.2,0.4616,-0.756,1.8082395792007446,0.06715362519025803,12.2,34.4,53.4,0.4616,-0.72,0.9123511910438538,0.07093701511621475,14.0,25.6,60.4,0.4616,-0.792,0.5118988752365112,0.11459407955408096,10.4,21.2,68.4,0.4616
493500,-0.752,1.9006361961364746,0.11682404577732086,12.4,19.0,68.6,0.4617,-0.768,2.247620105743408,0.06846247613430023,11.6,37.6,50.8,0.4617,-0.704,0.8403282165527344,0.04772210121154785,14.8,21.8,63.4,0.4617,-0.804,0.6068369746208191,0.04359050095081329,9.8,19.6,70.6,0.4617
494000,-0.76,2.84610915184021,0.053008101880550385,12.0,21.0,67.0,0.4617,-0.772,3.1677956581115723,0.14114147424697876,11.4,33.0,55.6,0.4617,-0.788,0.43066054582595825,0.0812288150191307,10.6,27.4,62.0,0.4617,-0.736,0.6454440355300903,0.055657465010881424,13.2,18.2,68.6,0.4617
494500,-0.736,1.9345524311065674,0.057970792055130005,13.2,20.2,66.6,0.4618,-0.736,0.9921566247940063,0.12353933602571487,13.2,27.2,59.6,0.4618,-0.804,1.046144962310791,0.08346477150917053,9.8,28.6,61.6,0.4618,-0.804,0.5148811936378479,0.045981936156749725,9.8,23.4,66.8,0.4618
495000,-0.756,1.439873456954956,0.09833148866891861,12.2,16.6,71.2,0.4619,-0.724,1.0161563158035278,0.07834261655807495,13.8,29.6,56.6,0.4619,-0.776,0.5823019742965698,0.056510962545871735,11.2,27.0,61.8,0.4619,-0.804,0.5366948843002319,0.08325879275798798,9.8,18.4,71.8,0.4619
495500,-0.788,1.7370903491973877,0.06804575026035309,10.6,20.6,68.8,0.4619,-0.716,0.739526629447937,0.14117631316184998,14.2,33.6,52.2,0.4619,-0.78,0.8038511276245117,0.11896068602800369,11.0,27.0,62.0,0.4619,-0.836,0.36932504177093506,0.051522523164749146,8.2,19.6,72.2,0.4619
496000,-0.764,1.538419485092163,0.0465911328792572,11.8,21.2,67.0,0.462,-0.732,0.6336086988449097,0.09215512871742249,13.4,30.6,56.0,0.462,-0.748,2.1388511657714844,0.06728190183639526,12.6,26.6,60.8,0.462,-0.744,0.722051739692688,0.05158400535583496,12.8,20.6,66.6,0.462
496500,-0.712,2.2169153690338135,0.09850332140922546,14.4,19.6,66.0,0.4621,-0.652,1.1189484596252441,0.11538732051849365,17.4,32.4,50.2,0.4621,-0.792,0.6364065408706665,0.059452809393405914,10.4,24.6,65.0,0.4621,-0.82,0.9312149882316589,0.030607227236032486,9.0,26.4,64.6,0.4621
497000,-0.808,0.6632587909698486,0.08419044315814972,9.6,17.6,72.8,0.4621,-0.764,2.3707942962646484,0.07643264532089233,11.8,32.0,56.2,0.4621,-0.748,1.3763288259506226,0.06822125613689423,12.6,31.6,55.8,0.4621,-0.78,0.2012542188167572,0.06740237772464752,11.0,20.2,68.8,0.4621
497500,-0.768,0.5117233395576477,0.08540463447570801,11.6,15.2,73.2,0.4622,-0.816,1.2130708694458008,0.06076866388320923,9.2,30.8,60.0,0.4622,-0.744,1.3812146186828613,0.05832044780254364,12.8,26.0,61.2,0.4622,-0.828,0.4071241021156311,0.09918633848428726,8.6,20.4,71.0,0.4622
498000,-0.72,0.6503728628158569,0.046304766088724136,14.0,15.8,70.2,0.4622,-0.752,2.9833712577819824,0.07509912550449371,12.4,31.4,56.2,0.4622,-0.76,0.6563394665718079,0.04509834572672844,12.0,26.6,61.4,0.4622,-0.784,1.0689431428909302,0.16589221358299255,10.8,21.6,67.6,0.4622
498500,-0.784,1.2373912334442139,0.09055081754922867,10.8,19.4,69.8,0.4623,-0.744,1.9880356788635254,0.08156481385231018,12.8,32.2,55.0,0.4623,-0.74,1.1696454286575317,0.07027877867221832,13.0,25.6,61.4,0.4623,-0.768,1.7807868719100952,0.05896610766649246,11.6,23.4,65.0,0.4623
499000,-0.768,1.3186784982681274,0.06265110522508621,11.6,20.2,68.2,0.4624,-0.804,0.6942621469497681,0.08935984969139099,9.8,34.4,55.8,0.4624,-0.72,0.6379771828651428,0.05962558835744858,14.0,30.4,55.6,0.4624,-0.796,0.2962653636932373,0.12050880491733551,10.2,20.4,69.4,0.4624
499500,-0.716,0.48611125349998474,0.14301708340644836,14.2,20.0,65.8,0.4624,-0.752,2.2280731201171875,0.14304280281066895,12.4,35.6,52.0,0.4624,-0.76,0.9002354145050049,0.11818818002939224,12.0,29.0,59.0,0.4624,-0.8,1.4372634887695312,0.05243714898824692,10.0,23.0,67.0,0.4624
500000,-0.772,1.1013622283935547,0.0718206837773323,11.4,16.8,71.8,0.4625,-0.684,2.7180895805358887,0.10816005617380142,15.8,30.8,53.4,0.4625,-0.768,1.3943450450897217,0.106003038585186,11.6,21.8,66.6,0.4625,-0.852,0.5277773141860962,0.12748372554779053,7.4,22.8,69.8,0.4625
500500,-0.748,0.5441993474960327,0.11696552485227585,12.6,20.6,66.8,0.4626,-0.74,1.3677188158035278,0.10759882628917694,13.0,30.0,57.0,0.4626,-0.78,0.5275883674621582,0.08361562341451645,11.0,28.4,60.6,0.4626,-0.76,0.7723249197006226,0.06947596371173859,12.0,18.2,69.8,0.4626
501000,-0.792,1.1772456169128418,0.10460074245929718,10.4,22.2,67.4,0.4626,-0.78,1.0828808546066284,0.11630703508853912,11.0,31.6,57.4,0.4626,-0.808,0.4208041727542877,0.053305771201848984,9.6,27.2,63.2,0.4626,-0.832,0.5368609428405762,0.046356040984392166,8.4,25.4,66.2,0.4626
501500,-0.78,1.2775826454162598,0.059381499886512756,11.0,17.0,72.0,0.4627,-0.788,0.3953004479408264,0.1819220334291458,10.6,32.8,56.6,0.4627,-0.796,0.9864875674247742,0.05987176299095154,10.2,31.2,58.6,0.4627,-0.756,0.5638588666915894,0.11616110056638718,12.2,20.2,67.6,0.4627
502000,-0.78,1.3133273124694824,0.04748544842004776,11.0,20.4,68.6,0.4627,-0.784,2.9263076782226562,0.07770802080631256,10.8,33.6,55.6,0.4627,-0.792,2.6301283836364746,0.08372613787651062,10.4,27.6,62.0,0.4627,-0.824,1.4277697801589966,0.033392321318387985,8.8,20.0,71.2,0.4627
502500,-0.792,1.0936524868011475,0.07364283502101898,10.4,21.0,68.6,0.4628,-0.732,1.5806097984313965,0.1369127631187439,13.4,29.2,57.4,0.4628,-0.744,0.7012782692909241,0.084122434258461,12.8,26.2,61.0,0.4628,-0.744,0.6826043725013733,0.05632917582988739,12.8,24.2,63.0,0.4628
503000,-0.716,1.8405529260635376,0.05606663227081299,14.2,19.0,66.8,0.4629,-0.712,1.5495538711547852,0.08406932651996613,14.4,27.2,58.4,0.4629,-0.744,0.8939610123634338,0.06486386060714722,12.8,23.6,63.6,0.4629,-0.812,1.2160407304763794,0.09696390479803085,9.4,21.4,69.2,0.4629
503500,-0.748,1.821991205215454,0.06328155100345612,12.6,22.0,65.4,0.4629,-0.8,0.7200534343719482,0.07167191803455353,10.0,29.6,60.4,0.4629,-0.78,1.001211404800415,0.11898572742938995,11.0,23.2,65.8,0.4629,-0.768,0.5731306076049805,0.06370855867862701,11.6,25.2,63.2,0.4629
504000,-0.764,2.109278917312622,0.044553373008966446,11.8,19.0,69.2,0.463,-0.812,1.0197434425354004,0.07990121096372604,9.4,28.8,61.8,0.463,-0.768,0.8741023540496826,0.04075992852449417,11.6,24.6,63.8,0.463,-0.78,0.5640245079994202,0.07571306824684143,11.0,26.4,62.6,0.463
504500,-0.812,0.5914227962493896,0.06271493434906006,9.4,20.2,70.4,0.4631,-0.74,2.708583116531372,0.11934608221054077,13.0,32.2,54.8,0.4631,-0.752,0.5744239091873169,0.07698933780193329,12.4,27.2,60.4,0.4631,-0.82,0.9256439805030823,0.0923868790268898,9.0,20.8,70.2,0.4631
505000,-0.8,0.8691927194595337,0.052193596959114075,10.0,19.2,70.8,0.4631,-0.752,0.2791619598865509,0.06515231728553772,12.4,35.4,52.2,0.4631,-0.736,0.5494793057441711,0.05810937285423279,13.2,27.8,59.0,0.4631,-0.788,0.8206585645675659,0.08998022973537445,10.6,20.8,68.6,0.4631
505500,-0.768,1.4666416645050049,0.11617525666952133,11.6,23.0,65.4,0.4632,-0.72,2.797663450241089,0.09155286848545074,14.0,31.0,55.0,0.4632,-0.776,0.7204556465148926,0.09227161109447479,11.2,32.0,56.8,0.4632,-0.792,0.7119781970977783,0.08129023015499115,10.4,22.6,67.0,0.4632
506000,-0.696,1.0805329084396362,0.04454673081636429,15.2,18.8,66.0,0.4632,-0.816,1.6096670627593994,0.06937026977539062,9.2,27.6,63.2,0.4632,-0.8,0.5093680620193481,0.07300154119729996,10.0,27.4,62.6,0.4632,-0.768,0.5881530046463013,0.07831361889839172,11.6,23.4,65.0,0.4632
506500,-0.812,1.835418701171875,0.05371503904461861,9.4,14.2,76.4,0.4633,-0.716,1.4901338815689087,0.09334485232830048,14.2,30.6,55.2,0.4633,-0.732,0.7791719436645508,0.10458734631538391,13.4,26.6,60.0,0.4633,-0.768,0.5264281034469604,0.0541519820690155,11.6,21.8,66.6,0.4633
507000,-0.748,0.5856432914733887,0.0832684338092804,12.6,18.8,68.6,0.4634,-0.744,3.1188013553619385,0.086377814412117,12.8,28.0,59.2,0.4634,-0.78,1.3097784519195557,0.0608149990439415,11.0,26.8,62.2,0.4634,-0.8,0.6419895887374878,0.07518963515758514,10.0,21.6,68.4,0.4634
507500,-0.82,0.3569575548171997,0.06032630801200867,9.0,16.6,74.4,0.4634,-0.672,0.6249024868011475,0.12258084118366241,16.4,32.4,51.2,0.4634,-0.788,0.5880218148231506,0.06996043026447296,10.6,33.6,55.8,0.4634,-0.792,0.40951427817344666,0.11953781545162201,10.4,22.2,67.4,0.4634
508000,-0.74,0.5173790454864502,0.12181121110916138,13.0,19.8,67.2,0.4635,-0.716,0.3965272903442383,0.09137886762619019,14.2,31.6,54.2,0.4635,-0.712,0.6730642318725586,0.04852226376533508,14.4,25.0,60.6,0.4635,-0.76,0.9604666233062744,0.05437006056308746,12.0,21.8,66.2,0.4635
508500,-0.764,1.3764361143112183,0.06425097584724426,11.8,18.4,69.8,0.4636,-0.708,0.7809514999389648,0.14448274672031403,14.6,28.0,57.4,0.4636,-0.732,1.165158987045288,0.08081016689538956,13.4,28.6,58.0,0.4636,-0.748,0.5131584405899048,0.081597700715065,12.6,27.6,59.8,0.4636
509000,-0.78,1.3641241788864136,0.10180982202291489,11.0,22.0,67.0,0.4636,-0.748,0.8633015751838684,0.0869918242096901,12.6,32.0,55.4,0.4636,-0.8,1.45945143699646,0.10953037440776825,10.0,30.6,59.4,0.4636,-0.788,0.323466956615448,0.053722113370895386,10.6,20.6,68.8,0.4636
509500,-0.772,0.8405702114105225,0.09604066610336304,11.4,22.2,66.4,0.4637,-0.724,6.004358291625977,0.09489515423774719,13.8,28.0,58.2,0.4637,-0.744,0.45457592606544495,0.07990191876888275,12.8,28.0,59.2,0.4637,-0.788,0.5510953068733215,0.12399929761886597,10.6,18.2,71.2,0.4637
510000,-0.716,0.3740271031856537,0.046945277601480484,14.2,21.2,64.6,0.4637,-0.756,6.295647621154785,0.13262821733951569,12.2,30.4,57.4,0.4637,-0.728,0.8154060244560242,0.11014288663864136,13.6,26.6,59.8,0.4637,-0.844,1.324204921722412,0.07733091711997986,7.8,26.4,65.8,0.4637
510500,-0.74,0.693261981010437,0.08786894381046295,13.0,19.2,67.8,0.4638,-0.78,11.664886474609375,0.12972353398799896,11.0,29.8,59.2,0.4638,-0.836,0.7579308748245239,0.063094362616539,8.2,33.6,58.2,0.4638,-0.852,0.5525631904602051,0.06462770700454712,7.4,22.4,70.2,0.4638
511000,-0.764,1.3866260051727295,0.0614297091960907,11.8,19.4,68.8,0.4639,-0.82,7.974342346191406,0.12663426995277405,9.0,30.4,60.6,0.4639,-0.736,1.1173617839813232,0.10264959186315536,13.2,29.2,57.6,0.4639,-0.8,0.5992735624313354,0.04675452783703804,10.0,25.8,64.2,0.4639
511500,-0.804,0.9584367275238037,0.0803573727607727,9.8,20.6,69.6,0.4639,-0.784,5.2265777587890625,0.11423446238040924,10.8,31.6,57.6,0.4639,-0.744,0.7592689990997314,0.13488376140594482,12.8,25.0,62.2,0.4639,-0.724,0.683752179145813,0.05458560585975647,13.8,24.2,62.0,0.4639
512000,-0.744,1.7849469184875488,0.12234024703502655,12.8,19.4,67.8,0.464,-0.772,0.5212851166725159,0.05298411101102829,11.4,29.6,59.0,0.464,-0.776,0.3006364405155182,0.06202661246061325,11.2,23.8,65.0,0.464,-0.752,0.3437665104866028,0.09578046202659607,12.4,24.8,62.8,0.464
512500,-0.76,1.2121405601501465,0.08276934921741486,12.0,22.0,66.0,0.4641,-0.772,2.373476505279541,0.1241610199213028,11.4,28.8,59.8,0.4641,-0.736,1.935532808303833,0.12857021391391754,13.2,30.4,56.4,0.4641,-0.796,0.46778541803359985,0.07906755059957504,10.2,22.0,67.8,0.4641
513000,-0.84,0.7390702962875366,0.07775671035051346,8.0,22.0,70.0,0.4641,-0.78,2.623227596282959,0.10576512664556503,11.0,36.6,52.4,0.4641,-0.736,1.0371134281158447,0.0814858227968216,13.2,25.0,61.8,0.4641,-0.792,0.5831625461578369,0.030398579314351082,10.4,27.8,61.8,0.4641
513500,-0.708,1.0696948766708374,0.0752386748790741,14.6,19.8,65.6,0.4642,-0.764,7.960930824279785,0.08161181211471558,11.8,28.2,60.0,0.4642,-0.78,0.5057582855224609,0.10137862712144852,11.0,28.8,60.2,0.4642,-0.78,0.3687570095062256,0.0430457666516304,11.0,20.4,68.6,0.4642
514000,-0.856,0.9558378458023071,0.07563433051109314,7.2,19.6,73.2,0.4642,-0.732,0.7816615104675293,0.09264136850833893,13.4,26.8,59.8,0.4642,-0.768,0.5613337159156799,0.09628263860940933,11.6,26.2,62.2,0.4642,-0.836,1.2842333316802979,0.06834781169891357,8.2,20.8,71.0,0.4642
514500,-0.792,1.4563686847686768,0.10383749008178711,10.4,25.2,64.4,0.4643,-0.784,1.1781988143920898,0.08653391897678375,10.8,24.4,64.8,0.4643,-0.72,1.076782464981079,0.06732268631458282,14.0,28.0,58.0,0.4643,-0.732,0.4353189170360565,0.05047716200351715,13.4,22.6,64.0,0.4643
515000,-0.812,0.6723287105560303,0.06908094882965088,9.4,23.2,67.4,0.4644,-0.78,1.7720863819122314,0.06511695683002472,11.0,31.4,57.6,0.4644,-0.76,0.39669498801231384,0.05980656296014786,12.0,33.2,54.8,0.4644,-0.812,0.3992407023906708,0.11064215749502182,9.4,22.6,68.0,0.4644
515500,-0.784,0.6009590029716492,0.06819649040699005,10.8,21.2,68.0,0.4644,-0.684,0.7070385813713074,0.09356890618801117,15.8,31.4,52.8,0.4644,-0.724,1.049190640449524,0.06302198767662048,13.8,24.6,61.6,0.4644,-0.776,0.5239579677581787,0.06932815164327621,11.2,20.0,68.8,0.4644
516000,-0.736,1.0130412578582764,0.07445608079433441,13.2,22.8,64.0,0.4645,-0.744,0.41366955637931824,0.16545474529266357,12.8,27.0,60.2,0.4645,-0.792,0.6720365285873413,0.1894473433494568,10.4,29.2,60.4,0.4645,-0.804,1.4361910820007324,0.07546376436948776,9.8,21.0,69.2,0.4645
516500,-0.768,1.1969044208526611,0.07488800585269928,11.6,19.2,69.2,0.4646,-0.792,1.767148494720459,0.05096377432346344,10.4,27.4,62.2,0.4646,-0.772,1.589197039604187,0.10837001353502274,11.4,26.0,62.6,0.4646,-0.768,0.5349990129470825,0.09438825398683548,11.6,27.4,61.0,0.4646
517000,-0.704,3.1681997776031494,0.07800621539354324,14.8,18.4,66.8,0.4646,-0.74,0.344951331615448,0.09079296141862869,13.0,27.0,60.0,0.4646,-0.772,1.221544861793518,0.10635785758495331,11.4,31.6,57.0,0.4646,-0.776,1.1512925624847412,0.08369529247283936,11.2,23.8,65.0,0.4646
517500,-0.808,1.0786850452423096,0.07639989256858826,9.6,21.4,69.0,0.4647,-0.76,1.0251567363739014,0.09711980819702148,12.0,36.6,51.4,0.4647,-0.784,0.4611627161502838,0.06515656411647797,10.8,26.2,63.0,0.4647,-0.744,0.4634735584259033,0.10403414815664291,12.8,21.4,65.8,0.4647
518000,-0.696,1.5170363187789917,0.07406564056873322,15.2,17.2,67.6,0.4647,-0.772,2.3704867362976074,0.09101200848817825,11.4,34.0,54.6,0.4647,-0.7,2.7000770568847656,0.08814692497253418,15.0,25.8,59.2,0.4647,-0.776,1.3543267250061035,0.05496162176132202,11.2,17.4,71.4,0.4647
518500,-0.756,0.5208367109298706,0.09377605468034744,12.2,21.0,66.8,0.4648,-0.76,1.496274709701538,0.08762671053409576,12.0,31.8,56.2,0.4648,-0.736,0.576688289642334,0.037399642169475555,13.2,28.8,58.0,0.4648,-0.836,0.19335497915744781,0.059219617396593094,8.2,22.2,69.6,0.4648
519000,-0.784,0.9245736598968506,0.05507750064134598,10.8,23.2,66.0,0.4649,-0.756,1.239076018333435,0.15285685658454895,12.2,26.2,61.6,0.4649,-0.736,0.5212969779968262,0.13629963994026184,13.2,28.4,58.4,0.4649,-0.748,0.7282472848892212,0.08886119723320007,12.6,25.4,62.0,0.4649
519500,-0.768,0.7918548583984375,0.166384756565094,11.6,20.2,68.2,0.4649,-0.748,1.033014178276062,0.08701048791408539,12.6,32.2,55.2,0.4649,-0.704,0.7114846706390381,0.08106336742639542,14.8,25.2,60.0,0.4649,-0.764,1.7686532735824585,0.11432906985282898,11.8,23.0,65.2,0.4649
520000,-0.68,1.8066480159759521,0.0655134916305542,16.0,19.4,64.6,0.465,-0.756,0.9799902439117432,0.09583026170730591,12.2,25.6,62.2,0.465,-0.708,1.2487972974777222,0.05952780321240425,14.6,24.8,60.6,0.465,-0.772,1.1533803939819336,0.09338891506195068,11.4,23.0,65.6,0.465
520500,-0.664,1.985656499862671,0.05746537074446678,16.8,20.0,63.2,0.4651,-0.752,0.5780888795852661,0.07125130295753479,12.4,25.2,62.4,0.4651,-0.74,0.8912985324859619,0.054988887161016464,13.0,25.0,62.0,0.4651,-0.764,0.6358849406242371,0.09314969182014465,11.8,22.4,65.8,0.4651
521000,-0.744,1.0009750127792358,0.06904676556587219,12.8,22.4,64.8,0.4651,-0.728,1.4185460805892944,0.08160082995891571,13.6,29.0,57.4,0.4651,-0.8,1.8983708620071411,0.05964478850364685,10.0,27.6,62.4,0.4651,-0.784,0.37636837363243103,0.026930339634418488,10.8,23.2,66.0,0.4651
521500,-0.752,0.24009722471237183,0.0742693617939949,12.4,22.6,65.0,0.4652,-0.764,2.001765489578247,0.12688356637954712,11.8,31.6,56.6,0.4652,-0.752,0.8453020453453064,0.0762721449136734,12.4,22.6,65.0,0.4652,-0.772,1.5368908643722534,0.09725286811590195,11.4,21.2,67.4,0.4652
522000,-0.788,0.6229561567306519,0.07307659834623337,10.6,19.8,69.6,0.4652,-0.676,0.7394778728485107,0.07329694926738739,16.2,30.2,53.6,0.4652,-0.736,0.5310606956481934,0.12486513704061508,13.2,26.2,60.6,0.4652,-0.792,0.5567660331726074,0.09380435943603516,10.4,20.0,69.6,0.4652
522500,-0.8,0.8563163876533508,0.0735853910446167,10.0,20.0,70.0,0.4653,-0.648,1.0926659107208252,0.10007108747959137,17.6,32.0,50.4,0.4653,-0.768,0.6186609268188477,0.06743033230304718,11.6,20.6,67.8,0.4653,-0.8,1.8984286785125732,0.06880094110965729,10.0,22.6,67.4,0.4653
523000,-0.772,1.186984658241272,0.08741450309753418,11.4,18.2,70.4,0.4654,-0.772,3.3395376205444336,0.09570718556642532,11.4,35.8,52.8,0.4654,-0.764,3.1172661781311035,0.04550661891698837,11.8,27.8,60.4,0.4654,-0.744,0.4010486602783203,0.03469999507069588,12.8,21.8,65.4,0.4654
523500,-0.78,0.9311829805374146,0.0795629471540451,11.0,18.6,70.4,0.4654,-0.78,3.6017589569091797,0.05992839112877846,11.0,34.8,54.2,0.4654,-0.768,1.529959797859192,0.09098856151103973,11.6,29.4,59.0,0.4654,-0.792,0.667538046836853,0.03085741586983204,10.4,20.8,68.8,0.4654
524000,-0.744,0.7324711084365845,0.10267192125320435,12.8,23.6,63.6,0.4655,-0.796,1.0649385452270508,0.07834309339523315,10.2,33.2,56.6,0.4655,-0.724,0.6481279134750366,0.04272610321640968,13.8,31.2,55.0,0.4655,-0.78,0.40946149826049805,0.062348246574401855,11.0,20.2,68.8,0.4655
524500,-0.764,0.7196894288063049,0.10940268635749817,11.8,21.8,66.4,0.4656,-0.784,0.8045015335083008,0.062257520854473114,10.8,28.0,61.2,0.4656,-0.764,1.3627432584762573,0.0505220890045166,11.8,28.4,59.8,0.4656,-0.708,0.5571943521499634,0.09046657383441925,14.6,19.2,66.2,0.4656
525000,-0.708,1.1021851301193237,0.09855427592992783,14.6,20.6,64.8,0.4656,-0.74,0.5637875199317932,0.08060942590236664,13.0,24.4,62.6,0.4656,-0.792,0.6365013122558594,0.06873531639575958,10.4,31.0,58.6,0.4656,-0.84,1.2071900367736816,0.030530942603945732,8.0,25.0,67.0,0.4656
525500,-0.704,0.43708640336990356,0.08721975982189178,14.8,17.8,67.4,0.4657,-0.732,0.8871347308158875,0.09597720205783844,13.4,25.4,61.2,0.4657,-0.696,2.5086276531219482,0.09704096615314484,15.2,24.2,60.6,0.4657,-0.744,0.37912517786026,0.07541196048259735,12.8,23.8,63.4,0.4657
526000,-0.804,0.6479389071464539,0.12320652604103088,9.8,23.4,66.8,0.4657,-0.768,0.3461843729019165,0.05800365284085274,11.6,28.4,60.0,0.4657,-0.808,0.6574705839157104,0.07777988910675049,9.6,31.8,58.6,0.4657,-0.78,0.4433826208114624,0.047420356422662735,11.0,22.2,66.8,0.4657
526500,-0.828,1.067655086517334,0.0798509418964386,8.6,23.4,68.0,0.4658,-0.764,0.7132197618484497,0.12578336894512177,11.8,26.4,61.8,0.4658,-0.748,0.6020526885986328,0.05387677252292633,12.6,30.0,57.4,0.4658,-0.796,0.5257818698883057,0.0658375695347786,10.2,21.6,68.2,0.4658
527000,-0.704,0.6400002241134644,0.10733868926763535,14.8,18.0,67.2,0.4659,-0.784,0.5422636270523071,0.10606290400028229,10.8,30.8,58.4,0.4659,-0.72,1.5765056610107422,0.08383853733539581,14.0,26.4,59.6,0.4659,-0.728,0.6923550367355347,0.07143832743167877,13.6,15.6,70.8,0.4659
527500,-0.776,1.4330041408538818,0.062005989253520966,11.2,20.4,68.4,0.4659,-0.744,1.2207517623901367,0.11908372491598129,12.8,27.6,59.6,0.4659,-0.72,1.0245674848556519,0.04896889254450798,14.0,25.4,60.6,0.4659,-0.764,0.40259450674057007,0.06937068700790405,11.8,24.4,63.8,0.4659
528000,-0.756,0.8507013320922852,0.09731787443161011,12.2,18.8,69.0,0.466,-0.732,0.8405624628067017,0.11821158230304718,13.4,27.4,59.2,0.466,-0.704,0.6831725835800171,0.07901955395936966,14.8,24.0,61.2,0.466,-0.804,0.7192518711090088,0.0792914628982544,9.8,22.0,68.2,0.466
528500,-0.76,1.6892588138580322,0.13776658475399017,12.0,19.8,68.2,0.4661,-0.776,4.568416595458984,0.12814493477344513,11.2,27.0,61.8,0.4661,-0.792,1.747349500656128,0.04853159189224243,10.4,29.4,60.2,0.4661,-0.816,0.45985275506973267,0.03411448746919632,9.2,20.4,70.4,0.4661
529000,-0.752,0.6204425096511841,0.04235347360372543,12.4,19.4,68.2,0.4661,-0.736,0.7960767149925232,0.05506575107574463,13.2,28.4,58.4,0.4661,-0.732,1.2246488332748413,0.1087350845336914,13.4,30.6,56.0,0.4661,-0.772,0.40626823902130127,0.060623183846473694,11.4,18.0,70.6,0.4661
529500,-0.696,0.5399075746536255,0.04799084737896919,15.2,19.2,65.6,0.4662,-0.676,1.2367563247680664,0.15785667300224304,16.2,28.0,55.8,0.4662,-0.752,0.5932064056396484,0.06264584511518478,12.4,25.8,61.8,0.4662,-0.816,0.3452519178390503,0.055621929466724396,9.2,20.2,70.6,0.4662
530000,-0.74,1.3377788066864014,0.10737327486276627,13.0,15.0,72.0,0.4662,-0.736,0.91807621717453,0.12949365377426147,13.2,27.8,59.0,0.4662,-0.74,0.5716463327407837,0.07348757982254028,13.0,33.2,53.8,0.4662,-0.764,0.40182995796203613,0.08016005903482437,11.8,20.2,68.0,0.4662
530500,-0.76,0.8728322386741638,0.14072000980377197,12.0,21.8,66.2,0.4663,-0.772,0.6101590991020203,0.08018561452627182,11.4,27.0,61.6,0.4663,-0.732,0.543027400970459,0.09868322312831879,13.4,30.8,55.8,0.4663,-0.78,1.1169822216033936,0.08332052826881409,11.0,22.8,66.2,0.4663
531000,-0.816,1.8143317699432373,0.07861779630184174,9.2,18.0,72.8,0.4664,-0.728,0.8059477806091309,0.06335072964429855,13.6,28.8,57.6,0.4664,-0.772,2.4515135288238525,0.04398290440440178,11.4,26.0,62.6,0.4664,-0.796,0.20533782243728638,0.05877113342285156,10.2,23.8,66.0,0.4664
531500,-0.776,0.43856024742126465,0.058464888483285904,11.2,17.8,71.0,0.4664,-0.696,1.6596486568450928,0.07996618002653122,15.2,25.2,59.6,0.4664,-0.792,0.7676995992660522,0.07916062325239182,10.4,27.4,62.2,0.4664,-0.72,0.3738134503364563,0.07275162637233734,14.0,21.4,64.6,0.4664
532000,-0.764,3.5016796588897705,0.06836127489805222,11.8,20.6,67.6,0.4665,-0.744,0.5834623575210571,0.09377583861351013,12.8,29.6,57.6,0.4665,-0.78,2.4591569900512695,0.0913771241903305,11.0,27.0,62.0,0.4665,-0.764,0.7663270235061646,0.05557417869567871,11.8,17.8,70.4,0.4665
532500,-0.796,1.7585242986679077,0.10535088181495667,10.2,19.6,70.2,0.4666,-0.756,0.5023975372314453,0.06253820657730103,12.2,32.2,55.6,0.4666,-0.696,0.5745062828063965,0.0505400225520134,15.2,26.2,58.6,0.4666,-0.792,0.4468974173069,0.10440267622470856,10.4,24.8,64.8,0.4666
533000,-0.78,0.9191675186157227,0.08419699966907501,11.0,15.6,73.4,0.4666,-0.728,0.6735503673553467,0.10633095353841782,13.6,27.8,58.6,0.4666,-0.764,0.4362240433692932,0.06439255177974701,11.8,26.0,62.2,0.4666,-0.756,0.8005373477935791,0.07530954480171204,12.2,18.6,69.2,0.4666
533500,-0.776,1.3152744770050049,0.06546540558338165,11.2,18.4,70.4,0.4667,-0.708,0.454548716545105,0.07173463702201843,14.6,33.8,51.6,0.4667,-0.796,0.5444461107254028,0.12425695359706879,10.2,28.2,61.6,0.4667,-0.816,1.6279006004333496,0.048233240842819214,9.2,21.8,69.0,0.4667
534000,-0.732,0.5687773823738098,0.05433214455842972,13.4,18.0,68.6,0.4667,-0.736,2.7652039527893066,0.04947224259376526,13.2,27.0,59.8,0.4667,-0.76,1.0705077648162842,0.06525582075119019,12.0,28.4,59.6,0.4667,-0.804,0.37414276599884033,0.04547589272260666,9.8,21.6,68.6,0.4667
534500,-0.792,0.9975590705871582,0.055074166506528854,10.4,17.0,72.6,0.4668,-0.768,2.9554758071899414,0.06103583425283432,11.6,33.0,55.4,0.4668,-0.712,0.5160434246063232,0.09555163979530334,14.4,30.8,54.8,0.4668,-0.76,0.6880189180374146,0.05857052654027939,12.0,20.2,67.8,0.4668
535000,-0.772,1.6255097389221191,0.05594474822282791,11.4,16.6,72.0,0.4669,-0.72,2.752121925354004,0.07546928524971008,14.0,31.0,55.0,0.4669,-0.736,1.6418453454971313,0.05241496115922928,13.2,23.2,63.6,0.4669,-0.812,0.6922976970672607,0.08312535285949707,9.4,23.2,67.4,0.4669
535500,-0.752,2.0010671615600586,0.0947122573852539,12.4,18.0,69.6,0.4669,-0.708,1.1009248495101929,0.07974265515804291,14.6,28.0,57.4,0.4669,-0.7,2.2664570808410645,0.06211850047111511,15.0,28.8,56.2,0.4669,-0.78,0.8073839545249939,0.10532434284687042,11.0,22.4,66.6,0.4669
536000,-0.748,0.4846806824207306,0.06740563362836838,12.6,17.2,70.2,0.467,-0.764,3.845238208770752,0.06997157633304596,11.8,28.2,60.0,0.467,-0.784,1.195070743560791,0.03564530238509178,10.8,28.2,61.0,0.467,-0.828,1.9139766693115234,0.06887015700340271,8.6,18.2,73.2,0.467
536500,-0.76,0.8475168943405151,0.07205855846405029,12.0,19.8,68.2,0.4671,-0.772,3.020876169204712,0.1365724802017212,11.4,35.6,53.0,0.4671,-0.732,1.0005862712860107,0.06765207648277283,13.4,25.0,61.6,0.4671,-0.76,0.37994760274887085,0.11095427721738815,12.0,22.8,65.2,0.4671
537000,-0.808,1.0113619565963745,0.06989026069641113,9.6,24.6,65.8,0.4671,-0.82,1.6265647411346436,0.1104884147644043,9.0,28.2,62.8,0.4671,-0.736,0.7477892637252808,0.06350729614496231,13.2,25.6,61.2,0.4671,-0.788,0.7728103995323181,0.09919649362564087,10.6,21.4,68.0,0.4671
537500,-0.74,2.5260229110717773,0.05756094306707382,13.0,17.4,69.6,0.4672,-0.784,5.897603511810303,0.1209104061126709,10.8,26.2,63.0,0.4672,-0.78,0.4268074035644531,0.08939888328313828,11.0,25.8,63.2,0.4672,-0.816,1.3818241357803345,0.05939551442861557,9.2,21.4,69.4,0.4672
538000,-0.776,0.5959218740463257,0.10771594941616058,11.2,18.4,70.4,0.4672,-0.76,4.019272327423096,0.06594004482030869,12.0,25.8,62.2,0.4672,-0.688,0.8497836589813232,0.09339486062526703,15.6,23.0,61.4,0.4672,-0.804,0.45591676235198975,0.049258120357990265,9.8,23.2,67.0,0.4672
538500,-0.784,0.40134453773498535,0.08358122408390045,10.8,17.4,71.8,0.4673,-0.764,0.5921059846878052,0.12336832284927368,11.8,27.4,60.8,0.4673,-0.8,0.6804275512695312,0.09657257050275803,10.0,28.6,61.4,0.4673,-0.832,0.6652072668075562,0.0668221116065979,8.4,21.0,70.6,0.4673
539000,-0.716,0.5245541334152222,0.059142500162124634,14.2,19.4,66.4,0.4674,-0.804,0.7860798835754395,0.11994939297437668,9.8,30.0,60.2,0.4674,-0.78,0.6989119648933411,0.08847607672214508,11.0,29.2,59.8,0.4674,-0.772,1.1044362783432007,0.049035437405109406,11.4,22.2,66.4,0.4674
539500,-0.748,0.546032190322876,0.0736333429813385,12.6,23.2,64.2,0.4674,-0.728,2.725898265838623,0.08385701477527618,13.6,26.0,60.4,0.4674,-0.764,0.4764191806316376,0.043438054621219635,11.8,30.2,58.0,0.4674,-0.776,0.469696581363678,0.04524191841483116,11.2,20.2,68.6,0.4674
540000,-0.732,0.7680541276931763,0.056013092398643494,13.4,17.2,69.4,0.4675,-0.76,0.6746847629547119,0.0908597856760025,12.0,28.4,59.6,0.4675,-0.776,1.3052537441253662,0.021441873162984848,11.2,26.6,62.2,0.4675,-0.768,1.0797451734542847,0.10926217585802078,11.6,18.4,70.0,0.4675
540500,-0.784,0.4104207456111908,0.0521574392914772,10.8,19.0,70.2,0.4676,-0.756,0.7981350421905518,0.04710977524518967,12.2,26.2,61.6,0.4676,-0.8,1.640559196472168,0.06519225239753723,10.0,26.8,63.2,0.4676,-0.788,0.19797725975513458,0.10258357226848602,10.6,18.2,71.2,0.4676
541000,-0.752,0.32565680146217346,0.05582983046770096,12.4,20.8,66.8,0.4676,-0.796,3.1140694618225098,0.06111115962266922,10.2,38.2,51.6,0.4676,-0.712,0.26819944381713867,0.08468908071517944,14.4,25.4,60.2,0.4676,-0.764,0.3696983754634857,0.09532711654901505,11.8,22.0,66.2,0.4676
541500,-0.764,1.520879864692688,0.06087898835539818,11.8,20.2,68.0,0.4677,-0.784,1.1994147300720215,0.10515963286161423,10.8,38.6,50.6,0.4677,-0.792,1.349212646484375,0.11325961351394653,10.4,28.8,60.8,0.4677,-0.852,0.5665866136550903,0.08064496517181396,7.4,21.4,71.2,0.4677
542000,-0.768,1.186222791671753,0.057034436613321304,11.6,18.8,69.6,0.4677,-0.732,2.445446491241455,0.08613285422325134,13.4,29.8,56.8,0.4677,-0.768,1.425661563873291,0.04840492457151413,11.6,26.8,61.6,0.4677,-0.784,1.5883671045303345,0.07277975976467133,10.8,21.0,68.2,0.4677
542500,-0.74,2.190772294998169,0.05538378283381462,13.0,16.4,70.6,0.4678,-0.776,1.0621027946472168,0.08846490830183029,11.2,32.6,56.2,0.4678,-0.756,2.524146556854248,0.06363127380609512,12.2,26.0,61.8,0.4678,-0.772,0.9945360422134399,0.04219961166381836,11.4,17.2,71.4,0.4678
543000,-0.764,0.8621353507041931,0.08257844299077988,11.8,19.2,69.0,0.4679,-0.712,1.422998070716858,0.05429418012499809,14.4,36.0,49.6,0.4679,-0.728,0.2883310914039612,0.08943086117506027,13.6,23.2,63.2,0.4679,-0.772,1.4729843139648438,0.058065205812454224,11.4,25.2,63.4,0.4679
543500,-0.796,1.2284233570098877,0.0769554078578949,10.2,18.8,71.0,0.4679,-0.776,3.2933783531188965,0.0805739089846611,11.2,30.0,58.8,0.4679,-0.764,0.3964201807975769,0.06512217223644257,11.8,27.2,61.0,0.4679,-0.776,0.5121933221817017,0.07510772347450256,11.2,19.4,69.4,0.4679
544000,-0.764,1.0354626178741455,0.037628114223480225,11.8,19.0,69.2,0.468,-0.74,3.191202163696289,0.08095087110996246,13.0,27.8,59.2,0.468,-0.74,0.717150092124939,0.11300842463970184,13.0,27.8,59.2,0.468,-0.824,0.17890575528144836,0.08231709897518158,8.8,23.6,67.6,0.468
544500,-0.704,0.49497872591018677,0.07385685294866562,14.8,21.4,63.8,0.4681,-0.748,1.6294071674346924,0.04522056505084038,12.6,30.0,57.4,0.4681,-0.772,0.21520739793777466,0.09524039179086685,11.4,32.4,56.2,0.4681,-0.828,1.1629071235656738,0.11304226517677307,8.6,25.0,66.4,0.4681
545000,-0.796,1.1292446851730347,0.12366379052400589,10.2,23.8,66.0,0.4681,-0.836,0.9907642602920532,0.04338545352220535,8.2,39.0,52.8,0.4681,-0.744,1.788671612739563,0.04890210181474686,12.8,28.4,58.8,0.4681,-0.764,0.41153955459594727,0.04952142387628555,11.8,21.6,66.6,0.4681
545500,-0.76,1.9927873611450195,0.08227452635765076,12.0,24.4,63.6,0.4682,-0.792,3.0872344970703125,0.13524043560028076,10.4,37.6,52.0,0.4682,-0.768,0.5296996235847473,0.08303634822368622,11.6,28.6,59.8,0.4682,-0.776,1.497941017150879,0.06828279793262482,11.2,23.8,65.0,0.4682
546000,-0.82,1.945094347000122,0.04258238524198532,9.0,20.8,70.2,0.4682,-0.804,3.1607096195220947,0.08689172565937042,9.8,35.0,55.2,0.4682,-0.716,1.1722636222839355,0.09223182499408722,14.2,22.8,63.0,0.4682,-0.804,0.8047913312911987,0.13653305172920227,9.8,33.2,57.0,0.4682
546500,-0.76,0.27150964736938477,0.05159901827573776,12.0,23.8,64.2,0.4683,-0.748,3.528184175491333,0.17172138392925262,12.6,34.4,53.0,0.4683,-0.7,0.3702026605606079,0.04617173224687576,15.0,25.6,59.4,0.4683,-0.788,0.8188852071762085,0.05428379774093628,10.6,27.2,62.2,0.4683
547000,-0.748,0.5035774111747742,0.08896836638450623,12.6,21.0,66.4,0.4684,-0.708,0.5024401545524597,0.09622527658939362,14.6,29.6,55.8,0.4684,-0.732,0.29476603865623474,0.07859059423208237,13.4,30.2,56.4,0.4684,-0.748,0.4420500695705414,0.03742529824376106,12.6,19.0,68.4,0.4684
547500,-0.732,0.7923306822776794,0.03728021681308746,13.4,18.4,68.2,0.4684,-0.78,0.8741042613983154,0.07295815646648407,11.0,31.4,57.6,0.4684,-0.776,0.9457752704620361,0.06034240126609802,11.2,28.4,60.4,0.4684,-0.812,0.8384082317352295,0.04868102818727493,9.4,25.2,65.4,0.4684
548000,-0.756,0.5521364212036133,0.06480692327022552,12.2,20.6,67.2,0.4685,-0.74,2.943969964981079,0.08030717819929123,13.0,28.6,58.4,0.4685,-0.76,1.0434317588806152,0.05213625356554985,12.0,25.0,63.0,0.4685,-0.768,0.28298938274383545,0.02713621035218239,11.6,21.4,67.0,0.4685
548500,-0.788,0.8504655957221985,0.08008673042058945,10.6,18.8,70.6,0.4686,-0.736,2.8909525871276855,0.08429352939128876,13.2,34.8,52.0,0.4686,-0.72,1.411705493927002,0.06747444719076157,14.0,24.0,62.0,0.4686,-0.812,0.822844386100769,0.06917170435190201,9.4,23.2,67.4,0.4686
549000,-0.788,1.3907198905944824,0.07204233855009079,10.6,17.6,71.8,0.4686,-0.728,0.830018162727356,0.1110881045460701,13.6,26.8,59.6,0.4686,-0.74,0.989240288734436,0.04155217856168747,13.0,31.4,55.6,0.4686,-0.82,0.5320700407028198,0.06465699523687363,9.0,22.6,68.4,0.4686
549500,-0.764,1.559981346130371,0.09098459780216217,11.8,19.8,68.4,0.4687,-0.716,1.363703966140747,0.08364059776067734,14.2,30.2,55.6,0.4687,-0.752,0.6690629124641418,0.0728883147239685,12.4,30.4,57.2,0.4687,-0.776,0.625383198261261,0.09856818616390228,11.2,20.0,68.8,0.4687
550000,-0.792,0.8082947731018066,0.046830810606479645,10.4,20.2,69.4,0.4687,-0.74,3.2392563819885254,0.052249759435653687,13.0,28.4,58.6,0.4687,-0.788,0.7823431491851807,0.10957164317369461,10.6,28.2,61.2,0.4687,-0.724,0.31425654888153076,0.05392038822174072,13.8,18.2,68.0,0.4687
550500,-0.692,0.6484367847442627,0.045750655233860016,15.4,21.8,62.8,0.4688,-0.74,2.841716766357422,0.09650672227144241,13.0,28.2,58.8,0.4688,-0.804,0.5267003178596497,0.04923698306083679,9.8,34.4,55.8,0.4688,-0.784,0.40805065631866455,0.06182499974966049,10.8,19.6,69.6,0.4688
551000,-0.8,0.4648757874965668,0.05130970478057861,10.0,19.4,70.6,0.4689,-0.804,0.5405080914497375,0.14277411997318268,9.8,28.0,62.2,0.4689,-0.768,1.5642660856246948,0.07780425250530243,11.6,26.4,62.0,0.4689,-0.812,0.9521539807319641,0.028071392327547073,9.4,24.6,66.0,0.4689
551500,-0.748,0.7480072379112244,0.06156404688954353,12.6,22.2,65.2,0.4689,-0.72,0.7846251726150513,0.06442680954933167,14.0,31.2,54.8,0.4689,-0.74,1.0968774557113647,0.045289866626262665,13.0,24.8,62.2,0.4689,-0.804,0.5362899303436279,0.08792624622583389,9.8,22.6,67.6,0.4689
552000,-0.76,0.7696354389190674,0.10322573035955429,12.0,19.4,68.6,0.469,-0.712,5.8919782638549805,0.08735258877277374,14.4,27.6,58.0,0.469,-0.788,1.196951985359192,0.11765501648187637,10.6,27.0,62.4,0.469,-0.744,0.3160542845726013,0.0590139701962471,12.8,19.0,68.2,0.469
552500,-0.812,1.2169570922851562,0.054514333605766296,9.4,19.8,70.8,0.4691,-0.752,0.842286229133606,0.07536755502223969,12.4,28.8,58.8,0.4691,-0.752,0.33313295245170593,0.07066074013710022,12.4,28.0,59.6,0.4691,-0.808,0.7394025921821594,0.04289572685956955,9.6,20.6,69.8,0.4691
553000,-0.796,1.805404543876648,0.04500283673405647,10.2,20.8,69.0,0.4691,-0.74,0.9229023456573486,0.112019382417202,13.0,29.0,58.0,0.4691,-0.74,0.5435131788253784,0.13591697812080383,13.0,24.6,62.4,0.4691,-0.748,0.3342015743255615,0.05843567103147507,12.6,21.0,66.4,0.4691
553500,-0.78,0.4959864020347595,0.0628095418214798,11.0,15.2,73.8,0.4692,-0.744,5.43887996673584,0.14107465744018555,12.8,35.8,51.4,0.4692,-0.756,0.5447956919670105,0.08839081227779388,12.2,30.4,57.4,0.4692,-0.808,1.392653465270996,0.06174207478761673,9.6,25.6,64.8,0.4692
554000,-0.744,0.6766718029975891,0.08622940629720688,12.8,18.0,69.2,0.4692,-0.776,3.2865207195281982,0.10854581743478775,11.2,27.6,61.2,0.4692,-0.8,1.3345179557800293,0.0744372010231018,10.0,28.8,61.2,0.4692,-0.784,0.47269192337989807,0.0809699296951294,10.8,20.0,69.2,0.4692
554500,-0.676,0.42708516120910645,0.0731162428855896,16.2,18.6,65.2,0.4693,-0.72,0.30497947335243225,0.09585415571928024,14.0,25.2,60.8,0.4693,-0.808,0.33695676922798157,0.10313412547111511,9.6,26.8,63.6,0.4693,-0.788,0.9111011624336243,0.06100546941161156,10.6,23.2,66.2,0.4693
555000,-0.792,1.3131017684936523,0.0536009855568409,10.4,19.8,69.8,0.4694,-0.784,0.6991369724273682,0.15748153626918793,10.8,33.2,56.0,0.4694,-0.708,1.0067219734191895,0.07120101153850555,14.6,26.0,59.4,0.4694,-0.792,0.49309566617012024,0.035673171281814575,10.4,19.4,70.2,0.4694
555500,-0.776,2.3033628463745117,0.025307361036539078,11.2,21.2,67.6,0.4694,-0.76,2.460598945617676,0.12178251892328262,12.0,25.6,62.4,0.4694,-0.716,1.1771219968795776,0.08372555673122406,14.2,28.2,57.6,0.4694,-0.728,1.1375415325164795,0.0729152262210846,13.6,21.8,64.6,0.4694
556000,-0.776,2.201641082763672,0.10254139453172684,11.2,20.4,68.4,0.4695,-0.704,0.29933416843414307,0.08088526874780655,14.8,25.2,60.0,0.4695,-0.76,1.3229866027832031,0.05080162733793259,12.0,26.0,62.0,0.4695,-0.792,1.5303492546081543,0.0946163684129715,10.4,23.6,66.0,0.4695
556500,-0.8,0.7014235258102417,0.05218040198087692,10.0,18.0,72.0,0.4696,-0.796,0.36864960193634033,0.07304273545742035,10.2,33.4,56.4,0.4696,-0.704,1.0885167121887207,0.13065360486507416,14.8,27.8,57.4,0.4696,-0.828,0.37588757276535034,0.06783853471279144,8.6,22.2,69.2,0.4696
557000,-0.76,1.6289863586425781,0.07587741315364838,12.0,19.2,68.8,0.4696,-0.732,1.21442711353302,0.07805389910936356,13.4,32.4,54.2,0.4696,-0.772,1.0683995485305786,0.051225289702415466,11.4,25.2,63.4,0.4696,-0.728,0.8804669380187988,0.11556511372327805,13.6,19.8,66.6,0.4696
557500,-0.792,0.5239786505699158,0.0660783052444458,10.4,20.4,69.2,0.4697,-0.752,2.838519811630249,0.08178706467151642,12.4,27.0,60.6,0.4697,-0.8,0.7502642869949341,0.047200318425893784,10.0,23.4,66.6,0.4697,-0.752,0.6528027653694153,0.060158777981996536,12.4,20.6,67.0,0.4697
558000,-0.756,1.557281255722046,0.05951831489801407,12.2,18.4,69.4,0.4697,-0.704,1.0321345329284668,0.10723985731601715,14.8,29.2,56.0,0.4697,-0.76,1.1188815832138062,0.062218740582466125,12.0,25.0,63.0,0.4697,-0.72,0.5794183015823364,0.11130648851394653,14.0,21.6,64.4,0.4697
558500,-0.776,0.7588298916816711,0.08069215714931488,11.2,18.8,70.0,0.4698,-0.776,0.270721971988678,0.07773099839687347,11.2,29.8,59.0,0.4698,-0.784,1.3113517761230469,0.10651404410600662,10.8,32.2,57.0,0.4698,-0.752,0.26295387744903564,0.0554160475730896,12.4,20.2,67.4,0.4698
559000,-0.772,0.694106936454773,0.04872209206223488,11.4,20.6,68.0,0.4699,-0.78,0.5497139096260071,0.07903216779232025,11.0,30.0,59.0,0.4699,-0.72,1.0961405038833618,0.12534184753894806,14.0,23.8,62.2,0.4699,-0.804,0.8792780637741089,0.06915971636772156,9.8,19.2,71.0,0.4699
559500,-0.78,0.5039472579956055,0.04442771524190903,11.0,23.4,65.6,0.4699,-0.748,0.869849681854248,0.06791742146015167,12.6,28.4,59.0,0.4699,-0.736,0.7480796575546265,0.08511216193437576,13.2,25.8,61.0,0.4699,-0.796,0.41877496242523193,0.08034536242485046,10.2,20.0,69.8,0.4699
560000,-0.764,1.695213794708252,0.11028940975666046,11.8,21.6,66.6,0.47,-0.764,1.0094940662384033,0.0464293509721756,11.8,27.6,60.6,0.47,-0.736,0.5421692132949829,0.08724664896726608,13.2,26.6,60.2,0.47,-0.744,0.6691672801971436,0.05416904762387276,12.8,17.6,69.6,0.47
560500,-0.748,1.4446218013763428,0.03575087711215019,12.6,19.8,67.6,0.4701,-0.772,0.21672877669334412,0.07019961625337601,11.4,25.8,62.8,0.4701,-0.768,0.5854064226150513,0.06378865987062454,11.6,24.8,63.6,0.4701,-0.76,1.3550479412078857,0.09069019556045532,12.0,20.6,67.4,0.4701
561000,-0.796,0.45527541637420654,0.059141624718904495,10.2,17.6,72.2,0.4701,-0.74,0.7650615572929382,0.13905377686023712,13.0,28.8,58.2,0.4701,-0.776,1.4881614446640015,0.05466543510556221,11.2,23.2,65.6,0.4701,-0.816,0.47672098875045776,0.030347773805260658,9.2,20.2,70.6,0.4701
561500,-0.8,0.5088084936141968,0.19153755903244019,10.0,18.2,71.8,0.4702,-0.736,0.4393659830093384,0.11757256090641022,13.2,27.0,59.8,0.4702,-0.696,0.48244404792785645,0.03680567443370819,15.2,22.0,62.8,0.4702,-0.752,0.7936026453971863,0.12752287089824677,12.4,22.4,65.2,0.4702
562000,-0.74,0.578071117401123,0.09733211249113083,13.0,21.8,65.2,0.4702,-0.736,0.5622093081474304,0.05936138704419136,13.2,23.4,63.4,0.4702,-0.792,0.40386560559272766,0.09456613659858704,10.4,32.0,57.6,0.4702,-0.78,0.7118654251098633,0.04812333732843399,11.0,22.6,66.4,0.4702
562500,-0.8,0.4954952895641327,0.04780980199575424,10.0,20.6,69.4,0.4703,-0.764,0.4816034436225891,0.07446078211069107,11.8,32.4,55.8,0.4703,-0.744,0.9769166707992554,0.10358615219593048,12.8,28.8,58.4,0.4703,-0.788,0.6788307428359985,0.09771896153688431,10.6,21.2,68.2,0.4703
563000,-0.708,0.6395174860954285,0.07966818660497665,14.6,27.0,58.4,0.4704,-0.74,0.4007601737976074,0.08218167722225189,13.0,27.2,59.8,0.4704,-0.844,0.8478705883026123,0.07113109529018402,7.8,28.0,64.2,0.4704,-0.788,0.5291999578475952,0.05512836575508118,10.6,20.2,69.2,0.4704
563500,-0.716,0.25497907400131226,0.07625551521778107,14.2,19.2,66.6,0.4704,-0.736,0.3976113796234131,0.1040799468755722,13.2,24.4,62.4,0.4704,-0.764,0.8714409470558167,0.08831366896629333,11.8,23.4,64.8,0.4704,-0.744,0.6299238204956055,0.036628611385822296,12.8,18.6,68.6,0.4704
564000,-0.764,0.6176958084106445,0.0742313414812088,11.8,23.0,65.2,0.4705,-0.72,0.506422221660614,0.09299105405807495,14.0,25.8,60.2,0.4705,-0.752,1.320754885673523,0.13930290937423706,12.4,28.0,59.6,0.4705,-0.824,0.42066776752471924,0.04166616126894951,8.8,23.0,68.2,0.4705
564500,-0.708,0.6460607051849365,0.06123403087258339,14.6,18.0,67.4,0.4706,-0.76,1.1982383728027344,0.09492888301610947,12.0,31.6,56.4,0.4706,-0.724,0.5518127083778381,0.08388030529022217,13.8,25.6,60.6,0.4706,-0.788,1.0882470607757568,0.11978758871555328,10.6,24.4,65.0,0.4706
565000,-0.776,0.7961561679840088,0.06452672928571701,11.2,22.8,66.0,0.4706,-0.776,1.821318507194519,0.10272444784641266,11.2,30.0,58.8,0.4706,-0.772,1.2466968297958374,0.10899102687835693,11.4,28.2,60.4,0.4706,-0.776,0.9262112975120544,0.04618257284164429,11.2,23.0,65.8,0.4706
565500,-0.76,1.4017271995544434,0.07372314482927322,12.0,25.6,62.4,0.4707,-0.76,0.6779992580413818,0.10527308285236359,12.0,32.6,55.4,0.4707,-0.756,1.965070366859436,0.049034178256988525,12.2,29.0,58.8,0.4707,-0.724,1.1367883682250977,0.04875556379556656,13.8,30.6,55.6,0.4707
566000,-0.828,0.7994535565376282,0.12982553243637085,8.6,23.2,68.2,0.4707,-0.788,0.5962424874305725,0.14935903251171112,10.6,35.2,54.2,0.4707,-0.784,3.629091501235962,0.06311818212270737,10.8,30.0,59.2,0.4707,-0.76,1.1496913433074951,0.04183636233210564,12.0,23.0,65.0,0.4707
566500,-0.74,0.8628233671188354,0.05577501282095909,13.0,19.4,67.6,0.4708,-0.732,2.6778903007507324,0.07853028923273087,13.4,26.8,59.8,0.4708,-0.74,0.5712602138519287,0.053156569600105286,13.0,32.4,54.6,0.4708,-0.828,1.112217664718628,0.08393734693527222,8.6,22.4,69.0,0.4708
567000,-0.768,0.18334633111953735,0.05876495689153671,11.6,17.0,71.4,0.4709,-0.764,0.79958176612854,0.10551008582115173,11.8,29.0,59.2,0.4709,-0.796,0.8797013759613037,0.0772533267736435,10.2,39.6,50.2,0.4709,-0.748,0.7659441232681274,0.06728759407997131,12.6,22.6,64.8,0.4709
567500,-0.74,1.6504435539245605,0.10492633283138275,13.0,20.2,66.8,0.4709,-0.808,0.8025912046432495,0.07518196105957031,9.6,27.6,62.8,0.4709,-0.78,1.701615571975708,0.08691690862178802,11.0,37.0,52.0,0.4709,-0.712,0.511126697063446,0.045774783939123154,14.4,25.8,59.8,0.4709
568000,-0.776,0.8883011341094971,0.15802258253097534,11.2,21.8,67.0,0.471,-0.772,0.8384218215942383,0.09408868104219437,11.4,25.2,63.4,0.471,-0.784,1.1013896465301514,0.04491838067770004,10.8,33.2,56.0,0.471,-0.8,0.5447355508804321,0.0656580775976181,10.0,26.0,64.0,0.471
568500,-0.732,0.5653690099716187,0.04577241092920303,13.4,19.2,67.4,0.4711,-0.784,0.27148184180259705,0.05840519070625305,10.8,35.6,53.6,0.4711,-0.76,0.9921520948410034,0.0865323543548584,12.0,29.2,58.8,0.4711,-0.784,0.7689874768257141,0.042291101068258286,10.8,18.8,70.4,0.4711
569000,-0.812,1.2092533111572266,0.04266625642776489,9.4,21.2,69.4,0.4711,-0.728,0.8160883784294128,0.07967490702867508,13.6,31.6,54.8,0.4711,-0.748,1.505418300628662,0.07588373124599457,12.6,32.8,54.6,0.4711,-0.78,0.44437506794929504,0.05647476762533188,11.0,17.4,71.6,0.4711
569500,-0.792,0.7177951335906982,0.055728401988744736,10.4,22.2,67.4,0.4712,-0.748,0.22031448781490326,0.07198981940746307,12.6,30.0,57.4,0.4712,-0.776,0.8829874992370605,0.057523198425769806,11.2,31.0,57.8,0.4712,-0.804,0.6096035242080688,0.09879490733146667,9.8,20.8,69.4,0.4712
570000,-0.756,0.8800163865089417,0.05973510444164276,12.2,18.6,69.2,0.4712,-0.748,5.6766533851623535,0.042116448283195496,12.6,25.8,61.6,0.4712,-0.796,0.3049294352531433,0.050087329000234604,10.2,31.2,58.6,0.4712,-0.772,0.9582654237747192,0.08479581773281097,11.4,21.6,67.0,0.4712
570500,-0.764,0.6850067973136902,0.06310442090034485,11.8,19.6,68.6,0.4713,-0.728,1.0294983386993408,0.06552468240261078,13.6,27.0,59.4,0.4713,-0.776,0.901031494140625,0.06417340785264969,11.2,30.8,58.0,0.4713,-0.748,0.9074108004570007,0.06486192345619202,12.6,20.8,66.6,0.4713
571000,-0.788,0.8613947629928589,0.086576446890831,10.6,22.2,67.2,0.4714,-0.744,0.2726125717163086,0.08580248057842255,12.8,22.0,65.2,0.4714,-0.812,0.9003814458847046,0.05990900099277496,9.4,32.4,58.2,0.4714,-0.8,1.2156745195388794,0.06703391671180725,10.0,24.0,66.0,0.4714
571500,-0.776,0.5491346716880798,0.06754611432552338,11.2,19.0,69.8,0.4714,-0.716,1.7906912565231323,0.05164980888366699,14.2,22.8,63.0,0.4714,-0.8,1.1217553615570068,0.08234092593193054,10.0,33.2,56.8,0.4714,-0.796,0.5243451595306396,0.056678954511880875,10.2,24.0,65.8,0.4714
572000,-0.768,1.2938053607940674,0.07577713578939438,11.6,19.6,68.8,0.4715,-0.652,2.6607460975646973,0.05724930018186569,17.4,24.2,58.4,0.4715,-0.788,0.6757813692092896,0.061435651034116745,10.6,31.4,58.0,0.4715,-0.792,0.6433186531066895,0.09427118301391602,10.4,21.6,68.0,0.4715
572500,-0.712,1.0062484741210938,0.025134988129138947,14.4,17.6,68.0,0.4716,-0.716,1.7872509956359863,0.09088326245546341,14.2,25.2,60.6,0.4716,-0.796,0.8605657815933228,0.05612127482891083,10.2,30.6,59.2,0.4716,-0.76,0.19722795486450195,0.05576338991522789,12.0,19.2,68.8,0.4716
573000,-0.776,0.2647136449813843,0.04723714292049408,11.2,20.8,68.0,0.4716,-0.752,0.6180167198181152,0.08432912826538086,12.4,24.4,63.2,0.4716,-0.752,0.7107767462730408,0.05518785119056702,12.4,36.4,51.2,0.4716,-0.788,1.0679116249084473,0.042344871908426285,10.6,18.8,70.6,0.4716
573500,-0.728,0.8660233020782471,0.07120753824710846,13.6,22.6,63.8,0.4717,-0.724,0.9778496026992798,0.07267693430185318,13.8,21.6,64.6,0.4717,-0.784,0.5187019109725952,0.06576763093471527,10.8,32.6,56.6,0.4717,-0.812,0.14801834523677826,0.06080862879753113,9.4,17.8,72.8,0.4717
574000,-0.756,0.45995932817459106,0.08156448602676392,12.2,21.2,66.6,0.4717,-0.752,0.5713896751403809,0.07335785031318665,12.4,34.4,53.2,0.4717,-0.756,1.0124104022979736,0.08119688928127289,12.2,31.2,56.6,0.4717,-0.76,1.4191973209381104,0.09290540218353271,12.0,26.0,62.0,0.4717
574500,-0.772,0.9081469774246216,0.08238281309604645,11.4,25.2,63.4,0.4718,-0.688,0.7083681225776672,0.09703190624713898,15.6,28.0,56.4,0.4718,-0.76,0.7770618200302124,0.06377044320106506,12.0,31.2,56.8,0.4718,-0.74,0.8113721609115601,0.0907793715596199,13.0,22.2,64.8,0.4718
575000,-0.76,1.1586259603500366,0.09966117888689041,12.0,23.8,64.2,0.4719,-0.784,1.0280485153198242,0.05621223896741867,10.8,27.6,61.6,0.4719,-0.808,0.6152287721633911,0.04039975255727768,9.6,32.0,58.4,0.4719,-0.776,0.2020188271999359,0.04932914301753044,11.2,25.0,63.8,0.4719
575500,-0.76,0.6816539764404297,0.06199348717927933,12.0,21.6,66.4,0.4719,-0.776,1.8428637981414795,0.08256068825721741,11.2,27.0,61.8,0.4719,-0.768,0.42593681812286377,0.0636618584394455,11.6,30.0,58.4,0.4719,-0.772,1.2536715269088745,0.15227827429771423,11.4,25.4,63.2,0.4719
576000,-0.652,1.5607880353927612,0.13952872157096863,17.4,18.4,64.2,0.472,-0.776,0.7463444471359253,0.13806158304214478,11.2,22.2,66.6,0.472,-0.788,0.518192708492279,0.05198489874601364,10.6,32.6,56.8,0.472,-0.808,1.6319974660873413,0.05637006089091301,9.6,21.2,69.2,0.472
576500,-0.74,0.7480295896530151,0.05175544694066048,13.0,20.4,66.6,0.4721,-0.756,2.1399025917053223,0.053528014570474625,12.2,29.2,58.6,0.4721,-0.736,2.072693347930908,0.0702778697013855,13.2,25.6,61.2,0.4721,-0.784,0.2104426771402359,0.05097325146198273,10.8,18.2,71.0,0.4721
577000,-0.784,0.3516087532043457,0.042088791728019714,10.8,21.0,68.2,0.4721,-0.7,4.367914199829102,0.10447511821985245,15.0,29.4,55.6,0.4721,-0.76,0.5207086801528931,0.03443555533885956,12.0,29.6,58.4,0.4721,-0.784,1.0336140394210815,0.06945591419935226,10.8,23.2,66.0,0.4721
577500,-0.756,0.9741923809051514,0.06446325778961182,12.2,22.0,65.8,0.4722,-0.708,1.2893893718719482,0.0752921849489212,14.6,28.8,56.6,0.4722,-0.764,0.5492702722549438,0.16173960268497467,11.8,25.8,62.4,0.4722,-0.828,1.659855604171753,0.036397866904735565,8.6,21.0,70.4,0.4722
578000,-0.704,0.6024453043937683,0.09411396086215973,14.8,15.4,69.8,0.4722,-0.724,0.7071117162704468,0.06619901955127716,13.8,29.6,56.6,0.4722,-0.72,0.6076630353927612,0.06048890948295593,14.0,24.8,61.2,0.4722,-0.824,0.4969136714935303,0.05160154402256012,8.8,17.6,73.6,0.4722
578500,-0.744,0.804116427898407,0.09102549403905869,12.8,19.0,68.2,0.4723,-0.784,0.7447351813316345,0.11417610943317413,10.8,27.2,62.0,0.4723,-0.776,0.620690107345581,0.1322408765554428,11.2,36.6,52.2,0.4723,-0.788,0.7407345771789551,0.13896557688713074,10.6,18.8,70.6,0.4723
579000,-0.74,0.784788966178894,0.0720551460981369,13.0,20.6,66.4,0.4724,-0.768,1.602375864982605,0.10647881776094437,11.6,25.4,63.0,0.4724,-0.78,0.7488259077072144,0.07700806856155396,11.0,27.0,62.0,0.4724,-0.744,0.665022611618042,0.06853749603033066,12.8,20.0,67.2,0.4724
579500,-0.68,0.8236187696456909,0.1289931982755661,16.0,19.6,64.4,0.4724,-0.756,0.4321567416191101,0.1121334508061409,12.2,28.6,59.2,0.4724,-0.78,1.1173838376998901,0.09866604208946228,11.0,31.2,57.8,0.4724,-0.764,0.4506601095199585,0.0563662014901638,11.8,20.4,67.8,0.4724
580000,-0.752,0.6994287967681885,0.04924025759100914,12.4,17.4,70.2,0.4725,-0.764,0.9634159207344055,0.12178992480039597,11.8,25.0,63.2,0.4725,-0.716,0.564428448677063,0.04060101509094238,14.2,26.8,59.0,0.4725,-0.776,0.8732712864875793,0.0624181367456913,11.2,18.0,70.8,0.4725
580500,-0.728,0.6392565965652466,0.09100490063428879,13.6,21.0,65.4,0.4726,-0.692,3.5133090019226074,0.06689003109931946,15.4,30.0,54.6,0.4726,-0.776,0.970402717590332,0.055809587240219116,11.2,30.0,58.8,0.4726,-0.772,0.5327680110931396,0.045894622802734375,11.4,21.8,66.8,0.4726
581000,-0.736,0.40465545654296875,0.06938100606203079,13.2,25.8,61.0,0.4726,-0.748,2.8523759841918945,0.08278211951255798,12.6,25.0,62.4,0.4726,-0.808,0.4501970410346985,0.13616804778575897,9.6,29.6,60.8,0.4726,-0.712,0.9530994296073914,0.0794893354177475,14.4,22.2,63.4,0.4726
581500,-0.78,1.0631375312805176,0.07507754117250443,11.0,21.4,67.6,0.4727,-0.764,4.247764587402344,0.09818901121616364,11.8,33.8,54.4,0.4727,-0.8,0.750301718711853,0.0714971199631691,10.0,28.6,61.4,0.4727,-0.76,0.7453429102897644,0.1106075868010521,12.0,20.2,67.8,0.4727
582000,-0.732,0.7900916337966919,0.05967598035931587,13.4,19.8,66.8,0.4727,-0.768,2.1146485805511475,0.14906761050224304,11.6,32.4,56.0,0.4727,-0.784,2.051851511001587,0.09961453825235367,10.8,33.0,56.2,0.4727,-0.756,0.492891401052475,0.047517143189907074,12.2,18.2,69.6,0.4727
582500,-0.732,0.4441946744918823,0.051014237105846405,13.4,19.6,67.0,0.4728,-0.784,0.3995608985424042,0.10001906752586365,10.8,27.6,61.6,0.4728,-0.736,1.7590529918670654,0.05785982310771942,13.2,28.4,58.4,0.4728,-0.764,1.337810754776001,0.06676035374403,11.8,19.2,69.0,0.4728
583000,-0.788,0.272582471370697,0.10785184800624847,10.6,21.4,68.0,0.4729,-0.728,1.7495747804641724,0.08984969556331635,13.6,30.2,56.2,0.4729,-0.764,0.7977880835533142,0.05307382345199585,11.8,29.4,58.8,0.4729,-0.748,0.28898027539253235,0.058187101036310196,12.6,22.2,65.2,0.4729
583500,-0.736,0.6456273794174194,0.0817447155714035,13.2,20.0,66.8,0.4729,-0.732,0.35825440287590027,0.17083445191383362,13.4,30.2,56.4,0.4729,-0.772,0.9937937259674072,0.03577534854412079,11.4,32.2,56.4,0.4729,-0.796,0.8672866821289062,0.037410929799079895,10.2,21.0,68.8,0.4729
584000,-0.8,0.4159267246723175,0.06842392683029175,10.0,18.6,71.4,0.473,-0.768,0.46087342500686646,0.0632832869887352,11.6,28.2,60.2,0.473,-0.76,0.8559908270835876,0.06305348873138428,12.0,27.2,60.8,0.473,-0.792,0.710886538028717,0.10099118947982788,10.4,22.8,66.8,0.473
584500,-0.756,1.0581932067871094,0.04136766865849495,12.2,18.8,69.0,0.4731,-0.788,0.9107497930526733,0.058459967374801636,10.6,26.8,62.6,0.4731,-0.82,0.9899935126304626,0.1099715530872345,9.0,32.8,58.2,0.4731,-0.804,0.47973883152008057,0.0725511908531189,9.8,24.0,66.2,0.4731
585000,-0.752,1.3150770664215088,0.04802402853965759,12.4,21.2,66.4,0.4731,-0.756,0.78062903881073,0.07078172266483307,12.2,22.2,65.6,0.4731,-0.768,0.7990307807922363,0.12273745983839035,11.6,32.2,56.2,0.4731,-0.768,0.7587599754333496,0.08784900605678558,11.6,19.0,69.4,0.4731
585500,-0.732,0.5762255191802979,0.05304672569036484,13.4,17.8,68.8,0.4732,-0.788,0.49775683879852295,0.13681097328662872,10.6,29.2,60.2,0.4732,-0.732,0.4814130961894989,0.09399063885211945,13.4,30.2,56.4,0.4732,-0.756,1.2192699909210205,0.08460578322410583,12.2,22.0,65.8,0.4732
586000,-0.68,0.4771426320075989,0.06833449006080627,16.0,20.4,63.6,0.4732,-0.716,3.403156042098999,0.0891285389661789,14.2,26.4,59.4,0.4732,-0.788,1.3325811624526978,0.07366769015789032,10.6,32.2,57.2,0.4732,-0.772,0.24875275790691376,0.06402964890003204,11.4,21.6,67.0,0.4732
586500,-0.736,0.7897955179214478,0.07140283286571503,13.2,20.0,66.8,0.4733,-0.78,2.3704984188079834,0.11283613741397858,11.0,25.6,63.4,0.4733,-0.764,0.5965240597724915,0.09230701625347137,11.8,31.0,57.2,0.4733,-0.74,0.6947473883628845,0.05241749435663223,13.0,20.2,66.8,0.4733
587000,-0.72,0.7953693866729736,0.044011399149894714,14.0,21.0,65.0,0.4734,-0.776,2.239975929260254,0.12812857329845428,11.2,24.4,64.4,0.4734,-0.76,0.32034918665885925,0.06278164684772491,12.0,31.8,56.2,0.4734,-0.804,0.8534788489341736,0.03216750547289848,9.8,23.4,66.8,0.4734
587500,-0.72,0.7310457825660706,0.06716606020927429,14.0,19.4,66.6,0.4734,-0.752,0.4643203616142273,0.0820058286190033,12.4,26.4,61.2,0.4734,-0.76,0.8170720338821411,0.11476434767246246,12.0,25.4,62.6,0.4734,-0.764,0.9192526936531067,0.024828137829899788,11.8,20.2,68.0,0.4734
588000,-0.744,0.6389974355697632,0.08089946210384369,12.8,21.8,65.4,0.4735,-0.764,2.62021541595459,0.08613147586584091,11.8,25.0,63.2,0.4735,-0.788,1.141940951347351,0.03817511349916458,10.6,29.8,59.6,0.4735,-0.756,0.5074659585952759,0.12801383435726166,12.2,22.2,65.6,0.4735
588500,-0.74,0.8875633478164673,0.09741504490375519,13.0,21.8,65.2,0.4736,-0.784,6.16322660446167,0.0970282107591629,10.8,27.8,61.4,0.4736,-0.768,0.7281886339187622,0.07188262045383453,11.6,28.6,59.8,0.4736,-0.788,0.48393261432647705,0.03586772829294205,10.6,19.6,69.8,0.4736
589000,-0.744,0.47742989659309387,0.1223611831665039,12.8,18.6,68.6,0.4736,-0.752,0.2981375455856323,0.09714873880147934,12.4,23.6,64.0,0.4736,-0.748,2.6177315711975098,0.07027144730091095,12.6,24.2,63.2,0.4736,-0.796,0.4380705952644348,0.11543090641498566,10.2,16.6,73.2,0.4736
589500,-0.76,0.5032639503479004,0.059186626225709915,12.0,21.4,66.6,0.4737,-0.752,0.5713545083999634,0.10675425827503204,12.4,26.2,61.4,0.4737,-0.808,1.1475414037704468,0.09248465299606323,9.6,30.0,60.4,0.4737,-0.836,0.6171859502792358,0.06895466893911362,8.2,19.2,72.6,0.4737
590000,-0.712,0.4193878173828125,0.12216408550739288,14.4,20.2,65.4,0.4737,-0.776,0.9048388600349426,0.07145824283361435,11.2,21.2,67.6,0.4737,-0.772,0.6214578747749329,0.07219771295785904,11.4,26.4,62.2,0.4737,-0.756,1.1942025423049927,0.06487975269556046,12.2,19.0,68.8,0.4737
590500,-0.776,0.6397852897644043,0.08137742429971695,11.2,24.4,64.4,0.4738,-0.756,0.3590116500854492,0.08438105881214142,12.2,25.4,62.4,0.4738,-0.764,0.8700433969497681,0.07259617745876312,11.8,27.2,61.0,0.4738,-0.796,0.8667370676994324,0.05924932658672333,10.2,20.8,69.0,0.4738
591000,-0.792,1.1096701622009277,0.1170535534620285,10.4,21.2,68.4,0.4739,-0.756,1.5904208421707153,0.06660886853933334,12.2,23.8,64.0,0.4739,-0.736,0.5979896187782288,0.044934071600437164,13.2,22.8,64.0,0.4739,-0.776,0.5682827830314636,0.04283636808395386,11.2,19.4,69.4,0.4739
591500,-0.76,0.5250999331474304,0.10070822387933731,12.0,19.2,68.8,0.4739,-0.728,0.602347731590271,0.10551929473876953,13.6,26.2,60.2,0.4739,-0.74,0.39527609944343567,0.1134939044713974,13.0,25.8,61.2,0.4739,-0.74,0.47142156958580017,0.06353406608104706,13.0,20.4,66.6,0.4739
592000,-0.748,0.452578067779541,0.14119882881641388,12.6,20.0,67.4,0.474,-0.764,0.8756868243217468,0.14422984421253204,11.8,21.6,66.6,0.474,-0.8,0.23010286688804626,0.09182710945606232,10.0,27.0,63.0,0.474,-0.74,0.26787084341049194,0.04639064520597458,13.0,16.2,70.8,0.474
592500,-0.736,0.24273112416267395,0.0980873703956604,13.2,17.6,69.2,0.4741,-0.76,0.34062278270721436,0.0982697606086731,12.0,30.4,57.6,0.4741,-0.808,0.7711338996887207,0.12146848440170288,9.6,23.6,66.8,0.4741,-0.7,0.39459604024887085,0.07448752224445343,15.0,21.6,63.4,0.4741
593000,-0.7,0.6867322325706482,0.09325962513685226,15.0,26.2,58.8,0.4741,-0.824,0.7690567970275879,0.06521472334861755,8.8,28.2,63.0,0.4741,-0.764,0.17402154207229614,0.07455942779779434,11.8,29.4,58.8,0.4741,-0.732,0.39485928416252136,0.044096581637859344,13.4,18.0,68.6,0.4741
593500,-0.72,0.4346155524253845,0.08698593080043793,14.0,19.6,66.4,0.4742,-0.736,3.5361433029174805,0.11263448745012283,13.2,21.4,65.4,0.4742,-0.788,0.5620570182800293,0.06519106030464172,10.6,26.2,63.2,0.4742,-0.812,0.6883192658424377,0.027928005903959274,9.4,18.6,72.0,0.4742
594000,-0.672,0.9076453447341919,0.0588860921561718,16.4,20.4,63.2,0.4742,-0.756,1.357568621635437,0.09658642113208771,12.2,27.6,60.2,0.4742,-0.732,1.3563361167907715,0.05465993285179138,13.4,27.8,58.8,0.4742,-0.76,0.6150556206703186,0.049985580146312714,12.0,19.4,68.6,0.4742
594500,-0.716,0.8442108631134033,0.0945851057767868,14.2,21.8,64.0,0.4743,-0.796,1.1295056343078613,0.12548048794269562,10.2,28.8,61.0,0.4743,-0.772,1.965340256690979,0.05361019819974899,11.4,32.0,56.6,0.4743,-0.772,1.351459264755249,0.05362348631024361,11.4,21.0,67.6,0.4743
595000,-0.7,1.3407087326049805,0.0927104726433754,15.0,20.6,64.4,0.4744,-0.752,0.47493329644203186,0.0927550345659256,12.4,25.8,61.8,0.4744,-0.732,3.2099123001098633,0.09802965819835663,13.4,28.4,58.2,0.4744,-0.768,0.392591655254364,0.08329002559185028,11.6,19.0,69.4,0.4744
595500,-0.788,0.6260846853256226,0.03104759380221367,10.6,17.6,71.8,0.4744,-0.796,0.6648293137550354,0.08012209832668304,10.2,23.6,66.2,0.4744,-0.74,0.4839985966682434,0.04950808733701706,13.0,26.6,60.4,0.4744,-0.764,0.4048195779323578,0.07310017943382263,11.8,17.8,70.4,0.4744
596000,-0.708,0.7090733051300049,0.06102437898516655,14.6,22.0,63.4,0.4745,-0.72,0.5751533508300781,0.11939168721437454,14.0,25.0,61.0,0.4745,-0.74,1.946734070777893,0.07760777324438095,13.0,26.6,60.4,0.4745,-0.772,0.8920260667800903,0.049099672585725784,11.4,24.4,64.2,0.4745
596500,-0.76,0.6573657393455505,0.07341650128364563,12.0,21.0,67.0,0.4746,-0.764,0.6420283317565918,0.07764902710914612,11.8,28.0,60.2,0.4746,-0.756,0.4595685303211212,0.06302925199270248,12.2,29.6,58.2,0.4746,-0.78,2.1205406188964844,0.024413568899035454,11.0,22.6,66.4,0.4746
597000,-0.728,0.535717248916626,0.12502199411392212,13.6,23.2,63.2,0.4746,-0.732,1.0343682765960693,0.09547629952430725,13.4,24.2,62.4,0.4746,-0.78,0.6860333681106567,0.07587327808141708,11.0,29.8,59.2,0.4746,-0.748,1.7426413297653198,0.05895325168967247,12.6,20.0,67.4,0.4746
597500,-0.772,0.36725249886512756,0.03933340311050415,11.4,20.6,68.0,0.4747,-0.796,3.84810733795166,0.1224091500043869,10.2,26.2,63.6,0.4747,-0.76,0.641176700592041,0.04235637187957764,12.0,24.6,63.4,0.4747,-0.784,0.4931259751319885,0.05457627400755882,10.8,24.4,64.8,0.4747
598000,-0.74,1.6244834661483765,0.0563255175948143,13.0,21.0,66.0,0.4747,-0.764,1.4133734703063965,0.06193046271800995,11.8,26.0,62.2,0.4747,-0.76,0.6904568672180176,0.03400706499814987,12.0,30.2,57.8,0.4747,-0.74,0.46522003412246704,0.07807455956935883,13.0,18.2,68.8,0.4747
598500,-0.768,0.6170381903648376,0.07570397108793259,11.6,19.4,69.0,0.4748,-0.74,1.6431363821029663,0.04257086291909218,13.0,31.2,55.8,0.4748,-0.776,0.36752426624298096,0.04966661334037781,11.2,27.2,61.6,0.4748,-0.784,0.672688901424408,0.026132486760616302,10.8,19.2,70.0,0.4748
599000,-0.732,0.6178547143936157,0.0602831207215786,13.4,18.0,68.6,0.4749,-0.736,0.2537790834903717,0.13175977766513824,13.2,26.2,60.6,0.4749,-0.752,0.6359508037567139,0.06367839872837067,12.4,25.6,62.0,0.4749,-0.764,0.7680211663246155,0.074086993932724,11.8,20.8,67.4,0.4749
599500,-0.728,1.0308737754821777,0.06423752754926682,13.6,17.8,68.6,0.4749,-0.728,0.3352891802787781,0.046531811356544495,13.6,26.0,60.4,0.4749,-0.792,0.8647648692131042,0.06103023886680603,10.4,30.4,59.2,0.4749,-0.752,1.6007080078125,0.06984667479991913,12.4,21.6,66.0,0.4749
600000,-0.728,0.43660008907318115,0.06259265542030334,13.6,21.0,65.4,0.475,-0.752,0.5030564665794373,0.04402715712785721,12.4,30.8,56.8,0.475,-0.764,0.6770118474960327,0.08837754279375076,11.8,27.8,60.4,0.475,-0.796,0.4669281840324402,0.04551737755537033,10.2,20.6,69.2,0.475
